-- ----------------------------------------------------------
-- ----------------------------------------------------------
-- Script :        FlixNet_ScriptDonnee.sql
-- Database:       FlixNet
-- Date de maj :   14 nov. 2019
-- Version :       1.0
-- Auteur :        Arthur Verdon (AVD)
-- Contributeurs : -
-- Modif :         Création du fichier / AVD

-- ----------------------------------------------------------
-- ----------------------------------------------------------
USE Flixnet;

-- SUPPRESSION DU CONTENU

DELETE FROM LngCnt;
DELETE FROM GnrCnt;
DELETE FROM Review;
DELETE FROM Documentaire;
DELETE FROM Profil;
DELETE FROM Compte;
DELETE FROM Trailer;
DELETE FROM ActEps;
DELETE FROM Episode;
DELETE FROM Saison;
DELETE FROM SerieTV;
DELETE FROM ActFilm;
DELETE FROM Film;
DELETE FROM Acteur;
DELETE FROM Langue;
DELETE FROM Genre;
DELETE FROM Contenu;
DELETE FROM CategorieAge;
GO



/* CONTENU */

-- Table Langue
insert into Langue values
	('English'),
	('Français'),
	('Deutsch'),
	('Italiano'),
	('Español'),
	('Português ');

-- Table Genre
insert into Genre values 
	('Action'),
	('Adventure'),
	('Animated'),
	('Biography'),
	('Comedy'),
	('Crime'),
	('Dance'),
	('Disaster'),
	('Documentary'),
	('Drama'),
	('Erotic'),
	('Family'),
	('Fantasy'),
	('Found Footage'),
	('Historical'),
	('Horror'),
	('Independent'),
	('Legal'),
	('Live Action'),
	('Martial Arts'),
	('Musical'),
	('Mystery'),
	('Noir'),
	('Performance'),
	('Political'),
	('Romance'),
	('Satire'),
	('Science Fiction'),
	('Short'),
	('Silent'),
	('Slasher'),
	('Sports'),
	('Spy'),
	('Superhero'),
	('Supernatural'),
	('Suspense'),
	('Teen'),
	('Thriller'),
	('War'),
	('Western');

-- Table CategorieAge
insert into CategorieAge values
	('No restrictions: Suitable for all ages', 1, 12),
	('No restrictions: Parental guidance is suggested', 1, 12),
	('No restrictions: Not recommended', 13, 16),
	('Restricted: Parental accompaniment required', 16, 17),
	('Prohibitive: Exclusively for older audience', 18, 99);

-- Table Contenu

/* --- DOC CONTENT */
insert into Contenu (titre, descriptif, realisateur, producteur, ctgagenom) values ('Hundred and One Nights, A (Cent et une nuits de Simon Cinéma, Les)', 'Integer tincidunt ante vel ipsum. Praesent blandit lacinia erat.', 'Pavla Arnholtz', 'Mallory Coneybeare', 'Prohibitive: Exclusively for older audience');
insert into Contenu (titre, descriptif, realisateur, producteur, ctgagenom) values ('Green Ice', 'Vestibulum quam sapien, varius ut, blandit non, interdum in, ante. Vestibulum ante ipsum primis in faucibus orci luctus et ultrices posuere cubilia Curae; Duis faucibus accumsan odio.', 'Layla Gladeche', 'Sherman Hurlestone', 'Prohibitive: Exclusively for older audience');
insert into Contenu (titre, descriptif, realisateur, producteur, ctgagenom) values ('12', 'Fusce lacus purus, aliquet at, feugiat non, pretium quis, lectus.', 'Jaquith Detloff', 'Frasier Engelbrecht', 'No restrictions: Parental guidance is suggested');
insert into Contenu (titre, descriptif, realisateur, producteur, ctgagenom) values ('World Unseen, The', 'Nulla tellus. In sagittis dui vel nisl.', 'Marigold Crosson', 'Trenna McGunley', 'No restrictions: Parental guidance is suggested');
insert into Contenu (titre, descriptif, realisateur, producteur, ctgagenom) values ('Astronaut''s Wife, The', 'Mauris sit amet eros. Suspendisse accumsan tortor quis turpis.', 'Sonni Raymen', 'Elden Rose', 'No restrictions: Suitable for all ages');
insert into Contenu (titre, descriptif, realisateur, producteur, ctgagenom) values ('Seraphim Falls', 'Duis ac nibh.', 'Cody Pharo', 'Abbey Benesevich', 'Prohibitive: Exclusively for older audience');
insert into Contenu (titre, descriptif, realisateur, producteur, ctgagenom) values ('Pekko ja unissakävelijä', 'Cras mi pede, malesuada in, imperdiet et, commodo vulputate, justo.', 'Spenser Randles', 'Louis De Bell', 'Prohibitive: Exclusively for older audience');
insert into Contenu (titre, descriptif, realisateur, producteur, ctgagenom) values ('Human Lanterns (Ren pi deng long)', 'Nulla tellus. In sagittis dui vel nisl.', 'Terra Giroldi', 'Lauree Bette', 'No restrictions: Parental guidance is suggested');
insert into Contenu (titre, descriptif, realisateur, producteur, ctgagenom) values ('Red Garters', 'Fusce lacus purus, aliquet at, feugiat non, pretium quis, lectus.', 'Curr Holdron', 'Shina Wistance', 'No restrictions: Suitable for all ages');
insert into Contenu (titre, descriptif, realisateur, producteur, ctgagenom) values ('Brother Orchid', 'Donec odio justo, sollicitudin ut, suscipit a, feugiat et, eros. Vestibulum ac est lacinia nisi venenatis tristique.', 'Base Kendall', 'Harper Semon', 'No restrictions: Suitable for all ages');
insert into Contenu (titre, descriptif, realisateur, producteur, ctgagenom) values ('The Dust Bowl', 'Mauris lacinia sapien quis libero.', 'Gino Lilleman', 'Kacy Beidebeke', 'Prohibitive: Exclusively for older audience');
insert into Contenu (titre, descriptif, realisateur, producteur, ctgagenom) values ('Pearls of the Crown, The (Les perles de la couronne)', 'Fusce congue, diam id ornare imperdiet, sapien urna pretium nisl, ut volutpat sapien arcu sed augue.', 'Quillan Caroll', 'Patsy Benedetti', 'No restrictions: Parental guidance is suggested');
insert into Contenu (titre, descriptif, realisateur, producteur, ctgagenom) values ('Dreamers, The', 'Nullam molestie nibh in lectus. Pellentesque at nulla.', 'Aaron Ossenna', 'Tobias Kellington', 'Restricted: Parental accompaniment required');
insert into Contenu (titre, descriptif, realisateur, producteur, ctgagenom) values ('Red Baron, The (Der rote Baron)', 'Morbi ut odio. Cras mi pede, malesuada in, imperdiet et, commodo vulputate, justo.', 'Timothee Stedson', 'Cissiee Bartholomew', 'No restrictions: Parental guidance is suggested');
insert into Contenu (titre, descriptif, realisateur, producteur, ctgagenom) values ('Five Graves to Cairo', 'Morbi a ipsum.', 'Ignaz Manser', 'Mal Fasey', 'No restrictions: Not recommended');
insert into Contenu (titre, descriptif, realisateur, producteur, ctgagenom) values ('Haunting, The', 'Sed vel enim sit amet nunc viverra dapibus.', 'Sheppard Top', 'Idette Petricek', 'No restrictions: Not recommended');
insert into Contenu (titre, descriptif, realisateur, producteur, ctgagenom) values ('Quest for Fire (Guerre du feu, La)', 'In tempor, turpis nec euismod scelerisque, quam turpis adipiscing lorem, vitae mattis nibh ligula nec sem. Duis aliquam convallis nunc.', 'Joelle Rigmond', 'Kevon Bond', 'No restrictions: Not recommended');
insert into Contenu (titre, descriptif, realisateur, producteur, ctgagenom) values ('London River', 'Nulla tempus. Vivamus in felis eu sapien cursus vestibulum.', 'Genvieve Nowak', 'Gypsy Delve', 'Prohibitive: Exclusively for older audience');
insert into Contenu (titre, descriptif, realisateur, producteur, ctgagenom) values ('Born American', 'Suspendisse potenti.', 'Daile Stanney', 'Petronella MacAloren', 'No restrictions: Suitable for all ages');
insert into Contenu (titre, descriptif, realisateur, producteur, ctgagenom) values ('Fullmetal Alchemist: The Sacred Star of Milos', 'Suspendisse ornare consequat lectus. In est risus, auctor sed, tristique in, tempus sit amet, sem.', 'Eugenius Attwool', 'Quint Rozzell', 'No restrictions: Not recommended');
insert into Contenu (titre, descriptif, realisateur, producteur, ctgagenom) values ('Once a Thief (Zong heng si hai)', 'Nulla suscipit ligula in lacus. Curabitur at ipsum ac tellus semper interdum.', 'Lem Labet', 'Ingelbert Edgeon', 'No restrictions: Not recommended');
insert into Contenu (titre, descriptif, realisateur, producteur, ctgagenom) values ('Simpatico', 'Integer a nibh. In quis justo.', 'Gothart Ollie', 'Hobard Jupe', 'No restrictions: Suitable for all ages');
insert into Contenu (titre, descriptif, realisateur, producteur, ctgagenom) values ('Queen: Days of Our Lives', 'Vestibulum quam sapien, varius ut, blandit non, interdum in, ante. Vestibulum ante ipsum primis in faucibus orci luctus et ultrices posuere cubilia Curae; Duis faucibus accumsan odio.', 'Thaine Strood', 'Northrop Bentson', 'No restrictions: Not recommended');
insert into Contenu (titre, descriptif, realisateur, producteur, ctgagenom) values ('Key, The', 'Vestibulum ante ipsum primis in faucibus orci luctus et ultrices posuere cubilia Curae; Mauris viverra diam vitae quam.', 'Brennen Gallagher', 'Keri Kenewel', 'No restrictions: Not recommended');
insert into Contenu (titre, descriptif, realisateur, producteur, ctgagenom) values ('Enemy Below, The', 'Duis mattis egestas metus.', 'Georgianna Ritch', 'Keith Dillinton', 'Prohibitive: Exclusively for older audience');
insert into Contenu (titre, descriptif, realisateur, producteur, ctgagenom) values ('Still Breathing', 'Phasellus sit amet erat.', 'Chadwick Jagiela', 'Mord Opie', 'No restrictions: Parental guidance is suggested');
insert into Contenu (titre, descriptif, realisateur, producteur, ctgagenom) values ('Payment Deferred', 'Morbi odio odio, elementum eu, interdum eu, tincidunt in, leo.', 'Artair Wasiela', 'Rani Golsworthy', 'No restrictions: Suitable for all ages');
insert into Contenu (titre, descriptif, realisateur, producteur, ctgagenom) values ('Lady Oscar', 'Vivamus metus arcu, adipiscing molestie, hendrerit at, vulputate vitae, nisl. Aenean lectus.', 'Ricky Petricek', 'Peta Rushford', 'Prohibitive: Exclusively for older audience');
insert into Contenu (titre, descriptif, realisateur, producteur, ctgagenom) values ('Notorious', 'Donec ut mauris eget massa tempor convallis.', 'Aldus Abbett', 'Dyane Morin', 'Prohibitive: Exclusively for older audience');
insert into Contenu (titre, descriptif, realisateur, producteur, ctgagenom) values ('Golden Thread, The (Subarnarekha)', 'Curabitur gravida nisi at nibh. In hac habitasse platea dictumst.', 'Giana Bickle', 'Jodie Shilston', 'Prohibitive: Exclusively for older audience');
insert into Contenu (titre, descriptif, realisateur, producteur, ctgagenom) values ('Cross of Iron', 'Maecenas leo odio, condimentum id, luctus nec, molestie sed, justo. Pellentesque viverra pede ac diam.', 'Frannie Moukes', 'Marylinda Gorring', 'No restrictions: Suitable for all ages');
insert into Contenu (titre, descriptif, realisateur, producteur, ctgagenom) values ('Rulers of the City', 'Mauris ullamcorper purus sit amet nulla.', 'Halsey Inglese', 'Harri Grodden', 'Restricted: Parental accompaniment required');
insert into Contenu (titre, descriptif, realisateur, producteur, ctgagenom) values ('Dead Like Me: Life After Death', 'Morbi a ipsum.', 'Debra Canner', 'Chas Stoker', 'No restrictions: Suitable for all ages');
insert into Contenu (titre, descriptif, realisateur, producteur, ctgagenom) values ('Land That Time Forgot, The', 'Duis mattis egestas metus.', 'Francisca Duckerin', 'Shandeigh Dalziel', 'Restricted: Parental accompaniment required');
insert into Contenu (titre, descriptif, realisateur, producteur, ctgagenom) values ('Five Star Final', 'In blandit ultrices enim.', 'Maury Heiden', 'Loy Dressel', 'Prohibitive: Exclusively for older audience');
insert into Contenu (titre, descriptif, realisateur, producteur, ctgagenom) values ('The Trap', 'Duis bibendum, felis sed interdum venenatis, turpis enim blandit mi, in porttitor pede justo eu massa.', 'Paquito Seaman', 'Quinton Gulc', 'No restrictions: Not recommended');
insert into Contenu (titre, descriptif, realisateur, producteur, ctgagenom) values ('All in a Night''s Work', 'Suspendisse potenti.', 'Lilia Furman', 'Margret Gotter', 'No restrictions: Not recommended');
insert into Contenu (titre, descriptif, realisateur, producteur, ctgagenom) values ('Nomad (Köshpendiler)', 'Suspendisse potenti.', 'Bat Du Barry', 'Millisent Clewlow', 'No restrictions: Not recommended');
insert into Contenu (titre, descriptif, realisateur, producteur, ctgagenom) values ('Friends with Benefits', 'Phasellus in felis.', 'Ted Zapatero', 'Jerrylee Hanning', 'No restrictions: Parental guidance is suggested');
insert into Contenu (titre, descriptif, realisateur, producteur, ctgagenom) values ('Floods of Fear', 'Ut at dolor quis odio consequat varius.', 'Ahmad Goncaves', 'Gaspard Andrzejak', 'No restrictions: Suitable for all ages');
insert into Contenu (titre, descriptif, realisateur, producteur, ctgagenom) values ('Born Romantic', 'In hac habitasse platea dictumst.', 'Alaine Cozby', 'Joana Greneham', 'Restricted: Parental accompaniment required');
insert into Contenu (titre, descriptif, realisateur, producteur, ctgagenom) values ('Naked Jungle, The', 'Nulla neque libero, convallis eget, eleifend luctus, ultricies eu, nibh.', 'Felike Wrightham', 'Filberto Skewis', 'Prohibitive: Exclusively for older audience');
insert into Contenu (titre, descriptif, realisateur, producteur, ctgagenom) values ('Last Call at the Oasis', 'Vestibulum rutrum rutrum neque.', 'Guglielmo Mathon', 'Jessalin Hinkins', 'No restrictions: Not recommended');
insert into Contenu (titre, descriptif, realisateur, producteur, ctgagenom) values ('Bubba Ho-tep', 'Nulla nisl. Nunc nisl.', 'Kathye Slot', 'Fernandina Banaszczyk', 'No restrictions: Not recommended');
insert into Contenu (titre, descriptif, realisateur, producteur, ctgagenom) values ('No Direction Home: Bob Dylan', 'Nam ultrices, libero non mattis pulvinar, nulla pede ullamcorper augue, a suscipit nulla elit ac nulla. Sed vel enim sit amet nunc viverra dapibus.', 'Emmeline Bulleyn', 'Vern Lamden', 'No restrictions: Suitable for all ages');
insert into Contenu (titre, descriptif, realisateur, producteur, ctgagenom) values ('Danny Deckchair', 'Nam tristique tortor eu pede.', 'Roselin Keher', 'Audrie Tuddenham', 'No restrictions: Not recommended');
insert into Contenu (titre, descriptif, realisateur, producteur, ctgagenom) values ('Kagi (Odd Obsession)', 'Donec vitae nisi.', 'Gabie Kite', 'Hephzibah Naisbitt', 'No restrictions: Not recommended');
insert into Contenu (titre, descriptif, realisateur, producteur, ctgagenom) values ('28 Days Later', 'Quisque id justo sit amet sapien dignissim vestibulum. Vestibulum ante ipsum primis in faucibus orci luctus et ultrices posuere cubilia Curae; Nulla dapibus dolor vel est.', 'Spense Bezemer', 'Nichol Bru', 'No restrictions: Parental guidance is suggested');
insert into Contenu (titre, descriptif, realisateur, producteur, ctgagenom) values ('Wishmaster 3: Beyond the Gates of Hell', 'Duis bibendum. Morbi non quam nec dui luctus rutrum.', 'Lizabeth Headey', 'Gayler Winslet', 'No restrictions: Suitable for all ages');
insert into Contenu (titre, descriptif, realisateur, producteur, ctgagenom) values ('I''m the One That I Want', 'Nulla nisl.', 'Niki Stroban', 'Ody Absolon', 'No restrictions: Suitable for all ages');
insert into Contenu (titre, descriptif, realisateur, producteur, ctgagenom) values ('Breach', 'Cum sociis natoque penatibus et magnis dis parturient montes, nascetur ridiculus mus.', 'Gilbert Fforde', 'Thia Crofthwaite', 'No restrictions: Not recommended');
insert into Contenu (titre, descriptif, realisateur, producteur, ctgagenom) values ('Sinbad: Legend of the Seven Seas', 'Sed vel enim sit amet nunc viverra dapibus. Nulla suscipit ligula in lacus.', 'Frazier Plunket', 'Cullan Hubbucke', 'No restrictions: Not recommended');
insert into Contenu (titre, descriptif, realisateur, producteur, ctgagenom) values ('Black Heaven (L''autre monde) (Other World, The)', 'Proin interdum mauris non ligula pellentesque ultrices. Phasellus id sapien in sapien iaculis congue.', 'Normy Tugwell', 'Yvor Hicken', 'No restrictions: Not recommended');
insert into Contenu (titre, descriptif, realisateur, producteur, ctgagenom) values ('Funeral Parade of Roses (Bara no sôretsu)', 'Nulla neque libero, convallis eget, eleifend luctus, ultricies eu, nibh.', 'Loydie Rowdell', 'Farrel Frank', 'Restricted: Parental accompaniment required');
insert into Contenu (titre, descriptif, realisateur, producteur, ctgagenom) values ('Gladiator', 'Fusce posuere felis sed lacus. Morbi sem mauris, laoreet ut, rhoncus aliquet, pulvinar sed, nisl.', 'Federico Robinett', 'Adena Winley', 'No restrictions: Not recommended');
insert into Contenu (titre, descriptif, realisateur, producteur, ctgagenom) values ('Brief Interviews with Hideous Men', 'Vestibulum rutrum rutrum neque. Aenean auctor gravida sem.', 'Mireielle Ashtonhurst', 'Hadria Gerardet', 'No restrictions: Not recommended');
insert into Contenu (titre, descriptif, realisateur, producteur, ctgagenom) values ('Wildflowers', 'Lorem ipsum dolor sit amet, consectetuer adipiscing elit. Proin interdum mauris non ligula pellentesque ultrices.', 'Sly Scawen', 'Skyler Keniwell', 'Prohibitive: Exclusively for older audience');
insert into Contenu (titre, descriptif, realisateur, producteur, ctgagenom) values ('Eye, The', 'In hac habitasse platea dictumst.', 'Elane Popplestone', 'Waylin Sacco', 'No restrictions: Suitable for all ages');
insert into Contenu (titre, descriptif, realisateur, producteur, ctgagenom) values ('Delicatessen', 'Morbi non lectus.', 'Arlette Wareing', 'Carol-jean Lerohan', 'Prohibitive: Exclusively for older audience');
insert into Contenu (titre, descriptif, realisateur, producteur, ctgagenom) values ('Zero de conduite (Zero for Conduct) (Zéro de conduite: Jeunes diables au collège)', 'Curabitur gravida nisi at nibh. In hac habitasse platea dictumst.', 'Roth Risson', 'Ranique Pasticznyk', 'Prohibitive: Exclusively for older audience');
insert into Contenu (titre, descriptif, realisateur, producteur, ctgagenom) values ('Dream Demon', 'Integer non velit.', 'Angeli Sacher', 'Bennie Melton', 'No restrictions: Not recommended');
insert into Contenu (titre, descriptif, realisateur, producteur, ctgagenom) values ('247°F ', 'Morbi porttitor lorem id ligula. Suspendisse ornare consequat lectus.', 'Terra Leedes', 'Buckie Borlease', 'No restrictions: Parental guidance is suggested');
insert into Contenu (titre, descriptif, realisateur, producteur, ctgagenom) values ('Dark Dungeons', 'Ut tellus.', 'Karilynn McDaid', 'Wakefield Catford', 'No restrictions: Parental guidance is suggested');
insert into Contenu (titre, descriptif, realisateur, producteur, ctgagenom) values ('Supergirl', 'Integer ac leo. Pellentesque ultrices mattis odio.', 'Dom Dugan', 'Clemmy Jostan', 'Prohibitive: Exclusively for older audience');
insert into Contenu (titre, descriptif, realisateur, producteur, ctgagenom) values ('Shot in the Heart', 'Nullam orci pede, venenatis non, sodales sed, tincidunt eu, felis. Fusce posuere felis sed lacus.', 'Mose Dzenisenka', 'Glyn Bignell', 'No restrictions: Not recommended');
insert into Contenu (titre, descriptif, realisateur, producteur, ctgagenom) values ('Champion, The', 'Fusce lacus purus, aliquet at, feugiat non, pretium quis, lectus.', 'Abbe Windrum', 'Jabez Malley', 'No restrictions: Parental guidance is suggested');
insert into Contenu (titre, descriptif, realisateur, producteur, ctgagenom) values ('Our Vines Have Tender Grapes', 'Praesent blandit lacinia erat.', 'Carce Djurkovic', 'Rinaldo McGahy', 'No restrictions: Suitable for all ages');
insert into Contenu (titre, descriptif, realisateur, producteur, ctgagenom) values ('Four Ways Out', 'Vestibulum ante ipsum primis in faucibus orci luctus et ultrices posuere cubilia Curae; Donec pharetra, magna vestibulum aliquet ultrices, erat tortor sollicitudin mi, sit amet lobortis sapien sapien non mi. Integer ac neque.', 'Yetty Guiett', 'Hubie Freegard', 'Restricted: Parental accompaniment required');
insert into Contenu (titre, descriptif, realisateur, producteur, ctgagenom) values ('Will', 'Phasellus sit amet erat. Nulla tempus.', 'Kati Kristufek', 'Vinny Bossom', 'No restrictions: Parental guidance is suggested');
insert into Contenu (titre, descriptif, realisateur, producteur, ctgagenom) values ('Zeisters (Fat Guy Goes Nutzoid)', 'Donec vitae nisi.', 'Jacquelyn Primo', 'Peyter Haselwood', 'No restrictions: Not recommended');
insert into Contenu (titre, descriptif, realisateur, producteur, ctgagenom) values ('High Tension (Haute tension) (Switchblade Romance)', 'Donec ut dolor. Morbi vel lectus in quam fringilla rhoncus.', 'Sandi Tungay', 'Tucky Adamov', 'Restricted: Parental accompaniment required');
insert into Contenu (titre, descriptif, realisateur, producteur, ctgagenom) values ('Nobody Else But You (Poupoupidou)', 'Cum sociis natoque penatibus et magnis dis parturient montes, nascetur ridiculus mus. Etiam vel augue.', 'Gan Rexworthy', 'Olympia Herche', 'Restricted: Parental accompaniment required');
insert into Contenu (titre, descriptif, realisateur, producteur, ctgagenom) values ('Thunderbirds Are GO', 'Suspendisse potenti.', 'Cart Cumbers', 'Emmy Tabner', 'No restrictions: Parental guidance is suggested');
insert into Contenu (titre, descriptif, realisateur, producteur, ctgagenom) values ('Farmer''s Wife, The', 'Curabitur in libero ut massa volutpat convallis.', 'Kellina Fewell', 'Binni Rankin', 'No restrictions: Parental guidance is suggested');
insert into Contenu (titre, descriptif, realisateur, producteur, ctgagenom) values ('Inconvenient Tax, An', 'Aliquam sit amet diam in magna bibendum imperdiet.', 'Shep Looker', 'Bess Kellough', 'Restricted: Parental accompaniment required');
insert into Contenu (titre, descriptif, realisateur, producteur, ctgagenom) values ('Once Upon a Time in Anatolia (Bir zamanlar Anadolu''da)', 'Duis ac nibh.', 'Blisse Ferreras', 'Mariejeanne Burdin', 'No restrictions: Parental guidance is suggested');
insert into Contenu (titre, descriptif, realisateur, producteur, ctgagenom) values ('Cave of Forgotten Dreams', 'Integer aliquet, massa id lobortis convallis, tortor risus dapibus augue, vel accumsan tellus nisi eu orci.', 'Sabrina Boice', 'Darsie Kenwyn', 'Prohibitive: Exclusively for older audience');
insert into Contenu (titre, descriptif, realisateur, producteur, ctgagenom) values ('Shaft', 'Donec semper sapien a libero.', 'Lilas Balleine', 'Cassaundra Harrington', 'No restrictions: Not recommended');
insert into Contenu (titre, descriptif, realisateur, producteur, ctgagenom) values ('Four Christmases', 'Proin eu mi. Nulla ac enim.', 'Elianore Poynton', 'Jenn Mourge', 'Restricted: Parental accompaniment required');
insert into Contenu (titre, descriptif, realisateur, producteur, ctgagenom) values ('Urusei Yatsura Movie 2: Beautiful Dreamer (Urusei Yatsura 2: Byûtifuru dorîmâ)', 'Pellentesque ultrices mattis odio. Donec vitae nisi.', 'Albrecht Monkman', 'Florencia Lodford', 'No restrictions: Suitable for all ages');
insert into Contenu (titre, descriptif, realisateur, producteur, ctgagenom) values ('Fair Game', 'Aliquam sit amet diam in magna bibendum imperdiet.', 'Madelina Dawton', 'Reggie Drewery', 'Prohibitive: Exclusively for older audience');
insert into Contenu (titre, descriptif, realisateur, producteur, ctgagenom) values ('Citizen Dog (Mah nakorn)', 'Duis bibendum. Morbi non quam nec dui luctus rutrum.', 'Audrey Abrams', 'Darius Plaunch', 'Restricted: Parental accompaniment required');
insert into Contenu (titre, descriptif, realisateur, producteur, ctgagenom) values ('New Year''s Eve', 'Mauris ullamcorper purus sit amet nulla.', 'Abbi Elward', 'Natka Tiner', 'No restrictions: Parental guidance is suggested');
insert into Contenu (titre, descriptif, realisateur, producteur, ctgagenom) values ('Richard III', 'Morbi non lectus.', 'Roma Cobleigh', 'Reggie Wooton', 'No restrictions: Suitable for all ages');
insert into Contenu (titre, descriptif, realisateur, producteur, ctgagenom) values ('Way We Laughed, The (Così Ridevano)', 'Quisque porta volutpat erat. Quisque erat eros, viverra eget, congue eget, semper rutrum, nulla.', 'Milli Olwen', 'Moshe Jarrett', 'No restrictions: Not recommended');
insert into Contenu (titre, descriptif, realisateur, producteur, ctgagenom) values ('Edvard Munch', 'Duis bibendum, felis sed interdum venenatis, turpis enim blandit mi, in porttitor pede justo eu massa. Donec dapibus.', 'Micki Missington', 'Seumas Pabst', 'No restrictions: Not recommended');
insert into Contenu (titre, descriptif, realisateur, producteur, ctgagenom) values ('Mean Girls 2', 'Aliquam sit amet diam in magna bibendum imperdiet. Nullam orci pede, venenatis non, sodales sed, tincidunt eu, felis.', 'Harli Swane', 'Ware Tripp', 'No restrictions: Not recommended');
insert into Contenu (titre, descriptif, realisateur, producteur, ctgagenom) values ('Kid, The', 'Nunc purus. Phasellus in felis.', 'Alison Guyer', 'Jilli Frensche', 'Restricted: Parental accompaniment required');
insert into Contenu (titre, descriptif, realisateur, producteur, ctgagenom) values ('Cheerleaders, The', 'Nulla suscipit ligula in lacus.', 'Carlos Deem', 'Margette Jerisch', 'No restrictions: Parental guidance is suggested');
insert into Contenu (titre, descriptif, realisateur, producteur, ctgagenom) values ('Possession, The', 'Aliquam sit amet diam in magna bibendum imperdiet. Nullam orci pede, venenatis non, sodales sed, tincidunt eu, felis.', 'Hodge Onthank', 'Jeremy Benns', 'No restrictions: Not recommended');
insert into Contenu (titre, descriptif, realisateur, producteur, ctgagenom) values ('Machete Maidens Unleashed!', 'Aenean lectus. Pellentesque eget nunc.', 'Erhard Castellino', 'Ola Whyberd', 'No restrictions: Not recommended');
insert into Contenu (titre, descriptif, realisateur, producteur, ctgagenom) values ('Deadline - U.S.A.', 'Nulla justo.', 'Lynnelle Flaunier', 'Brant Reily', 'Prohibitive: Exclusively for older audience');
insert into Contenu (titre, descriptif, realisateur, producteur, ctgagenom) values ('Planet of the Vampires (Terrore nello spazio)', 'Morbi odio odio, elementum eu, interdum eu, tincidunt in, leo.', 'Tera Emanulsson', 'Gregoor Stute', 'No restrictions: Suitable for all ages');
insert into Contenu (titre, descriptif, realisateur, producteur, ctgagenom) values ('History of Hell (Rosas Höllenfahrt)', 'In eleifend quam a odio.', 'Lacie Benian', 'Natassia Szach', 'No restrictions: Not recommended');
insert into Contenu (titre, descriptif, realisateur, producteur, ctgagenom) values ('Gothika', 'In tempor, turpis nec euismod scelerisque, quam turpis adipiscing lorem, vitae mattis nibh ligula nec sem.', 'Evita Shine', 'Darda Spray', 'No restrictions: Not recommended');
insert into Contenu (titre, descriptif, realisateur, producteur, ctgagenom) values ('Stranger by the Lake (L''inconnu du lac)', 'Pellentesque viverra pede ac diam.', 'Bunni Craigie', 'Maggee Pattington', 'No restrictions: Suitable for all ages');
insert into Contenu (titre, descriptif, realisateur, producteur, ctgagenom) values ('Crips and Bloods: Made in America', 'Mauris enim leo, rhoncus sed, vestibulum sit amet, cursus id, turpis. Integer aliquet, massa id lobortis convallis, tortor risus dapibus augue, vel accumsan tellus nisi eu orci.', 'Lenci Perroni', 'Adler Gainforth', 'No restrictions: Suitable for all ages');
insert into Contenu (titre, descriptif, realisateur, producteur, ctgagenom) values ('Happy End', 'Integer pede justo, lacinia eget, tincidunt eget, tempus vel, pede. Morbi porttitor lorem id ligula.', 'Mayer Kinmond', 'Margaret Wallis', 'Prohibitive: Exclusively for older audience');
insert into Contenu (titre, descriptif, realisateur, producteur, ctgagenom) values ('Louis C.K.: Chewed Up', 'Maecenas pulvinar lobortis est. Phasellus sit amet erat.', 'Othello Sjollema', 'Christie Lothlorien', 'No restrictions: Suitable for all ages');

/* --- MOVIE CONTENT */
insert into Contenu (Titre, Descriptif, Realisateur, Producteur, CtgAgeNom) values ('Seed', 'Cum sociis natoque penatibus et magnis dis parturient montes, nascetur ridiculus mus.', 'Pascale Phripp', 'Minnie Elfes', 'Prohibitive: Exclusively for older audience');
insert into Contenu (Titre, Descriptif, Realisateur, Producteur, CtgAgeNom) values ('Colt 38 Special Squad', 'Donec ut mauris eget massa tempor convallis.', 'Vannie Matuszewski', 'Carie Ilden', 'No restrictions: Parental guidance is suggested');
insert into Contenu (Titre, Descriptif, Realisateur, Producteur, CtgAgeNom) values ('Mumia Abu-Jamal: A Case for Reasonable Doubt?', 'Vestibulum quam sapien, varius ut, blandit non, interdum in, ante.', 'Susy Castellaccio', 'Georgeta Hawarden', 'Restricted: Parental accompaniment required');
insert into Contenu (Titre, Descriptif, Realisateur, Producteur, CtgAgeNom) values ('Assault, The (Aanslag, De)', 'Vestibulum ac est lacinia nisi venenatis tristique.', 'Brantley Winslade', 'Lorette Keaves', 'No restrictions: Parental guidance is suggested');
insert into Contenu (Titre, Descriptif, Realisateur, Producteur, CtgAgeNom) values ('Are All Men Pedophiles', 'Fusce lacus purus, aliquet at, feugiat non, pretium quis, lectus.', 'Georgena McShirrie', 'Blakelee Cawood', 'No restrictions: Suitable for all ages');
insert into Contenu (Titre, Descriptif, Realisateur, Producteur, CtgAgeNom) values ('Happy New Year (La Bonne Année)', 'Proin risus. Praesent lectus.', 'Mandi Epine', 'Albie Pennoni', 'No restrictions: Suitable for all ages');
insert into Contenu (Titre, Descriptif, Realisateur, Producteur, CtgAgeNom) values ('To the Sea (Alamar)', 'Vestibulum ante ipsum primis in faucibus orci luctus et ultrices posuere cubilia Curae; Donec pharetra, magna vestibulum aliquet ultrices, erat tortor sollicitudin mi, sit amet lobortis sapien sapien non mi. Integer ac neque.', 'Dani Dudenie', 'Demetra Holberry', 'No restrictions: Suitable for all ages');
insert into Contenu (Titre, Descriptif, Realisateur, Producteur, CtgAgeNom) values ('Empty Nest (El nido vacío)', 'Mauris ullamcorper purus sit amet nulla. Quisque arcu libero, rutrum ac, lobortis vel, dapibus at, diam.', 'Christie Castellaccio', 'Guglielmo Kirgan', 'No restrictions: Suitable for all ages');
insert into Contenu (Titre, Descriptif, Realisateur, Producteur, CtgAgeNom) values ('Self-Made Hero, A (Un héros très discret)', 'Maecenas pulvinar lobortis est.', 'Miquela Morillas', 'Ginger Allflatt', 'No restrictions: Not recommended');
insert into Contenu (Titre, Descriptif, Realisateur, Producteur, CtgAgeNom) values ('Held Up', 'In est risus, auctor sed, tristique in, tempus sit amet, sem.', 'Jourdain Stimson', 'Pascal Garbett', 'No restrictions: Suitable for all ages');
insert into Contenu (Titre, Descriptif, Realisateur, Producteur, CtgAgeNom) values ('Marci X', 'Morbi quis tortor id nulla ultrices aliquet. Maecenas leo odio, condimentum id, luctus nec, molestie sed, justo.', 'Cody Dalley', 'Gaspard Strutton', 'No restrictions: Not recommended');
insert into Contenu (Titre, Descriptif, Realisateur, Producteur, CtgAgeNom) values ('Mystery (Fu cheng mi shi)', 'Vestibulum ante ipsum primis in faucibus orci luctus et ultrices posuere cubilia Curae; Duis faucibus accumsan odio. Curabitur convallis.', 'Cathlene Sute', 'Duncan Yushmanov', 'Restricted: Parental accompaniment required');
insert into Contenu (Titre, Descriptif, Realisateur, Producteur, CtgAgeNom) values ('Deadline', 'Maecenas tristique, est et tempus semper, est quam pharetra magna, ac consequat metus sapien ut nunc.', 'Nadeen Bysh', 'Anderson Baggaley', 'No restrictions: Not recommended');
insert into Contenu (Titre, Descriptif, Realisateur, Producteur, CtgAgeNom) values ('Another Harvest Moon', 'Quisque id justo sit amet sapien dignissim vestibulum.', 'Danyette Rome', 'Camille Bockh', 'Restricted: Parental accompaniment required');
insert into Contenu (Titre, Descriptif, Realisateur, Producteur, CtgAgeNom) values ('Meet the Deedles', 'Vestibulum rutrum rutrum neque. Aenean auctor gravida sem.', 'Nata Auld', 'Jesus Glasheen', 'No restrictions: Suitable for all ages');
insert into Contenu (Titre, Descriptif, Realisateur, Producteur, CtgAgeNom) values ('Super Capers', 'Morbi vel lectus in quam fringilla rhoncus. Mauris enim leo, rhoncus sed, vestibulum sit amet, cursus id, turpis.', 'Albertine Grason', 'Hakeem Pool', 'No restrictions: Suitable for all ages');
insert into Contenu (Titre, Descriptif, Realisateur, Producteur, CtgAgeNom) values ('Power of One, The', 'In quis justo. Maecenas rhoncus aliquam lacus.', 'Arabele Hamnet', 'Eben Leece', 'No restrictions: Parental guidance is suggested');
insert into Contenu (Titre, Descriptif, Realisateur, Producteur, CtgAgeNom) values ('Jailbait', 'Morbi non quam nec dui luctus rutrum. Nulla tellus.', 'Shae Crimes', 'Sapphira Westhead', 'No restrictions: Not recommended');
insert into Contenu (Titre, Descriptif, Realisateur, Producteur, CtgAgeNom) values ('Madhouse', 'Cum sociis natoque penatibus et magnis dis parturient montes, nascetur ridiculus mus.', 'Adams MacAne', 'Georgina Corner', 'No restrictions: Not recommended');
insert into Contenu (Titre, Descriptif, Realisateur, Producteur, CtgAgeNom) values ('Mental', 'Nam congue, risus semper porta volutpat, quam pede lobortis ligula, sit amet eleifend pede libero quis orci.', 'Dani Critchlow', 'Woodrow Gellier', 'No restrictions: Parental guidance is suggested');
insert into Contenu (Titre, Descriptif, Realisateur, Producteur, CtgAgeNom) values ('King Is Dancing, The (Le roi danse)', 'Morbi odio odio, elementum eu, interdum eu, tincidunt in, leo.', 'Yoshiko Necrews', 'Bert Southam', 'Prohibitive: Exclusively for older audience');
insert into Contenu (Titre, Descriptif, Realisateur, Producteur, CtgAgeNom) values ('Jive Turkey', 'Maecenas tincidunt lacus at velit. Vivamus vel nulla eget eros elementum pellentesque.', 'Kat Scheffler', 'Guillaume Casaccia', 'Restricted: Parental accompaniment required');
insert into Contenu (Titre, Descriptif, Realisateur, Producteur, CtgAgeNom) values ('Love In the Time of Money', 'Nullam sit amet turpis elementum ligula vehicula consequat.', 'Kellen Wansbury', 'Cissiee Fetteplace', 'Restricted: Parental accompaniment required');
insert into Contenu (Titre, Descriptif, Realisateur, Producteur, CtgAgeNom) values ('Zombies on Broadway', 'Quisque id justo sit amet sapien dignissim vestibulum. Vestibulum ante ipsum primis in faucibus orci luctus et ultrices posuere cubilia Curae; Nulla dapibus dolor vel est.', 'Ofilia Walden', 'Floyd Bonifant', 'No restrictions: Not recommended');
insert into Contenu (Titre, Descriptif, Realisateur, Producteur, CtgAgeNom) values ('Desi Boyz', 'Nullam varius. Nulla facilisi.', 'Fiann Catherall', 'Ursa O''Riordan', 'No restrictions: Suitable for all ages');
insert into Contenu (Titre, Descriptif, Realisateur, Producteur, CtgAgeNom) values ('Heroic Ones, The (Shi san tai bao)', 'Proin eu mi.', 'Town Hailes', 'Legra Boycott', 'Prohibitive: Exclusively for older audience');
insert into Contenu (Titre, Descriptif, Realisateur, Producteur, CtgAgeNom) values ('Real McCoy, The', 'Vestibulum ac est lacinia nisi venenatis tristique. Fusce congue, diam id ornare imperdiet, sapien urna pretium nisl, ut volutpat sapien arcu sed augue.', 'Fred Joiner', 'Rafael Cardenas', 'No restrictions: Parental guidance is suggested');
insert into Contenu (Titre, Descriptif, Realisateur, Producteur, CtgAgeNom) values ('Children Underground', 'Vestibulum quam sapien, varius ut, blandit non, interdum in, ante. Vestibulum ante ipsum primis in faucibus orci luctus et ultrices posuere cubilia Curae; Duis faucibus accumsan odio.', 'Horace Goodding', 'Lucretia Slatter', 'No restrictions: Suitable for all ages');
insert into Contenu (Titre, Descriptif, Realisateur, Producteur, CtgAgeNom) values ('Muppet Musicians of Bremen, The', 'Nunc purus.', 'Valerie Fernely', 'Arly Chasney', 'Prohibitive: Exclusively for older audience');
insert into Contenu (Titre, Descriptif, Realisateur, Producteur, CtgAgeNom) values ('Lonely Villa, The', 'Phasellus id sapien in sapien iaculis congue.', 'Blondelle Presidey', 'Murry Hizir', 'No restrictions: Parental guidance is suggested');
insert into Contenu (Titre, Descriptif, Realisateur, Producteur, CtgAgeNom) values ('Bachelor Party Vegas', 'Donec semper sapien a libero. Nam dui.', 'Sherry Robatham', 'Laryssa Farrear', 'Restricted: Parental accompaniment required');
insert into Contenu (Titre, Descriptif, Realisateur, Producteur, CtgAgeNom) values ('The Devil Thumbs a Ride', 'Integer aliquet, massa id lobortis convallis, tortor risus dapibus augue, vel accumsan tellus nisi eu orci.', 'Vere Van der Krui', 'Ab Konzelmann', 'No restrictions: Suitable for all ages');
insert into Contenu (Titre, Descriptif, Realisateur, Producteur, CtgAgeNom) values ('Each Dawn I Die', 'Lorem ipsum dolor sit amet, consectetuer adipiscing elit.', 'Toma Kurth', 'Fonz Fellon', 'Restricted: Parental accompaniment required');
insert into Contenu (Titre, Descriptif, Realisateur, Producteur, CtgAgeNom) values ('Battle for Marjah, The', 'Morbi vestibulum, velit id pretium iaculis, diam erat fermentum justo, nec condimentum neque sapien placerat ante. Nulla justo.', 'Bil Leuren', 'Trey Ball', 'No restrictions: Parental guidance is suggested');
insert into Contenu (Titre, Descriptif, Realisateur, Producteur, CtgAgeNom) values ('Chaos', 'Nam ultrices, libero non mattis pulvinar, nulla pede ullamcorper augue, a suscipit nulla elit ac nulla.', 'George Dorro', 'Frederique Deerness', 'Prohibitive: Exclusively for older audience');
insert into Contenu (Titre, Descriptif, Realisateur, Producteur, CtgAgeNom) values ('Firewalker', 'Suspendisse potenti. Cras in purus eu magna vulputate luctus.', 'Thadeus Wilflinger', 'Renee Ewenson', 'No restrictions: Parental guidance is suggested');
insert into Contenu (Titre, Descriptif, Realisateur, Producteur, CtgAgeNom) values ('Rembrandt''s J''accuse', 'Curabitur at ipsum ac tellus semper interdum. Mauris ullamcorper purus sit amet nulla.', 'Tiphanie Nipper', 'Emilee Ferrarin', 'No restrictions: Parental guidance is suggested');
insert into Contenu (Titre, Descriptif, Realisateur, Producteur, CtgAgeNom) values ('Riff-Raff', 'Integer pede justo, lacinia eget, tincidunt eget, tempus vel, pede. Morbi porttitor lorem id ligula.', 'Jerrome Oaks', 'Eimile Spellecy', 'No restrictions: Not recommended');
insert into Contenu (Titre, Descriptif, Realisateur, Producteur, CtgAgeNom) values ('Network', 'Nunc purus.', 'Stoddard Catto', 'Kayla Berrow', 'Prohibitive: Exclusively for older audience');
insert into Contenu (Titre, Descriptif, Realisateur, Producteur, CtgAgeNom) values ('I giorni contati', 'Proin leo odio, porttitor id, consequat in, consequat ut, nulla.', 'Ainslie Molder', 'Tanya Onthank', 'Prohibitive: Exclusively for older audience');
insert into Contenu (Titre, Descriptif, Realisateur, Producteur, CtgAgeNom) values ('Snakes and Earrings (Hebi ni piasu)', 'Ut at dolor quis odio consequat varius. Integer ac leo.', 'Bunny Sinclair', 'Myrtle Bonnier', 'No restrictions: Parental guidance is suggested');
insert into Contenu (Titre, Descriptif, Realisateur, Producteur, CtgAgeNom) values ('Awful Truth, The', 'Morbi quis tortor id nulla ultrices aliquet. Maecenas leo odio, condimentum id, luctus nec, molestie sed, justo.', 'Bevin Piddletown', 'Robin Benezeit', 'Prohibitive: Exclusively for older audience');
insert into Contenu (Titre, Descriptif, Realisateur, Producteur, CtgAgeNom) values ('Rainmaker, The', 'Ut at dolor quis odio consequat varius. Integer ac leo.', 'Hunt Wrennall', 'Roy Lopes', 'Restricted: Parental accompaniment required');
insert into Contenu (Titre, Descriptif, Realisateur, Producteur, CtgAgeNom) values ('Brother 2 (Brat 2)', 'Cum sociis natoque penatibus et magnis dis parturient montes, nascetur ridiculus mus. Etiam vel augue.', 'Betsey Castiello', 'Beverly Vooght', 'No restrictions: Parental guidance is suggested');
insert into Contenu (Titre, Descriptif, Realisateur, Producteur, CtgAgeNom) values ('Paraíso Travel', 'Morbi vestibulum, velit id pretium iaculis, diam erat fermentum justo, nec condimentum neque sapien placerat ante. Nulla justo.', 'Rex Tetford', 'Rochelle Boorman', 'No restrictions: Parental guidance is suggested');
insert into Contenu (Titre, Descriptif, Realisateur, Producteur, CtgAgeNom) values ('13th Warrior, The', 'Cras mi pede, malesuada in, imperdiet et, commodo vulputate, justo.', 'Joete Bowshire', 'Renee Jurczyk', 'Restricted: Parental accompaniment required');
insert into Contenu (Titre, Descriptif, Realisateur, Producteur, CtgAgeNom) values ('After the Wedding (Efter brylluppet)', 'Vivamus in felis eu sapien cursus vestibulum. Proin eu mi.', 'Linus McKendo', 'Jacintha Manuelli', 'Restricted: Parental accompaniment required');
insert into Contenu (Titre, Descriptif, Realisateur, Producteur, CtgAgeNom) values ('Sorcerer and the White Snake, The (Bai she chuan shuo)', 'Proin at turpis a pede posuere nonummy. Integer non velit.', 'Elwin Pidgley', 'Cooper Trigg', 'No restrictions: Not recommended');
insert into Contenu (Titre, Descriptif, Realisateur, Producteur, CtgAgeNom) values ('Food, Inc.', 'Mauris enim leo, rhoncus sed, vestibulum sit amet, cursus id, turpis. Integer aliquet, massa id lobortis convallis, tortor risus dapibus augue, vel accumsan tellus nisi eu orci.', 'Powell Spours', 'Isidoro Cummings', 'Prohibitive: Exclusively for older audience');
insert into Contenu (Titre, Descriptif, Realisateur, Producteur, CtgAgeNom) values ('Brimstone and Treacle', 'Fusce lacus purus, aliquet at, feugiat non, pretium quis, lectus. Suspendisse potenti.', 'Theobald Burth', 'Tamma Charity', 'No restrictions: Parental guidance is suggested');
insert into Contenu (Titre, Descriptif, Realisateur, Producteur, CtgAgeNom) values ('Braddock: Missing in Action III', 'Aenean sit amet justo. Morbi ut odio.', 'Roby Wealleans', 'Minda Jepps', 'No restrictions: Suitable for all ages');
insert into Contenu (Titre, Descriptif, Realisateur, Producteur, CtgAgeNom) values ('Tuvalu', 'Nunc rhoncus dui vel sem. Sed sagittis.', 'Lavina Rogeron', 'Auberon Orrice', 'Prohibitive: Exclusively for older audience');
insert into Contenu (Titre, Descriptif, Realisateur, Producteur, CtgAgeNom) values ('The Big Flame', 'Proin leo odio, porttitor id, consequat in, consequat ut, nulla. Sed accumsan felis.', 'Nilson Ivkovic', 'Nil Free', 'Prohibitive: Exclusively for older audience');
insert into Contenu (Titre, Descriptif, Realisateur, Producteur, CtgAgeNom) values ('Beauty Is Embarrassing', 'Curabitur at ipsum ac tellus semper interdum.', 'Judie Livingstone', 'Dagmar Wims', 'No restrictions: Parental guidance is suggested');
insert into Contenu (Titre, Descriptif, Realisateur, Producteur, CtgAgeNom) values ('Brand Upon the Brain!', 'Praesent blandit. Nam nulla.', 'Merrili Jerrems', 'Venita Poyser', 'No restrictions: Suitable for all ages');
insert into Contenu (Titre, Descriptif, Realisateur, Producteur, CtgAgeNom) values ('Jetsons: The Movie', 'In hac habitasse platea dictumst. Morbi vestibulum, velit id pretium iaculis, diam erat fermentum justo, nec condimentum neque sapien placerat ante.', 'Shalom Bolliver', 'Boony Gravenor', 'No restrictions: Not recommended');
insert into Contenu (Titre, Descriptif, Realisateur, Producteur, CtgAgeNom) values ('Tai Chi Hero', 'Mauris lacinia sapien quis libero.', 'Melvin Jenkerson', 'Jessie MacKimm', 'No restrictions: Parental guidance is suggested');
insert into Contenu (Titre, Descriptif, Realisateur, Producteur, CtgAgeNom) values ('Man Called Gannon, A', 'Donec dapibus.', 'Ignace Lympany', 'Luz Caffrey', 'Prohibitive: Exclusively for older audience');
insert into Contenu (Titre, Descriptif, Realisateur, Producteur, CtgAgeNom) values ('Castle in the Desert (Charlie Chan in Castle in the Desert)', 'Praesent lectus.', 'Durante Kennerknecht', 'Amanda Blankman', 'Restricted: Parental accompaniment required');
insert into Contenu (Titre, Descriptif, Realisateur, Producteur, CtgAgeNom) values ('Taqwacore: The Birth of Punk Islam', 'Donec ut mauris eget massa tempor convallis. Nulla neque libero, convallis eget, eleifend luctus, ultricies eu, nibh.', 'Ardisj Enser', 'Coriss Prium', 'No restrictions: Not recommended');
insert into Contenu (Titre, Descriptif, Realisateur, Producteur, CtgAgeNom) values ('World on a Wire (Welt am Draht)', 'Aliquam augue quam, sollicitudin vitae, consectetuer eget, rutrum at, lorem. Integer tincidunt ante vel ipsum.', 'Susy Christiensen', 'Pennie Gammidge', 'No restrictions: Suitable for all ages');
insert into Contenu (Titre, Descriptif, Realisateur, Producteur, CtgAgeNom) values ('Son of Lassie', 'Aenean sit amet justo.', 'Leeann Ambage', 'Archy Stanlick', 'No restrictions: Not recommended');
insert into Contenu (Titre, Descriptif, Realisateur, Producteur, CtgAgeNom) values ('Big Deal on Madonna Street (I Soliti Ignoti)', 'Proin risus.', 'Ula Coughlan', 'Archibald Vaud', 'Restricted: Parental accompaniment required');
insert into Contenu (Titre, Descriptif, Realisateur, Producteur, CtgAgeNom) values ('The Hunters', 'Fusce posuere felis sed lacus. Morbi sem mauris, laoreet ut, rhoncus aliquet, pulvinar sed, nisl.', 'Christoper Barrick', 'Cathrine Kollasch', 'No restrictions: Not recommended');
insert into Contenu (Titre, Descriptif, Realisateur, Producteur, CtgAgeNom) values ('Guilty (Présumé coupable)', 'Nulla mollis molestie lorem.', 'Hunt Fenny', 'Jessey Cure', 'No restrictions: Suitable for all ages');
insert into Contenu (Titre, Descriptif, Realisateur, Producteur, CtgAgeNom) values ('Panic', 'Duis consequat dui nec nisi volutpat eleifend. Donec ut dolor.', 'Aimil Peers', 'Dolley Sainter', 'No restrictions: Suitable for all ages');
insert into Contenu (Titre, Descriptif, Realisateur, Producteur, CtgAgeNom) values ('Desert Rats, The', 'In congue.', 'Oriana Fairbourn', 'Rayner Trevain', 'Restricted: Parental accompaniment required');
insert into Contenu (Titre, Descriptif, Realisateur, Producteur, CtgAgeNom) values ('Cold Weather', 'Aliquam sit amet diam in magna bibendum imperdiet.', 'Florry Rushmare', 'Codee Powles', 'Prohibitive: Exclusively for older audience');
insert into Contenu (Titre, Descriptif, Realisateur, Producteur, CtgAgeNom) values ('Return of Martin Guerre, The (Retour de Martin Guerre, Le)', 'Praesent id massa id nisl venenatis lacinia.', 'Falito Osborne', 'Anneliese Boyd', 'Prohibitive: Exclusively for older audience');
insert into Contenu (Titre, Descriptif, Realisateur, Producteur, CtgAgeNom) values ('Thunderbolt and Lightfoot', 'Sed sagittis. Nam congue, risus semper porta volutpat, quam pede lobortis ligula, sit amet eleifend pede libero quis orci.', 'Lucien Dairton', 'Angelo Feuell', 'No restrictions: Parental guidance is suggested');
insert into Contenu (Titre, Descriptif, Realisateur, Producteur, CtgAgeNom) values ('Seaside (Bord de Mer)', 'Sed ante. Vivamus tortor.', 'Retha Clampe', 'Nealy Dumsday', 'No restrictions: Suitable for all ages');
insert into Contenu (Titre, Descriptif, Realisateur, Producteur, CtgAgeNom) values ('Frequencies', 'Aliquam quis turpis eget elit sodales scelerisque. Mauris sit amet eros.', 'Fee Miliffe', 'Sissy Fealty', 'Restricted: Parental accompaniment required');
insert into Contenu (Titre, Descriptif, Realisateur, Producteur, CtgAgeNom) values ('Awakening, The', 'Suspendisse accumsan tortor quis turpis. Sed ante.', 'Sada Cordall', 'Brendan Doughtery', 'No restrictions: Suitable for all ages');
insert into Contenu (Titre, Descriptif, Realisateur, Producteur, CtgAgeNom) values ('2:13', 'Maecenas ut massa quis augue luctus tincidunt. Nulla mollis molestie lorem.', 'Devin Parfrey', 'Cleveland Monckton', 'No restrictions: Parental guidance is suggested');
insert into Contenu (Titre, Descriptif, Realisateur, Producteur, CtgAgeNom) values ('City by the Sea', 'Duis mattis egestas metus. Aenean fermentum.', 'Nelia Birrell', 'Upton Dowgill', 'No restrictions: Parental guidance is suggested');
insert into Contenu (Titre, Descriptif, Realisateur, Producteur, CtgAgeNom) values ('Gendernauts', 'Cras mi pede, malesuada in, imperdiet et, commodo vulputate, justo. In blandit ultrices enim.', 'Marena Jillitt', 'Elsworth Cross', 'No restrictions: Not recommended');
insert into Contenu (Titre, Descriptif, Realisateur, Producteur, CtgAgeNom) values ('Baby Take a Bow', 'In hac habitasse platea dictumst. Aliquam augue quam, sollicitudin vitae, consectetuer eget, rutrum at, lorem.', 'Hali Margery', 'Christie Howieson', 'No restrictions: Parental guidance is suggested');
insert into Contenu (Titre, Descriptif, Realisateur, Producteur, CtgAgeNom) values ('Laffghanistan: Comedy Down Range', 'Morbi quis tortor id nulla ultrices aliquet.', 'Deeyn Derrett', 'Travis Dunphy', 'Restricted: Parental accompaniment required');
insert into Contenu (Titre, Descriptif, Realisateur, Producteur, CtgAgeNom) values ('In Name Only', 'Maecenas pulvinar lobortis est.', 'Wandie Bruineman', 'Abraham Rickersy', 'No restrictions: Not recommended');
insert into Contenu (Titre, Descriptif, Realisateur, Producteur, CtgAgeNom) values ('Grimm Love (Rohtenburg)', 'Vivamus metus arcu, adipiscing molestie, hendrerit at, vulputate vitae, nisl. Aenean lectus.', 'Rafael Greville', 'Jacquetta Catherine', 'No restrictions: Not recommended');
insert into Contenu (Titre, Descriptif, Realisateur, Producteur, CtgAgeNom) values ('Tactical Force', 'Nunc nisl. Duis bibendum, felis sed interdum venenatis, turpis enim blandit mi, in porttitor pede justo eu massa.', 'Bella Francie', 'Joanna Pilley', 'No restrictions: Suitable for all ages');
insert into Contenu (Titre, Descriptif, Realisateur, Producteur, CtgAgeNom) values ('Employees'' Entrance', 'Suspendisse ornare consequat lectus. In est risus, auctor sed, tristique in, tempus sit amet, sem.', 'Audra Duny', 'Jeanette Hubbock', 'Prohibitive: Exclusively for older audience');
insert into Contenu (Titre, Descriptif, Realisateur, Producteur, CtgAgeNom) values ('Tunes of Glory', 'Morbi sem mauris, laoreet ut, rhoncus aliquet, pulvinar sed, nisl.', 'Farley Bocken', 'Son Edgler', 'No restrictions: Parental guidance is suggested');
insert into Contenu (Titre, Descriptif, Realisateur, Producteur, CtgAgeNom) values ('Hercules', 'Nulla nisl.', 'My Frissell', 'Bil Rutledge', 'No restrictions: Not recommended');
insert into Contenu (Titre, Descriptif, Realisateur, Producteur, CtgAgeNom) values ('Flash Point (a.k.a. Flashpoint) (Dou fo sin)', 'Nam ultrices, libero non mattis pulvinar, nulla pede ullamcorper augue, a suscipit nulla elit ac nulla.', 'Melisenda Leving', 'Lambert Heaps', 'No restrictions: Suitable for all ages');
insert into Contenu (Titre, Descriptif, Realisateur, Producteur, CtgAgeNom) values ('Until Death', 'Ut tellus.', 'Alina Mazin', 'Jaye Bacher', 'Restricted: Parental accompaniment required');
insert into Contenu (Titre, Descriptif, Realisateur, Producteur, CtgAgeNom) values ('Shadow Dancer, The (Shadows in the Sun)', 'Cras in purus eu magna vulputate luctus.', 'Corette Mash', 'Sheffie Hinkley', 'No restrictions: Parental guidance is suggested');
insert into Contenu (Titre, Descriptif, Realisateur, Producteur, CtgAgeNom) values ('Return of the Living Dead, The', 'Fusce congue, diam id ornare imperdiet, sapien urna pretium nisl, ut volutpat sapien arcu sed augue. Aliquam erat volutpat.', 'Alexio Myott', 'Alfreda Lillecrap', 'No restrictions: Suitable for all ages');
insert into Contenu (Titre, Descriptif, Realisateur, Producteur, CtgAgeNom) values ('Riders of the Purple Sage', 'Aliquam quis turpis eget elit sodales scelerisque.', 'Helyn Blues', 'Flossi Crosham', 'No restrictions: Parental guidance is suggested');
insert into Contenu (Titre, Descriptif, Realisateur, Producteur, CtgAgeNom) values ('Skin Game, The', 'Pellentesque eget nunc. Donec quis orci eget orci vehicula condimentum.', 'Baily Bowick', 'Florance Brimm', 'No restrictions: Suitable for all ages');
insert into Contenu (Titre, Descriptif, Realisateur, Producteur, CtgAgeNom) values ('Sparkle', 'Praesent id massa id nisl venenatis lacinia. Aenean sit amet justo.', 'Doralynn Haselden', 'Anselma Paz', 'Prohibitive: Exclusively for older audience');
insert into Contenu (Titre, Descriptif, Realisateur, Producteur, CtgAgeNom) values ('Fat Head', 'Praesent id massa id nisl venenatis lacinia.', 'Filberto Springell', 'Reggi Hurles', 'Restricted: Parental accompaniment required');
insert into Contenu (Titre, Descriptif, Realisateur, Producteur, CtgAgeNom) values ('Ascension', 'Aliquam erat volutpat.', 'Dom Brownell', 'Ronald Hubble', 'No restrictions: Suitable for all ages');
insert into Contenu (Titre, Descriptif, Realisateur, Producteur, CtgAgeNom) values ('Mirage Men', 'Nullam varius. Nulla facilisi.', 'Garnet Bradnock', 'Mile Aicken', 'Restricted: Parental accompaniment required');
insert into Contenu (Titre, Descriptif, Realisateur, Producteur, CtgAgeNom) values ('Act of Seeing with One''s Own Eyes, The ', 'Donec dapibus. Duis at velit eu est congue elementum.', 'Carena Carradice', 'Wit Vasyanin', 'Prohibitive: Exclusively for older audience');
insert into Contenu (Titre, Descriptif, Realisateur, Producteur, CtgAgeNom) values ('The Uninvited Guest', 'Maecenas tristique, est et tempus semper, est quam pharetra magna, ac consequat metus sapien ut nunc. Vestibulum ante ipsum primis in faucibus orci luctus et ultrices posuere cubilia Curae; Mauris viverra diam vitae quam.', 'Garrett Disbury', 'Kynthia Clues', 'No restrictions: Suitable for all ages');
insert into Contenu (Titre, Descriptif, Realisateur, Producteur, CtgAgeNom) values ('The Boogens', 'Suspendisse potenti.', 'Fax Codi', 'Murdoch Patillo', 'No restrictions: Suitable for all ages');
insert into Contenu (Titre, Descriptif, Realisateur, Producteur, CtgAgeNom) values ('Leatherheads', 'Duis bibendum, felis sed interdum venenatis, turpis enim blandit mi, in porttitor pede justo eu massa. Donec dapibus.', 'Michaeline Harrington', 'Burk MacGorman', 'Prohibitive: Exclusively for older audience');
insert into Contenu (Titre, Descriptif, Realisateur, Producteur, CtgAgeNom) values ('MVP: Most Valuable Primate', 'In quis justo.', 'Augusto Talks', 'Magnum O''Gleasane', 'Prohibitive: Exclusively for older audience');
insert into Contenu (Titre, Descriptif, Realisateur, Producteur, CtgAgeNom) values ('Watermarks', 'Maecenas rhoncus aliquam lacus. Morbi quis tortor id nulla ultrices aliquet.', 'Ryun Karim', 'Ev Antyshev', 'No restrictions: Not recommended');

/* --- SHOWS CONTENT */
insert into Contenu (Titre, Descriptif, Realisateur, Producteur, CtgAgeNom) values 
	('Chernobyl', 'In April 1986, an explosion at the Chernobyl nuclear power plant in the Union of Soviet Socialist Republics becomes one of the world''s worst man-made catastrophes.', 'Craig Maziny', 'Craig Mazin', 'Restricted: Parental accompaniment required'),
	('The Expanse', 'YA police detective in the asteroid belt, the first officer of an interplanetary ice freighter and an earth-bound United Nations...', 'Mark Fergus', 'Mark Fergus', 'No restrictions: Parental guidance is suggested'),
	('Altered Carbon', 'Waking up in a new body 250 years after his death, Takeshi Kovacs...', 'Miguel Sapochnik', 'Laeta Kalogridis', 'Restricted: Parental accompaniment required'),
	('Black Mirror', 'An anthology series exploring a twisted, high-tech world', 'Charlie Brooker', 'Charlie Brooker', 'Restricted: Parental accompaniment required'),
	('The Boys', ' A group of vigilantes set out to take down corrupt superheroes who abuse their superpowers. ', 'Seth Rogen', 'Seth Rogen', 'Prohibitive: Exclusively for older audience');



-- Table Genre-Contenu
/* --- DOC */
insert into GnrCnt (gnrtitre, cnttitre) values ('Independent', 'Hundred and One Nights, A (Cent et une nuits de Simon Cinéma, Les)');
insert into GnrCnt (gnrtitre, cnttitre) values ('Found Footage', 'Green Ice');
insert into GnrCnt (gnrtitre, cnttitre) values ('Crime', '12');
insert into GnrCnt (gnrtitre, cnttitre) values ('Fantasy', 'World Unseen, The');
insert into GnrCnt (gnrtitre, cnttitre) values ('Noir', 'Astronaut''s Wife, The');
insert into GnrCnt (gnrtitre, cnttitre) values ('Romance', 'Seraphim Falls');
insert into GnrCnt (gnrtitre, cnttitre) values ('Historical', 'Pekko ja unissakävelijä');
insert into GnrCnt (gnrtitre, cnttitre) values ('Mystery', 'Human Lanterns (Ren pi deng long)');
insert into GnrCnt (gnrtitre, cnttitre) values ('Satire', 'Red Garters');
insert into GnrCnt (gnrtitre, cnttitre) values ('Historical', 'Brother Orchid');
insert into GnrCnt (gnrtitre, cnttitre) values ('Action', 'The Dust Bowl');
insert into GnrCnt (gnrtitre, cnttitre) values ('Musical', 'Pearls of the Crown, The (Les perles de la couronne)');
insert into GnrCnt (gnrtitre, cnttitre) values ('Family', 'Dreamers, The');
insert into GnrCnt (gnrtitre, cnttitre) values ('Drama', 'Red Baron, The (Der rote Baron)');
insert into GnrCnt (gnrtitre, cnttitre) values ('Action', 'Five Graves to Cairo');
insert into GnrCnt (gnrtitre, cnttitre) values ('Silent', 'Haunting, The');
insert into GnrCnt (gnrtitre, cnttitre) values ('Independent', 'Quest for Fire (Guerre du feu, La)');
insert into GnrCnt (gnrtitre, cnttitre) values ('Animated', 'London River');
insert into GnrCnt (gnrtitre, cnttitre) values ('Science Fiction', 'Born American');
insert into GnrCnt (gnrtitre, cnttitre) values ('Performance', 'Fullmetal Alchemist: The Sacred Star of Milos');
insert into GnrCnt (gnrtitre, cnttitre) values ('Documentary', 'Once a Thief (Zong heng si hai)');
insert into GnrCnt (gnrtitre, cnttitre) values ('Science Fiction', 'Simpatico');
insert into GnrCnt (gnrtitre, cnttitre) values ('Independent', 'Queen: Days of Our Lives');
insert into GnrCnt (gnrtitre, cnttitre) values ('Fantasy', 'Key, The');
insert into GnrCnt (gnrtitre, cnttitre) values ('Satire', 'Enemy Below, The');
insert into GnrCnt (gnrtitre, cnttitre) values ('Legal', 'Still Breathing');
insert into GnrCnt (gnrtitre, cnttitre) values ('Short', 'Payment Deferred');
insert into GnrCnt (gnrtitre, cnttitre) values ('Legal', 'Lady Oscar');
insert into GnrCnt (gnrtitre, cnttitre) values ('Dance', 'Notorious');
insert into GnrCnt (gnrtitre, cnttitre) values ('Erotic', 'Golden Thread, The (Subarnarekha)');
insert into GnrCnt (gnrtitre, cnttitre) values ('Political', 'Cross of Iron');
insert into GnrCnt (gnrtitre, cnttitre) values ('Suspense', 'Rulers of the City');
insert into GnrCnt (gnrtitre, cnttitre) values ('Adventure', 'Dead Like Me: Life After Death');
insert into GnrCnt (gnrtitre, cnttitre) values ('Legal', 'Land That Time Forgot, The');
insert into GnrCnt (gnrtitre, cnttitre) values ('Disaster', 'Five Star Final');
insert into GnrCnt (gnrtitre, cnttitre) values ('Comedy', 'The Trap');
insert into GnrCnt (gnrtitre, cnttitre) values ('Western', 'All in a Night''s Work');
insert into GnrCnt (gnrtitre, cnttitre) values ('Family', 'Nomad (Köshpendiler)');
insert into GnrCnt (gnrtitre, cnttitre) values ('Silent', 'Friends with Benefits');
insert into GnrCnt (gnrtitre, cnttitre) values ('Erotic', 'Floods of Fear');
insert into GnrCnt (gnrtitre, cnttitre) values ('Science Fiction', 'Born Romantic');
insert into GnrCnt (gnrtitre, cnttitre) values ('Documentary', 'Naked Jungle, The');
insert into GnrCnt (gnrtitre, cnttitre) values ('Noir', 'Last Call at the Oasis');
insert into GnrCnt (gnrtitre, cnttitre) values ('Dance', 'Bubba Ho-tep');
insert into GnrCnt (gnrtitre, cnttitre) values ('Documentary', 'No Direction Home: Bob Dylan');
insert into GnrCnt (gnrtitre, cnttitre) values ('Legal', 'Danny Deckchair');
insert into GnrCnt (gnrtitre, cnttitre) values ('Action', 'Kagi (Odd Obsession)');
insert into GnrCnt (gnrtitre, cnttitre) values ('Performance', '28 Days Later');
insert into GnrCnt (gnrtitre, cnttitre) values ('Science Fiction', 'Wishmaster 3: Beyond the Gates of Hell');
insert into GnrCnt (gnrtitre, cnttitre) values ('Animated', 'I''m the One That I Want');
insert into GnrCnt (gnrtitre, cnttitre) values ('Satire', 'Breach');
insert into GnrCnt (gnrtitre, cnttitre) values ('Historical', 'Sinbad: Legend of the Seven Seas');
insert into GnrCnt (gnrtitre, cnttitre) values ('Performance', 'Black Heaven (L''autre monde) (Other World, The)');
insert into GnrCnt (gnrtitre, cnttitre) values ('Fantasy', 'Funeral Parade of Roses (Bara no sôretsu)');
insert into GnrCnt (gnrtitre, cnttitre) values ('Drama', 'Gladiator');
insert into GnrCnt (gnrtitre, cnttitre) values ('Dance', 'Brief Interviews with Hideous Men');
insert into GnrCnt (gnrtitre, cnttitre) values ('Mystery', 'Wildflowers');
insert into GnrCnt (gnrtitre, cnttitre) values ('Performance', 'Eye, The');
insert into GnrCnt (gnrtitre, cnttitre) values ('Romance', 'Delicatessen');
insert into GnrCnt (gnrtitre, cnttitre) values ('Thriller', 'Zero de conduite (Zero for Conduct) (Zéro de conduite: Jeunes diables au collège)');
insert into GnrCnt (gnrtitre, cnttitre) values ('Martial Arts', 'Dream Demon');
insert into GnrCnt (gnrtitre, cnttitre) values ('Fantasy', '247°F ');
insert into GnrCnt (gnrtitre, cnttitre) values ('Comedy', 'Dark Dungeons');
insert into GnrCnt (gnrtitre, cnttitre) values ('Drama', 'Supergirl');
insert into GnrCnt (gnrtitre, cnttitre) values ('Performance', 'Shot in the Heart');
insert into GnrCnt (gnrtitre, cnttitre) values ('Found Footage', 'Champion, The');
insert into GnrCnt (gnrtitre, cnttitre) values ('Musical', 'Our Vines Have Tender Grapes');
insert into GnrCnt (gnrtitre, cnttitre) values ('Historical', 'Four Ways Out');
insert into GnrCnt (gnrtitre, cnttitre) values ('War', 'Will');
insert into GnrCnt (gnrtitre, cnttitre) values ('Documentary', 'Zeisters (Fat Guy Goes Nutzoid)');
insert into GnrCnt (gnrtitre, cnttitre) values ('Family', 'High Tension (Haute tension) (Switchblade Romance)');
insert into GnrCnt (gnrtitre, cnttitre) values ('Western', 'Nobody Else But You (Poupoupidou)');
insert into GnrCnt (gnrtitre, cnttitre) values ('Documentary', 'Thunderbirds Are GO');
insert into GnrCnt (gnrtitre, cnttitre) values ('Dance', 'Farmer''s Wife, The');
insert into GnrCnt (gnrtitre, cnttitre) values ('Family', 'Inconvenient Tax, An');
insert into GnrCnt (gnrtitre, cnttitre) values ('Noir', 'Once Upon a Time in Anatolia (Bir zamanlar Anadolu''da)');
insert into GnrCnt (gnrtitre, cnttitre) values ('Satire', 'Cave of Forgotten Dreams');
insert into GnrCnt (gnrtitre, cnttitre) values ('Silent', 'Shaft');
insert into GnrCnt (gnrtitre, cnttitre) values ('Satire', 'Four Christmases');
insert into GnrCnt (gnrtitre, cnttitre) values ('Suspense', 'Urusei Yatsura Movie 2: Beautiful Dreamer (Urusei Yatsura 2: Byûtifuru dorîmâ)');
insert into GnrCnt (gnrtitre, cnttitre) values ('Action', 'Fair Game');
insert into GnrCnt (gnrtitre, cnttitre) values ('Horror', 'Citizen Dog (Mah nakorn)');
insert into GnrCnt (gnrtitre, cnttitre) values ('Superhero', 'New Year''s Eve');
insert into GnrCnt (gnrtitre, cnttitre) values ('War', 'Richard III');
insert into GnrCnt (gnrtitre, cnttitre) values ('Dance', 'Way We Laughed, The (Così Ridevano)');
insert into GnrCnt (gnrtitre, cnttitre) values ('Science Fiction', 'Edvard Munch');
insert into GnrCnt (gnrtitre, cnttitre) values ('Spy', 'Mean Girls 2');
insert into GnrCnt (gnrtitre, cnttitre) values ('Supernatural', 'Kid, The');
insert into GnrCnt (gnrtitre, cnttitre) values ('Thriller', 'Cheerleaders, The');
insert into GnrCnt (gnrtitre, cnttitre) values ('Slasher', 'Possession, The');
insert into GnrCnt (gnrtitre, cnttitre) values ('Erotic', 'Machete Maidens Unleashed!');
insert into GnrCnt (gnrtitre, cnttitre) values ('Disaster', 'Deadline - U.S.A.');
insert into GnrCnt (gnrtitre, cnttitre) values ('Found Footage', 'Planet of the Vampires (Terrore nello spazio)');
insert into GnrCnt (gnrtitre, cnttitre) values ('Noir', 'History of Hell (Rosas Höllenfahrt)');
insert into GnrCnt (gnrtitre, cnttitre) values ('Short', 'Gothika');
insert into GnrCnt (gnrtitre, cnttitre) values ('Martial Arts', 'Stranger by the Lake (L''inconnu du lac)');
insert into GnrCnt (gnrtitre, cnttitre) values ('Science Fiction', 'Crips and Bloods: Made in America');
insert into GnrCnt (gnrtitre, cnttitre) values ('Crime', 'Happy End');
insert into GnrCnt (gnrtitre, cnttitre) values ('Noir', 'Louis C.K.: Chewed Up');

/* --- Movie */
insert into GnrCnt (CntTitre,GnrTitre) values ('Seed', 'Legal');
insert into GnrCnt (CntTitre,GnrTitre) values ('Colt 38 Special Squad', 'Western');
insert into GnrCnt (CntTitre,GnrTitre) values ('Mumia Abu-Jamal: A Case for Reasonable Doubt?', 'Superhero');
insert into GnrCnt (CntTitre,GnrTitre) values ('Assault, The (Aanslag, De)', 'Adventure');
insert into GnrCnt (CntTitre,GnrTitre) values ('Are All Men Pedophiles', 'Live Action');
insert into GnrCnt (CntTitre,GnrTitre) values ('Happy New Year (La Bonne Année)', 'Silent');
insert into GnrCnt (CntTitre,GnrTitre) values ('To the Sea (Alamar)', 'Documentary');
insert into GnrCnt (CntTitre,GnrTitre) values ('Empty Nest (El nido vacío)', 'War');
insert into GnrCnt (CntTitre,GnrTitre) values ('Self-Made Hero, A (Un héros très discret)', 'Found Footage');
insert into GnrCnt (CntTitre,GnrTitre) values ('Held Up', 'Erotic');
insert into GnrCnt (CntTitre,GnrTitre) values ('Marci X', 'Western');
insert into GnrCnt (CntTitre,GnrTitre) values ('Mystery (Fu cheng mi shi)', 'Horror');
insert into GnrCnt (CntTitre,GnrTitre) values ('Deadline', 'Comedy');
insert into GnrCnt (CntTitre,GnrTitre) values ('Another Harvest Moon', 'Biography');
insert into GnrCnt (CntTitre,GnrTitre) values ('Meet the Deedles', 'Slasher');
insert into GnrCnt (CntTitre,GnrTitre) values ('Super Capers', 'Supernatural');
insert into GnrCnt (CntTitre,GnrTitre) values ('Power of One, The', 'Family');
insert into GnrCnt (CntTitre,GnrTitre) values ('Jailbait', 'Mystery');
insert into GnrCnt (CntTitre,GnrTitre) values ('Madhouse', 'Sports');
insert into GnrCnt (CntTitre,GnrTitre) values ('Mental', 'Western');
insert into GnrCnt (CntTitre,GnrTitre) values ('King Is Dancing, The (Le roi danse)', 'Thriller');
insert into GnrCnt (CntTitre,GnrTitre) values ('Jive Turkey', 'Sports');
insert into GnrCnt (CntTitre,GnrTitre) values ('Love In the Time of Money', 'Supernatural');
insert into GnrCnt (CntTitre,GnrTitre) values ('Zombies on Broadway', 'Legal');
insert into GnrCnt (CntTitre,GnrTitre) values ('Desi Boyz', 'Silent');
insert into GnrCnt (CntTitre,GnrTitre) values ('Heroic Ones, The (Shi san tai bao)', 'Superhero');
insert into GnrCnt (CntTitre,GnrTitre) values ('Real McCoy, The', 'Biography');
insert into GnrCnt (CntTitre,GnrTitre) values ('Children Underground', 'Political');
insert into GnrCnt (CntTitre,GnrTitre) values ('Muppet Musicians of Bremen, The', 'Comedy');
insert into GnrCnt (CntTitre,GnrTitre) values ('Lonely Villa, The', 'Crime');
insert into GnrCnt (CntTitre,GnrTitre) values ('Bachelor Party Vegas', 'Comedy');
insert into GnrCnt (CntTitre,GnrTitre) values ('The Devil Thumbs a Ride', 'Supernatural');
insert into GnrCnt (CntTitre,GnrTitre) values ('Each Dawn I Die', 'Mystery');
insert into GnrCnt (CntTitre,GnrTitre) values ('Battle for Marjah, The', 'Horror');
insert into GnrCnt (CntTitre,GnrTitre) values ('Chaos', 'Independent');
insert into GnrCnt (CntTitre,GnrTitre) values ('Firewalker', 'Drama');
insert into GnrCnt (CntTitre,GnrTitre) values ('Rembrandt''s J''accuse', 'Action');
insert into GnrCnt (CntTitre,GnrTitre) values ('Riff-Raff', 'Animated');
insert into GnrCnt (CntTitre,GnrTitre) values ('Network', 'Martial Arts');
insert into GnrCnt (CntTitre,GnrTitre) values ('I giorni contati', 'Historical');
insert into GnrCnt (CntTitre,GnrTitre) values ('Snakes and Earrings (Hebi ni piasu)', 'Satire');
insert into GnrCnt (CntTitre,GnrTitre) values ('Awful Truth, The', 'Thriller');
insert into GnrCnt (CntTitre,GnrTitre) values ('Rainmaker, The', 'Performance');
insert into GnrCnt (CntTitre,GnrTitre) values ('Brother 2 (Brat 2)', 'Short');
insert into GnrCnt (CntTitre,GnrTitre) values ('Paraíso Travel', 'Supernatural');
insert into GnrCnt (CntTitre,GnrTitre) values ('13th Warrior, The', 'Erotic');
insert into GnrCnt (CntTitre,GnrTitre) values ('After the Wedding (Efter brylluppet)', 'Mystery');
insert into GnrCnt (CntTitre,GnrTitre) values ('Sorcerer and the White Snake, The (Bai she chuan shuo)', 'Horror');
insert into GnrCnt (CntTitre,GnrTitre) values ('Food, Inc.', 'Animated');
insert into GnrCnt (CntTitre,GnrTitre) values ('Brimstone and Treacle', 'Supernatural');
insert into GnrCnt (CntTitre,GnrTitre) values ('Braddock: Missing in Action III', 'Teen');
insert into GnrCnt (CntTitre,GnrTitre) values ('Tuvalu', 'Legal');
insert into GnrCnt (CntTitre,GnrTitre) values ('The Big Flame', 'Musical');
insert into GnrCnt (CntTitre,GnrTitre) values ('Beauty Is Embarrassing', 'Erotic');
insert into GnrCnt (CntTitre,GnrTitre) values ('Brand Upon the Brain!', 'Satire');
insert into GnrCnt (CntTitre,GnrTitre) values ('Jetsons: The Movie', 'Fantasy');
insert into GnrCnt (CntTitre,GnrTitre) values ('Tai Chi Hero', 'Action');
insert into GnrCnt (CntTitre,GnrTitre) values ('Man Called Gannon, A', 'Teen');
insert into GnrCnt (CntTitre,GnrTitre) values ('Castle in the Desert (Charlie Chan in Castle in the Desert)', 'Fantasy');
insert into GnrCnt (CntTitre,GnrTitre) values ('Taqwacore: The Birth of Punk Islam', 'Mystery');
insert into GnrCnt (CntTitre,GnrTitre) values ('World on a Wire (Welt am Draht)', 'Martial Arts');
insert into GnrCnt (CntTitre,GnrTitre) values ('Son of Lassie', 'Political');
insert into GnrCnt (CntTitre,GnrTitre) values ('Big Deal on Madonna Street (I Soliti Ignoti)', 'Silent');
insert into GnrCnt (CntTitre,GnrTitre) values ('The Hunters', 'Musical');
insert into GnrCnt (CntTitre,GnrTitre) values ('Guilty (Présumé coupable)', 'Performance');
insert into GnrCnt (CntTitre,GnrTitre) values ('Panic', 'Fantasy');
insert into GnrCnt (CntTitre,GnrTitre) values ('Desert Rats, The', 'Crime');
insert into GnrCnt (CntTitre,GnrTitre) values ('Cold Weather', 'Romance');
insert into GnrCnt (CntTitre,GnrTitre) values ('Return of Martin Guerre, The (Retour de Martin Guerre, Le)', 'Crime');
insert into GnrCnt (CntTitre,GnrTitre) values ('Thunderbolt and Lightfoot', 'Romance');
insert into GnrCnt (CntTitre,GnrTitre) values ('Seaside (Bord de Mer)', 'Family');
insert into GnrCnt (CntTitre,GnrTitre) values ('Frequencies', 'Short');
insert into GnrCnt (CntTitre,GnrTitre) values ('Awakening, The', 'Satire');
insert into GnrCnt (CntTitre,GnrTitre) values ('2:13', 'Teen');
insert into GnrCnt (CntTitre,GnrTitre) values ('City by the Sea', 'Mystery');
insert into GnrCnt (CntTitre,GnrTitre) values ('Gendernauts', 'Horror');
insert into GnrCnt (CntTitre,GnrTitre) values ('Baby Take a Bow', 'Fantasy');
insert into GnrCnt (CntTitre,GnrTitre) values ('Laffghanistan: Comedy Down Range', 'Dance');
insert into GnrCnt (CntTitre,GnrTitre) values ('In Name Only', 'Mystery');
insert into GnrCnt (CntTitre,GnrTitre) values ('Grimm Love (Rohtenburg)', 'Action');
insert into GnrCnt (CntTitre,GnrTitre) values ('Tactical Force', 'Noir');
insert into GnrCnt (CntTitre,GnrTitre) values ('Employees'' Entrance', 'Independent');
insert into GnrCnt (CntTitre,GnrTitre) values ('Tunes of Glory', 'Science Fiction');
insert into GnrCnt (CntTitre,GnrTitre) values ('Hercules', 'Erotic');
insert into GnrCnt (CntTitre,GnrTitre) values ('Flash Point (a.k.a. Flashpoint) (Dou fo sin)', 'Dance');
insert into GnrCnt (CntTitre,GnrTitre) values ('Until Death', 'War');
insert into GnrCnt (CntTitre,GnrTitre) values ('Shadow Dancer, The (Shadows in the Sun)', 'War');
insert into GnrCnt (CntTitre,GnrTitre) values ('Return of the Living Dead, The', 'Historical');
insert into GnrCnt (CntTitre,GnrTitre) values ('Riders of the Purple Sage', 'Satire');
insert into GnrCnt (CntTitre,GnrTitre) values ('Skin Game, The', 'Spy');
insert into GnrCnt (CntTitre,GnrTitre) values ('Sparkle', 'Superhero');
insert into GnrCnt (CntTitre,GnrTitre) values ('Fat Head', 'Romance');
insert into GnrCnt (CntTitre,GnrTitre) values ('Ascension', 'Disaster');
insert into GnrCnt (CntTitre,GnrTitre) values ('Mirage Men', 'Drama');
insert into GnrCnt (CntTitre,GnrTitre) values ('Act of Seeing with One''s Own Eyes, The ', 'Romance');
insert into GnrCnt (CntTitre,GnrTitre) values ('The Uninvited Guest', 'Teen');
insert into GnrCnt (CntTitre,GnrTitre) values ('The Boogens', 'Documentary');
insert into GnrCnt (CntTitre,GnrTitre) values ('Leatherheads', 'Performance');
insert into GnrCnt (CntTitre,GnrTitre) values ('MVP: Most Valuable Primate', 'Noir');
insert into GnrCnt (CntTitre,GnrTitre) values ('Watermarks', 'Fantasy');

-- Table Langue-Contenu
INSERT INTO "LngCnt" ("LngNom", "CntTitre") VALUES
	('Deutsch', '12'),
	('Deutsch', 'Act of Seeing with One''s Own Eyes, The '),
	('Deutsch', 'After the Wedding (Efter brylluppet)'),
	('Deutsch', 'Baby Take a Bow'),
	('Deutsch', 'Bachelor Party Vegas'),
	('Deutsch', 'Battle for Marjah, The'),
	('Deutsch', 'Beauty Is Embarrassing'),
	('Deutsch', 'Black Mirror'),
	('Deutsch', 'Born American'),
	('Deutsch', 'Braddock: Missing in Action III'),
	('Deutsch', 'Brimstone and Treacle'),
	('Deutsch', 'Brother 2 (Brat 2)'),
	('Deutsch', 'Cave of Forgotten Dreams'),
	('Deutsch', 'Chaos'),
	('Deutsch', 'Cheerleaders, The'),
	('Deutsch', 'Chernobyl'),
	('Deutsch', 'Children Underground'),
	('Deutsch', 'Citizen Dog (Mah nakorn)'),
	('Deutsch', 'Danny Deckchair'),
	('Deutsch', 'Deadline'),
	('Deutsch', 'Delicatessen'),
	('Deutsch', 'Dream Demon'),
	('Deutsch', 'Edvard Munch'),
	('Deutsch', 'Employees'' Entrance'),
	('Deutsch', 'Empty Nest (El nido vacío)'),
	('Deutsch', 'Eye, The'),
	('Deutsch', 'Farmer''s Wife, The'),
	('Deutsch', 'Fat Head'),
	('Deutsch', 'Floods of Fear'),
	('Deutsch', 'Four Ways Out'),
	('Deutsch', 'Friends with Benefits'),
	('Deutsch', 'Fullmetal Alchemist: The Sacred Star of Milos'),
	('Deutsch', 'Funeral Parade of Roses (Bara no sôretsu)'),
	('Deutsch', 'Gendernauts'),
	('Deutsch', 'Golden Thread, The (Subarnarekha)'),
	('Deutsch', 'Green Ice'),
	('Deutsch', 'Grimm Love (Rohtenburg)'),
	('Deutsch', 'Guilty (Présumé coupable)'),
	('Deutsch', 'Happy New Year (La Bonne Année)'),
	('Deutsch', 'Held Up'),
	('Deutsch', 'History of Hell (Rosas Höllenfahrt)'),
	('Deutsch', 'Human Lanterns (Ren pi deng long)'),
	('Deutsch', 'In Name Only'),
	('Deutsch', 'Kagi (Odd Obsession)'),
	('Deutsch', 'King Is Dancing, The (Le roi danse)'),
	('Deutsch', 'Laffghanistan: Comedy Down Range'),
	('Deutsch', 'Land That Time Forgot, The'),
	('Deutsch', 'Last Call at the Oasis'),
	('Deutsch', 'Leatherheads'),
	('Deutsch', 'Love In the Time of Money'),
	('Deutsch', 'Madhouse'),
	('Deutsch', 'Man Called Gannon, A'),
	('Deutsch', 'Meet the Deedles'),
	('Deutsch', 'Network'),
	('Deutsch', 'No Direction Home: Bob Dylan'),
	('Deutsch', 'Notorious'),
	('Deutsch', 'Once a Thief (Zong heng si hai)'),
	('Deutsch', 'Once Upon a Time in Anatolia (Bir zamanlar Anadolu''da)'),
	('Deutsch', 'Panic'),
	('Deutsch', 'Payment Deferred'),
	('Deutsch', 'Power of One, The'),
	('Deutsch', 'Quest for Fire (Guerre du feu, La)'),
	('Deutsch', 'Rainmaker, The'),
	('Deutsch', 'Real McCoy, The'),
	('Deutsch', 'Return of the Living Dead, The'),
	('Deutsch', 'Richard III'),
	('Deutsch', 'Seaside (Bord de Mer)'),
	('Deutsch', 'Seed'),
	('Deutsch', 'Shot in the Heart'),
	('Deutsch', 'Still Breathing'),
	('Deutsch', 'Supergirl'),
	('Deutsch', 'The Boogens'),
	('Deutsch', 'The Devil Thumbs a Ride'),
	('Deutsch', 'The Dust Bowl'),
	('Deutsch', 'The Hunters'),
	('Deutsch', 'Watermarks'),
	('Deutsch', 'World on a Wire (Welt am Draht)'),
	('Deutsch', 'Zeisters (Fat Guy Goes Nutzoid)'),
	('Deutsch', 'Zombies on Broadway'),
	('English', '12'),
	('English', '2:13'),
	('English', '28 Days Later'),
	('English', 'Act of Seeing with One''s Own Eyes, The '),
	('English', 'All in a Night''s Work'),
	('English', 'Another Harvest Moon'),
	('English', 'Are All Men Pedophiles'),
	('English', 'Awful Truth, The'),
	('English', 'Baby Take a Bow'),
	('English', 'Bachelor Party Vegas'),
	('English', 'Beauty Is Embarrassing'),
	('English', 'Big Deal on Madonna Street (I Soliti Ignoti)'),
	('English', 'Born American'),
	('English', 'Brief Interviews with Hideous Men'),
	('English', 'Brimstone and Treacle'),
	('English', 'Brother Orchid'),
	('English', 'Castle in the Desert (Charlie Chan in Castle in the Desert)'),
	('English', 'Champion, The'),
	('English', 'Chaos'),
	('English', 'Children Underground'),
	('English', 'Citizen Dog (Mah nakorn)'),
	('English', 'City by the Sea'),
	('English', 'Cold Weather'),
	('English', 'Cross of Iron'),
	('English', 'Danny Deckchair'),
	('English', 'Dead Like Me: Life After Death'),
	('English', 'Desert Rats, The'),
	('English', 'Desi Boyz'),
	('English', 'Each Dawn I Die'),
	('English', 'Fair Game'),
	('English', 'Five Graves to Cairo'),
	('English', 'Flash Point (a.k.a. Flashpoint) (Dou fo sin)'),
	('English', 'Floods of Fear'),
	('English', 'Food, Inc.'),
	('English', 'Four Christmases'),
	('English', 'Frequencies'),
	('English', 'Fullmetal Alchemist: The Sacred Star of Milos'),
	('English', 'Happy New Year (La Bonne Année)'),
	('English', 'Held Up'),
	('English', 'Heroic Ones, The (Shi san tai bao)'),
	('English', 'History of Hell (Rosas Höllenfahrt)'),
	('English', 'Human Lanterns (Ren pi deng long)'),
	('English', 'Inconvenient Tax, An'),
	('English', 'Jetsons: The Movie'),
	('English', 'Jive Turkey'),
	('English', 'Kid, The'),
	('English', 'Leatherheads'),
	('English', 'Machete Maidens Unleashed!'),
	('English', 'Madhouse'),
	('English', 'Meet the Deedles'),
	('English', 'Mental'),
	('English', 'Mirage Men'),
	('English', 'Mumia Abu-Jamal: A Case for Reasonable Doubt?'),
	('English', 'MVP: Most Valuable Primate'),
	('English', 'Mystery (Fu cheng mi shi)'),
	('English', 'Network'),
	('English', 'No Direction Home: Bob Dylan'),
	('English', 'Nobody Else But You (Poupoupidou)'),
	('English', 'Nomad (Köshpendiler)'),
	('English', 'Once Upon a Time in Anatolia (Bir zamanlar Anadolu''da)'),
	('English', 'Paraíso Travel'),
	('English', 'Payment Deferred'),
	('English', 'Pearls of the Crown, The (Les perles de la couronne)'),
	('English', 'Possession, The'),
	('English', 'Power of One, The'),
	('English', 'Rainmaker, The'),
	('English', 'Red Baron, The (Der rote Baron)'),
	('English', 'Riders of the Purple Sage'),
	('English', 'Seaside (Bord de Mer)'),
	('English', 'Self-Made Hero, A (Un héros très discret)'),
	('English', 'Shaft'),
	('English', 'Shot in the Heart'),
	('English', 'Simpatico'),
	('English', 'Sinbad: Legend of the Seven Seas'),
	('English', 'Skin Game, The'),
	('English', 'Son of Lassie'),
	('English', 'Sorcerer and the White Snake, The (Bai she chuan shuo)'),
	('English', 'Super Capers'),
	('English', 'Supergirl'),
	('English', 'Tactical Force'),
	('English', 'The Big Flame'),
	('English', 'The Boogens'),
	('English', 'The Boys'),
	('English', 'The Dust Bowl'),
	('English', 'The Expanse'),
	('English', 'The Trap'),
	('English', 'The Uninvited Guest'),
	('English', 'Tunes of Glory'),
	('English', 'Until Death'),
	('English', 'Urusei Yatsura Movie 2: Beautiful Dreamer (Urusei Yatsura 2: Byûtifuru dorîmâ)'),
	('Español', '13th Warrior, The'),
	('Español', '247°F '),
	('Español', '28 Days Later'),
	('Español', 'Act of Seeing with One''s Own Eyes, The '),
	('Español', 'All in a Night''s Work'),
	('Español', 'Ascension'),
	('Español', 'Assault, The (Aanslag, De)'),
	('Español', 'Astronaut''s Wife, The'),
	('Español', 'Battle for Marjah, The'),
	('Español', 'Big Deal on Madonna Street (I Soliti Ignoti)'),
	('Español', 'Black Heaven (L''autre monde) (Other World, The)'),
	('Español', 'Braddock: Missing in Action III'),
	('Español', 'Brand Upon the Brain!'),
	('Español', 'Brief Interviews with Hideous Men'),
	('Español', 'Brother 2 (Brat 2)'),
	('Español', 'Brother Orchid'),
	('Español', 'Bubba Ho-tep'),
	('Español', 'Chernobyl'),
	('Español', 'Children Underground'),
	('Español', 'City by the Sea'),
	('Español', 'Colt 38 Special Squad'),
	('Español', 'Cross of Iron'),
	('Español', 'Dead Like Me: Life After Death'),
	('Español', 'Deadline - U.S.A.'),
	('Español', 'Delicatessen'),
	('Español', 'Desert Rats, The'),
	('Español', 'Edvard Munch'),
	('Español', 'Employees'' Entrance'),
	('Español', 'Enemy Below, The'),
	('Español', 'Farmer''s Wife, The'),
	('Español', 'Fat Head'),
	('Español', 'Five Graves to Cairo'),
	('Español', 'Five Star Final'),
	('Español', 'Flash Point (a.k.a. Flashpoint) (Dou fo sin)'),
	('Español', 'Floods of Fear'),
	('Español', 'Four Christmases'),
	('Español', 'Four Ways Out'),
	('Español', 'Friends with Benefits'),
	('Español', 'Funeral Parade of Roses (Bara no sôretsu)'),
	('Español', 'Gladiator'),
	('Español', 'Grimm Love (Rohtenburg)'),
	('Español', 'Happy End'),
	('Español', 'Haunting, The'),
	('Español', 'Hercules'),
	('Español', 'Heroic Ones, The (Shi san tai bao)'),
	('Español', 'Hundred and One Nights, A (Cent et une nuits de Simon Cinéma, Les)'),
	('Español', 'I''m the One That I Want'),
	('Español', 'In Name Only'),
	('Español', 'Jailbait'),
	('Español', 'Lady Oscar'),
	('Español', 'Last Call at the Oasis'),
	('Español', 'Lonely Villa, The'),
	('Español', 'Louis C.K.: Chewed Up'),
	('Español', 'Man Called Gannon, A'),
	('Español', 'Marci X'),
	('Español', 'Mean Girls 2'),
	('Español', 'Mental'),
	('Español', 'Nobody Else But You (Poupoupidou)'),
	('Español', 'Nomad (Köshpendiler)'),
	('Español', 'Once a Thief (Zong heng si hai)'),
	('Español', 'Our Vines Have Tender Grapes'),
	('Español', 'Panic'),
	('Español', 'Pearls of the Crown, The (Les perles de la couronne)'),
	('Español', 'Pekko ja unissakävelijä'),
	('Español', 'Planet of the Vampires (Terrore nello spazio)'),
	('Español', 'Possession, The'),
	('Español', 'Queen: Days of Our Lives'),
	('Español', 'Rainmaker, The'),
	('Español', 'Return of Martin Guerre, The (Retour de Martin Guerre, Le)'),
	('Español', 'Richard III'),
	('Español', 'Riff-Raff'),
	('Español', 'Seed'),
	('Español', 'Seraphim Falls'),
	('Español', 'Shadow Dancer, The (Shadows in the Sun)'),
	('Español', 'Shaft'),
	('Español', 'Simpatico'),
	('Español', 'Son of Lassie'),
	('Español', 'Sorcerer and the White Snake, The (Bai she chuan shuo)'),
	('Español', 'Sparkle'),
	('Español', 'Still Breathing'),
	('Español', 'Supergirl'),
	('Español', 'Tactical Force'),
	('Español', 'Tai Chi Hero'),
	('Español', 'Taqwacore: The Birth of Punk Islam'),
	('Español', 'The Devil Thumbs a Ride'),
	('Español', 'The Dust Bowl'),
	('Español', 'The Trap'),
	('Español', 'Thunderbirds Are GO'),
	('Español', 'Thunderbolt and Lightfoot'),
	('Español', 'Tuvalu'),
	('Español', 'Watermarks'),
	('Español', 'Wishmaster 3: Beyond the Gates of Hell'),
	('Français', '13th Warrior, The'),
	('Français', '2:13'),
	('Français', 'After the Wedding (Efter brylluppet)'),
	('Français', 'Altered Carbon'),
	('Français', 'Are All Men Pedophiles'),
	('Français', 'Ascension'),
	('Français', 'Assault, The (Aanslag, De)'),
	('Français', 'Astronaut''s Wife, The'),
	('Français', 'Awful Truth, The'),
	('Français', 'Born Romantic'),
	('Français', 'Breach'),
	('Français', 'Brimstone and Treacle'),
	('Français', 'Brother Orchid'),
	('Français', 'Champion, The'),
	('Français', 'Chernobyl'),
	('Français', 'Citizen Dog (Mah nakorn)'),
	('Français', 'Cold Weather'),
	('Français', 'Colt 38 Special Squad'),
	('Français', 'Dark Dungeons'),
	('Français', 'Deadline'),
	('Français', 'Desi Boyz'),
	('Français', 'Dreamers, The'),
	('Français', 'Edvard Munch'),
	('Français', 'Employees'' Entrance'),
	('Français', 'Empty Nest (El nido vacío)'),
	('Français', 'Eye, The'),
	('Français', 'Firewalker'),
	('Français', 'Five Graves to Cairo'),
	('Français', 'Five Star Final'),
	('Français', 'Gendernauts'),
	('Français', 'Gladiator'),
	('Français', 'Green Ice'),
	('Français', 'Grimm Love (Rohtenburg)'),
	('Français', 'Happy End'),
	('Français', 'Haunting, The'),
	('Français', 'High Tension (Haute tension) (Switchblade Romance)'),
	('Français', 'History of Hell (Rosas Höllenfahrt)'),
	('Français', 'Hundred and One Nights, A (Cent et une nuits de Simon Cinéma, Les)'),
	('Français', 'I''m the One That I Want'),
	('Français', 'In Name Only'),
	('Français', 'Inconvenient Tax, An'),
	('Français', 'Jetsons: The Movie'),
	('Français', 'Jive Turkey'),
	('Français', 'Key, The'),
	('Français', 'Kid, The'),
	('Français', 'Lady Oscar'),
	('Français', 'Last Call at the Oasis'),
	('Français', 'London River'),
	('Français', 'Louis C.K.: Chewed Up'),
	('Français', 'Man Called Gannon, A'),
	('Français', 'Marci X'),
	('Français', 'Mean Girls 2'),
	('Français', 'Mental'),
	('Français', 'Mumia Abu-Jamal: A Case for Reasonable Doubt?'),
	('Français', 'Muppet Musicians of Bremen, The'),
	('Français', 'MVP: Most Valuable Primate'),
	('Français', 'Naked Jungle, The'),
	('Français', 'Network'),
	('Français', 'New Year''s Eve'),
	('Français', 'Nobody Else But You (Poupoupidou)'),
	('Français', 'Notorious'),
	('Français', 'Once Upon a Time in Anatolia (Bir zamanlar Anadolu''da)'),
	('Français', 'Our Vines Have Tender Grapes'),
	('Français', 'Panic'),
	('Français', 'Paraíso Travel'),
	('Français', 'Payment Deferred'),
	('Français', 'Pearls of the Crown, The (Les perles de la couronne)'),
	('Français', 'Pekko ja unissakävelijä'),
	('Français', 'Planet of the Vampires (Terrore nello spazio)'),
	('Français', 'Queen: Days of Our Lives'),
	('Français', 'Quest for Fire (Guerre du feu, La)'),
	('Français', 'Red Garters'),
	('Français', 'Rembrandt''s J''accuse'),
	('Français', 'Return of Martin Guerre, The (Retour de Martin Guerre, Le)'),
	('Français', 'Return of the Living Dead, The'),
	('Français', 'Riders of the Purple Sage'),
	('Français', 'Rulers of the City'),
	('Français', 'Seed'),
	('Français', 'Seraphim Falls'),
	('Français', 'Shadow Dancer, The (Shadows in the Sun)'),
	('Français', 'Shaft'),
	('Français', 'Sinbad: Legend of the Seven Seas'),
	('Français', 'Skin Game, The'),
	('Français', 'Snakes and Earrings (Hebi ni piasu)'),
	('Français', 'Sparkle'),
	('Français', 'Stranger by the Lake (L''inconnu du lac)'),
	('Français', 'Super Capers'),
	('Français', 'Tai Chi Hero'),
	('Français', 'Taqwacore: The Birth of Punk Islam'),
	('Français', 'The Big Flame'),
	('Français', 'The Boys'),
	('Français', 'The Expanse'),
	('Français', 'The Hunters'),
	('Français', 'Thunderbirds Are GO'),
	('Français', 'To the Sea (Alamar)'),
	('Français', 'Tunes of Glory'),
	('Français', 'Until Death'),
	('Français', 'Wildflowers'),
	('Français', 'Will'),
	('Français', 'Wishmaster 3: Beyond the Gates of Hell'),
	('Français', 'World on a Wire (Welt am Draht)'),
	('Français', 'Zombies on Broadway'),
	('Italiano', '2:13'),
	('Italiano', '247°F '),
	('Italiano', '28 Days Later'),
	('Italiano', 'Another Harvest Moon'),
	('Italiano', 'Awakening, The'),
	('Italiano', 'Beauty Is Embarrassing'),
	('Italiano', 'Black Mirror'),
	('Italiano', 'Born Romantic'),
	('Italiano', 'Brand Upon the Brain!'),
	('Italiano', 'Breach'),
	('Italiano', 'Brother 2 (Brat 2)'),
	('Italiano', 'Cave of Forgotten Dreams'),
	('Italiano', 'Cheerleaders, The'),
	('Italiano', 'City by the Sea'),
	('Italiano', 'Crips and Bloods: Made in America'),
	('Italiano', 'Danny Deckchair'),
	('Italiano', 'Desi Boyz'),
	('Italiano', 'Enemy Below, The'),
	('Italiano', 'Fat Head'),
	('Italiano', 'Food, Inc.'),
	('Italiano', 'Four Christmases'),
	('Italiano', 'Golden Thread, The (Subarnarekha)'),
	('Italiano', 'Happy End'),
	('Italiano', 'Happy New Year (La Bonne Année)'),
	('Italiano', 'Hercules'),
	('Italiano', 'High Tension (Haute tension) (Switchblade Romance)'),
	('Italiano', 'I giorni contati'),
	('Italiano', 'Jailbait'),
	('Italiano', 'Jetsons: The Movie'),
	('Italiano', 'Key, The'),
	('Italiano', 'King Is Dancing, The (Le roi danse)'),
	('Italiano', 'Lady Oscar'),
	('Italiano', 'Land That Time Forgot, The'),
	('Italiano', 'Lonely Villa, The'),
	('Italiano', 'Louis C.K.: Chewed Up'),
	('Italiano', 'Love In the Time of Money'),
	('Italiano', 'Mean Girls 2'),
	('Italiano', 'Muppet Musicians of Bremen, The'),
	('Italiano', 'MVP: Most Valuable Primate'),
	('Italiano', 'No Direction Home: Bob Dylan'),
	('Italiano', 'Nomad (Köshpendiler)'),
	('Italiano', 'Our Vines Have Tender Grapes'),
	('Italiano', 'Paraíso Travel'),
	('Italiano', 'Power of One, The'),
	('Italiano', 'Queen: Days of Our Lives'),
	('Italiano', 'Quest for Fire (Guerre du feu, La)'),
	('Italiano', 'Red Garters'),
	('Italiano', 'Riff-Raff'),
	('Italiano', 'Seaside (Bord de Mer)'),
	('Italiano', 'Self-Made Hero, A (Un héros très discret)'),
	('Italiano', 'Shadow Dancer, The (Shadows in the Sun)'),
	('Italiano', 'Shot in the Heart'),
	('Italiano', 'Skin Game, The'),
	('Italiano', 'Sorcerer and the White Snake, The (Bai she chuan shuo)'),
	('Italiano', 'Stranger by the Lake (L''inconnu du lac)'),
	('Italiano', 'The Boogens'),
	('Italiano', 'The Boys'),
	('Italiano', 'The Expanse'),
	('Italiano', 'The Uninvited Guest'),
	('Italiano', 'To the Sea (Alamar)'),
	('Italiano', 'Tunes of Glory'),
	('Italiano', 'Tuvalu'),
	('Italiano', 'Way We Laughed, The (Così Ridevano)'),
	('Italiano', 'Will'),
	('Italiano', 'World Unseen, The'),
	('Italiano', 'Zeisters (Fat Guy Goes Nutzoid)'),
	('Português', '12'),
	('Português', '13th Warrior, The'),
	('Português', '247°F '),
	('Português', 'After the Wedding (Efter brylluppet)'),
	('Português', 'All in a Night''s Work'),
	('Português', 'Altered Carbon'),
	('Português', 'Another Harvest Moon'),
	('Português', 'Astronaut''s Wife, The'),
	('Português', 'Awakening, The'),
	('Português', 'Awful Truth, The'),
	('Português', 'Baby Take a Bow'),
	('Português', 'Big Deal on Madonna Street (I Soliti Ignoti)'),
	('Português', 'Black Mirror'),
	('Português', 'Born Romantic'),
	('Português', 'Braddock: Missing in Action III'),
	('Português', 'Breach'),
	('Português', 'Bubba Ho-tep'),
	('Português', 'Castle in the Desert (Charlie Chan in Castle in the Desert)'),
	('Português', 'Champion, The'),
	('Português', 'Chaos'),
	('Português', 'Cheerleaders, The'),
	('Português', 'Crips and Bloods: Made in America'),
	('Português', 'Dark Dungeons'),
	('Português', 'Dead Like Me: Life After Death'),
	('Português', 'Deadline - U.S.A.'),
	('Português', 'Delicatessen'),
	('Português', 'Dream Demon'),
	('Português', 'Dreamers, The'),
	('Português', 'Fair Game'),
	('Português', 'Farmer''s Wife, The'),
	('Português', 'Firewalker'),
	('Português', 'Five Star Final'),
	('Português', 'Flash Point (a.k.a. Flashpoint) (Dou fo sin)'),
	('Português', 'Four Ways Out'),
	('Português', 'Frequencies'),
	('Português', 'Friends with Benefits'),
	('Português', 'Fullmetal Alchemist: The Sacred Star of Milos'),
	('Português', 'Funeral Parade of Roses (Bara no sôretsu)'),
	('Português', 'Golden Thread, The (Subarnarekha)'),
	('Português', 'Gothika'),
	('Português', 'Guilty (Présumé coupable)'),
	('Português', 'Haunting, The'),
	('Português', 'Held Up'),
	('Português', 'Hercules'),
	('Português', 'Human Lanterns (Ren pi deng long)'),
	('Português', 'I giorni contati'),
	('Português', 'Inconvenient Tax, An'),
	('Português', 'Kagi (Odd Obsession)'),
	('Português', 'Key, The'),
	('Português', 'Laffghanistan: Comedy Down Range'),
	('Português', 'Leatherheads'),
	('Português', 'London River'),
	('Português', 'Love In the Time of Money'),
	('Português', 'Machete Maidens Unleashed!'),
	('Português', 'Madhouse'),
	('Português', 'Mirage Men'),
	('Português', 'Muppet Musicians of Bremen, The'),
	('Português', 'Naked Jungle, The'),
	('Português', 'New Year''s Eve'),
	('Português', 'Real McCoy, The'),
	('Português', 'Red Baron, The (Der rote Baron)'),
	('Português', 'Red Garters'),
	('Português', 'Rembrandt''s J''accuse'),
	('Português', 'Return of Martin Guerre, The (Retour de Martin Guerre, Le)'),
	('Português', 'Return of the Living Dead, The'),
	('Português', 'Riff-Raff'),
	('Português', 'Rulers of the City'),
	('Português', 'Simpatico'),
	('Português', 'Sinbad: Legend of the Seven Seas'),
	('Português', 'Snakes and Earrings (Hebi ni piasu)'),
	('Português', 'Son of Lassie'),
	('Português', 'Sparkle'),
	('Português', 'Super Capers'),
	('Português', 'Tactical Force'),
	('Português', 'Taqwacore: The Birth of Punk Islam'),
	('Português', 'Thunderbirds Are GO'),
	('Português', 'Thunderbolt and Lightfoot'),
	('Português', 'To the Sea (Alamar)'),
	('Português', 'Urusei Yatsura Movie 2: Beautiful Dreamer (Urusei Yatsura 2: Byûtifuru dorîmâ)'),
	('Português', 'Way We Laughed, The (Così Ridevano)'),
	('Português', 'Wildflowers'),
	('Português', 'Zero de conduite (Zero for Conduct) (Zéro de conduite: Jeunes diables au collège)');


-- Table Acteur
insert into Acteur (nom, prenom) values ('Jamot', 'Dee dee');
insert into Acteur (nom, prenom) values ('Hocking', 'Germayne');
insert into Acteur (nom, prenom) values ('Hodcroft', 'Smith');
insert into Acteur (nom, prenom) values ('Calltone', 'Crichton');
insert into Acteur (nom, prenom) values ('Walker', 'Odetta');
insert into Acteur (nom, prenom) values ('Danes', 'Sybil');
insert into Acteur (nom, prenom) values ('Basten', 'Brigit');
insert into Acteur (nom, prenom) values ('Gerrish', 'Omero');
insert into Acteur (nom, prenom) values ('Toland', 'Deck');
insert into Acteur (nom, prenom) values ('Bodicam', 'Ikey');
insert into Acteur (nom, prenom) values ('Wickens', 'Onofredo');
insert into Acteur (nom, prenom) values ('Yesson', 'Raff');
insert into Acteur (nom, prenom) values ('Wakeley', 'Hendrika');
insert into Acteur (nom, prenom) values ('Burberow', 'Waite');
insert into Acteur (nom, prenom) values ('Woolpert', 'Rickert');
insert into Acteur (nom, prenom) values ('Mayward', 'Wes');
insert into Acteur (nom, prenom) values ('Dearnly', 'Edna');
insert into Acteur (nom, prenom) values ('Nucator', 'Serge');
insert into Acteur (nom, prenom) values ('Mowsdell', 'Salvatore');
insert into Acteur (nom, prenom) values ('Shoubridge', 'Hamish');
insert into Acteur (nom, prenom) values ('Circuitt', 'Carola');
insert into Acteur (nom, prenom) values ('Gutcher', 'Cort');
insert into Acteur (nom, prenom) values ('Borless', 'Beret');
insert into Acteur (nom, prenom) values ('Nairn', 'Quillan');
insert into Acteur (nom, prenom) values ('Kindon', 'Adlai');
insert into Acteur (nom, prenom) values ('Hartburn', 'Amara');
insert into Acteur (nom, prenom) values ('Benitez', 'Kareem');
insert into Acteur (nom, prenom) values ('Ronca', 'Donnajean');
insert into Acteur (nom, prenom) values ('Wait', 'Alanna');
insert into Acteur (nom, prenom) values ('Wardingley', 'Romeo');
insert into Acteur (nom, prenom) values ('Trimming', 'Maurits');
insert into Acteur (nom, prenom) values ('Lampet', 'Son');
insert into Acteur (nom, prenom) values ('Dinnis', 'Marcela');
insert into Acteur (nom, prenom) values ('Fice', 'Waneta');
insert into Acteur (nom, prenom) values ('Rive', 'Virgina');
insert into Acteur (nom, prenom) values ('Tommasi', 'Tyson');
insert into Acteur (nom, prenom) values ('Eldon', 'Malvina');
insert into Acteur (nom, prenom) values ('Sheardown', 'Franchot');
insert into Acteur (nom, prenom) values ('Anand', 'Jacklin');
insert into Acteur (nom, prenom) values ('Bernholt', 'Thain');
insert into Acteur (nom, prenom) values ('Sandifer', 'Corabelle');
insert into Acteur (nom, prenom) values ('Tuckwell', 'Indira');
insert into Acteur (nom, prenom) values ('Vannacci', 'Cami');
insert into Acteur (nom, prenom) values ('Schirak', 'Tracee');
insert into Acteur (nom, prenom) values ('Woodall', 'Hallie');
insert into Acteur (nom, prenom) values ('Costy', 'Meggie');
insert into Acteur (nom, prenom) values ('O''Driscoll', 'Alfi');
insert into Acteur (nom, prenom) values ('Anstis', 'Kiley');
insert into Acteur (nom, prenom) values ('Tabor', 'Charmain');
insert into Acteur (nom, prenom) values ('Megainey', 'Barrie');
insert into Acteur (nom, prenom) values ('Bricknell', 'Maxy');
insert into Acteur (nom, prenom) values ('Gumn', 'Briant');
insert into Acteur (nom, prenom) values ('McCahey', 'Manon');
insert into Acteur (nom, prenom) values ('Hutcheons', 'Giacobo');
insert into Acteur (nom, prenom) values ('Abramchik', 'Elsinore');
insert into Acteur (nom, prenom) values ('Stenning', 'Marijo');
insert into Acteur (nom, prenom) values ('Desson', 'Jaymie');
insert into Acteur (nom, prenom) values ('Thurborn', 'Lorrie');
insert into Acteur (nom, prenom) values ('Treversh', 'Godiva');
insert into Acteur (nom, prenom) values ('Hember', 'Rubi');
insert into Acteur (nom, prenom) values ('Hounihan', 'D''arcy');
insert into Acteur (nom, prenom) values ('Boyall', 'Harli');
insert into Acteur (nom, prenom) values ('Leighton', 'Ophelia');
insert into Acteur (nom, prenom) values ('Lusher', 'Delilah');
insert into Acteur (nom, prenom) values ('Sporrij', 'Rodge');
insert into Acteur (nom, prenom) values ('King', 'Shaun');
insert into Acteur (nom, prenom) values ('Pley', 'Angy');
insert into Acteur (nom, prenom) values ('Hosby', 'Chiquita');
insert into Acteur (nom, prenom) values ('Hadaway', 'Giulietta');
insert into Acteur (nom, prenom) values ('Strathdee', 'Karlan');
insert into Acteur (nom, prenom) values ('Carde', 'Marya');
insert into Acteur (nom, prenom) values ('Pittle', 'Rozelle');
insert into Acteur (nom, prenom) values ('Wellfare', 'Elysha');
insert into Acteur (nom, prenom) values ('Peeke-Vout', 'Leroi');
insert into Acteur (nom, prenom) values ('Fowden', 'Robinetta');
insert into Acteur (nom, prenom) values ('Gaule', 'Alma');
insert into Acteur (nom, prenom) values ('Barbosa', 'Onida');
insert into Acteur (nom, prenom) values ('Olennikov', 'Golda');
insert into Acteur (nom, prenom) values ('Gippes', 'Niel');
insert into Acteur (nom, prenom) values ('Doiley', 'Say');
insert into Acteur (nom, prenom) values ('Darlow', 'Kiah');
insert into Acteur (nom, prenom) values ('Seebright', 'Madalyn');
insert into Acteur (nom, prenom) values ('Ternott', 'Radcliffe');
insert into Acteur (nom, prenom) values ('Kail', 'Ludvig');
insert into Acteur (nom, prenom) values ('Dickenson', 'Sancho');
insert into Acteur (nom, prenom) values ('Mum', 'Susette');
insert into Acteur (nom, prenom) values ('De Ambrosi', 'Ennis');
insert into Acteur (nom, prenom) values ('Rodolphe', 'Nerte');
insert into Acteur (nom, prenom) values ('Lowings', 'Eadie');
insert into Acteur (nom, prenom) values ('Varnham', 'Lewiss');
insert into Acteur (nom, prenom) values ('Rantoull', 'Marjory');
insert into Acteur (nom, prenom) values ('Kleyn', 'Lorne');
insert into Acteur (nom, prenom) values ('Bunch', 'Hayes');
insert into Acteur (nom, prenom) values ('Trobridge', 'Boris');
insert into Acteur (nom, prenom) values ('Broszkiewicz', 'Estrella');
insert into Acteur (nom, prenom) values ('Carmen', 'Timmie');
insert into Acteur (nom, prenom) values ('McGillivray', 'Bail');
insert into Acteur (nom, prenom) values ('Normadell', 'Dulcea');
insert into Acteur (nom, prenom) values ('Antony', 'Nevin');
insert into Acteur (nom, prenom) values ('Aikin', 'Juditha');
insert into Acteur (nom, prenom) values ('Carlisle', 'Delores');
insert into Acteur (nom, prenom) values ('Tirone', 'Vilma');
insert into Acteur (nom, prenom) values ('Peasgood', 'Deerdre');
insert into Acteur (nom, prenom) values ('Hackinge', 'Irv');
insert into Acteur (nom, prenom) values ('Ludwig', 'Kaine');
insert into Acteur (nom, prenom) values ('Havoc', 'Sissy');
insert into Acteur (nom, prenom) values ('Bastone', 'Arabella');
insert into Acteur (nom, prenom) values ('Clementel', 'Joshua');
insert into Acteur (nom, prenom) values ('Marklew', 'Gill');
insert into Acteur (nom, prenom) values ('Weddeburn - Scrimgeour', 'Clerkclaude');
insert into Acteur (nom, prenom) values ('Heibel', 'Crysta');
insert into Acteur (nom, prenom) values ('Gunton', 'Gualterio');
insert into Acteur (nom, prenom) values ('Rathbone', 'Marisa');
insert into Acteur (nom, prenom) values ('Minster', 'Kissee');
insert into Acteur (nom, prenom) values ('Malsher', 'Letitia');
insert into Acteur (nom, prenom) values ('Mankor', 'Auroora');
insert into Acteur (nom, prenom) values ('Patzelt', 'Betty');
insert into Acteur (nom, prenom) values ('Ditter', 'Franz');
insert into Acteur (nom, prenom) values ('Dagleas', 'Sacha');
insert into Acteur (nom, prenom) values ('Rosborough', 'Darrell');
insert into Acteur (nom, prenom) values ('Seviour', 'Jacquenetta');
insert into Acteur (nom, prenom) values ('Thalmann', 'Roselle');
insert into Acteur (nom, prenom) values ('Bliss', 'Rex');
insert into Acteur (nom, prenom) values ('Cavee', 'Nev');
insert into Acteur (nom, prenom) values ('Jewiss', 'Philipa');
insert into Acteur (nom, prenom) values ('Acedo', 'Melessa');
insert into Acteur (nom, prenom) values ('Chaffin', 'Eben');
insert into Acteur (nom, prenom) values ('Sorrill', 'York');
insert into Acteur (nom, prenom) values ('McCaffery', 'Rebecka');
insert into Acteur (nom, prenom) values ('Wieprecht', 'Lukas');
insert into Acteur (nom, prenom) values ('Beccero', 'Sheilah');
insert into Acteur (nom, prenom) values ('Sheron', 'Rex');
insert into Acteur (nom, prenom) values ('Emmott', 'Tine');
insert into Acteur (nom, prenom) values ('Reina', 'Jan');
insert into Acteur (nom, prenom) values ('Lynch', 'Ganny');
insert into Acteur (nom, prenom) values ('Hamel', 'Dennet');
insert into Acteur (nom, prenom) values ('Eyam', 'Kati');
insert into Acteur (nom, prenom) values ('Wildt', 'Wolfy');
insert into Acteur (nom, prenom) values ('Dykas', 'Rahel');
insert into Acteur (nom, prenom) values ('Sprull', 'Tarrance');
insert into Acteur (nom, prenom) values ('Bucky', 'Joanie');
insert into Acteur (nom, prenom) values ('Gunn', 'Gardener');
insert into Acteur (nom, prenom) values ('Sandom', 'Michele');
insert into Acteur (nom, prenom) values ('Loosemore', 'Rebekah');
insert into Acteur (nom, prenom) values ('Kleanthous', 'Kaia');
insert into Acteur (nom, prenom) values ('Tetlow', 'Jean');
insert into Acteur (nom, prenom) values ('Gallagher', 'Eugine');
insert into Acteur (nom, prenom) values ('Windibank', 'Farly');
insert into Acteur (nom, prenom) values ('Ibbotson', 'Joseph');
insert into Acteur (nom, prenom) values ('Smitten', 'Antony');
insert into Acteur (nom, prenom) values ('Claige', 'Barnebas');
insert into Acteur (nom, prenom) values ('Goullee', 'Arabela');
insert into Acteur (nom, prenom) values ('Rizzotto', 'Irv');
insert into Acteur (nom, prenom) values ('Hulburd', 'Octavia');
insert into Acteur (nom, prenom) values ('Auletta', 'Gwen');
insert into Acteur (nom, prenom) values ('Dorro', 'Denys');
insert into Acteur (nom, prenom) values ('Tidey', 'Jeremias');
insert into Acteur (nom, prenom) values ('Gallihawk', 'Annabelle');
insert into Acteur (nom, prenom) values ('Thewys', 'Rhodia');
insert into Acteur (nom, prenom) values ('Shoutt', 'Charyl');
insert into Acteur (nom, prenom) values ('Divina', 'Christian');
insert into Acteur (nom, prenom) values ('Josephy', 'Grayce');
insert into Acteur (nom, prenom) values ('Markushkin', 'Godfree');
insert into Acteur (nom, prenom) values ('Zuanelli', 'Carolyn');
insert into Acteur (nom, prenom) values ('McMackin', 'Reagen');
insert into Acteur (nom, prenom) values ('Raynard', 'Jada');
insert into Acteur (nom, prenom) values ('Cutteridge', 'Jerrie');
insert into Acteur (nom, prenom) values ('Ewen', 'Scotty');
insert into Acteur (nom, prenom) values ('Worpole', 'Krissy');
insert into Acteur (nom, prenom) values ('Crannell', 'Marielle');
insert into Acteur (nom, prenom) values ('Derwin', 'Johanna');
insert into Acteur (nom, prenom) values ('Hadwick', 'Shea');
insert into Acteur (nom, prenom) values ('Redfern', 'Orren');
insert into Acteur (nom, prenom) values ('Venes', 'Miles');
insert into Acteur (nom, prenom) values ('Tremoille', 'Gaspar');
insert into Acteur (nom, prenom) values ('Calderonello', 'Ly');
insert into Acteur (nom, prenom) values ('Lahy', 'Morly');
insert into Acteur (nom, prenom) values ('Gaspero', 'Isidore');
insert into Acteur (nom, prenom) values ('Swatradge', 'Griselda');
insert into Acteur (nom, prenom) values ('Grummitt', 'Hedvig');
insert into Acteur (nom, prenom) values ('Gilfether', 'Lyndel');
insert into Acteur (nom, prenom) values ('Phillpotts', 'Imogen');
insert into Acteur (nom, prenom) values ('Leatherland', 'Mariam');
insert into Acteur (nom, prenom) values ('Janu', 'Reube');
insert into Acteur (nom, prenom) values ('Gealy', 'Coleen');
insert into Acteur (nom, prenom) values ('Hayhow', 'Ingaberg');
insert into Acteur (nom, prenom) values ('Bowshire', 'Lucine');
insert into Acteur (nom, prenom) values ('Sissens', 'Minna');
insert into Acteur (nom, prenom) values ('Pellamont', 'Maury');
insert into Acteur (nom, prenom) values ('Physick', 'Tabitha');
insert into Acteur (nom, prenom) values ('Matthieson', 'Jobye');
insert into Acteur (nom, prenom) values ('Canner', 'Berny');
insert into Acteur (nom, prenom) values ('Jockle', 'Tine');
insert into Acteur (nom, prenom) values ('Whilder', 'Charla');
insert into Acteur (nom, prenom) values ('Ledingham', 'Wilow');
insert into Acteur (nom, prenom) values ('Hemerijk', 'Stephenie');
insert into Acteur (nom, prenom) values ('Grigorushkin', 'Danette');
insert into Acteur (nom, prenom) values ('Burdell', 'Arlene');
insert into Acteur (nom, prenom) values ('Strode', 'Gibbie');
insert into Acteur (nom, prenom) values ('Collabine', 'Leighton');
insert into Acteur (nom, prenom) values ('Jackman', 'Bonnie');
insert into Acteur (nom, prenom) values ('Wynne', 'Roland');
insert into Acteur (nom, prenom) values ('Kane', 'Lamond');
insert into Acteur (nom, prenom) values ('Ielden', 'Carie');
insert into Acteur (nom, prenom) values ('Mucklow', 'Jephthah');
insert into Acteur (nom, prenom) values ('Hamblyn', 'Janeta');
insert into Acteur (nom, prenom) values ('Wrathall', 'Emelen');
insert into Acteur (nom, prenom) values ('Liffey', 'Giff');
insert into Acteur (nom, prenom) values ('Otter', 'Ximenez');
insert into Acteur (nom, prenom) values ('Larcher', 'Rocky');
insert into Acteur (nom, prenom) values ('Mateiko', 'Mal');
insert into Acteur (nom, prenom) values ('Benoey', 'Conchita');
insert into Acteur (nom, prenom) values ('Ong', 'Fin');
insert into Acteur (nom, prenom) values ('Lakin', 'Lanie');
insert into Acteur (nom, prenom) values ('Brattan', 'Lind');
insert into Acteur (nom, prenom) values ('Reschke', 'Francine');
insert into Acteur (nom, prenom) values ('Izkovici', 'Ashlie');
insert into Acteur (nom, prenom) values ('Kirdsch', 'Brynne');
insert into Acteur (nom, prenom) values ('Engelmann', 'Minette');
insert into Acteur (nom, prenom) values ('Trevaskis', 'Aubry');
insert into Acteur (nom, prenom) values ('Iskower', 'Neal');
insert into Acteur (nom, prenom) values ('Olenov', 'Barrie');
insert into Acteur (nom, prenom) values ('Jedrzaszkiewicz', 'Gleda');
insert into Acteur (nom, prenom) values ('Holywell', 'Cesar');
insert into Acteur (nom, prenom) values ('Kornilyev', 'Aluino');
insert into Acteur (nom, prenom) values ('Sundin', 'Cesar');
insert into Acteur (nom, prenom) values ('Licari', 'Redd');
insert into Acteur (nom, prenom) values ('Baversor', 'Sile');
insert into Acteur (nom, prenom) values ('Maciak', 'Keir');
insert into Acteur (nom, prenom) values ('Bentinck', 'Wynnie');
insert into Acteur (nom, prenom) values ('Allom', 'Lydia');
insert into Acteur (nom, prenom) values ('Cradey', 'Avis');
insert into Acteur (nom, prenom) values ('Connors', 'Tedie');
insert into Acteur (nom, prenom) values ('Feake', 'Brig');
insert into Acteur (nom, prenom) values ('Bridgen', 'Ambros');
insert into Acteur (nom, prenom) values ('Helliwell', 'Evanne');
insert into Acteur (nom, prenom) values ('Otteridge', 'Carolann');
insert into Acteur (nom, prenom) values ('Perritt', 'Laural');
insert into Acteur (nom, prenom) values ('Daviddi', 'Woody');
insert into Acteur (nom, prenom) values ('Hindenberger', 'Goober');
insert into Acteur (nom, prenom) values ('Yeardley', 'Fabiano');
insert into Acteur (nom, prenom) values ('Seedhouse', 'Timotheus');
insert into Acteur (nom, prenom) values ('Laybourn', 'Mildrid');
insert into Acteur (nom, prenom) values ('Antonellini', 'Robbert');
insert into Acteur (nom, prenom) values ('Cattle', 'Noel');
insert into Acteur (nom, prenom) values ('Dakhov', 'Christean');
insert into Acteur (nom, prenom) values ('Kristof', 'Karlis');
insert into Acteur (nom, prenom) values ('Faichnie', 'Rosalynd');
insert into Acteur (nom, prenom) values ('Rossin', 'Allene');
insert into Acteur (nom, prenom) values ('Farn', 'Harland');
insert into Acteur (nom, prenom) values ('Sexty', 'Joseito');
insert into Acteur (nom, prenom) values ('Skelhorne', 'Carina');
insert into Acteur (nom, prenom) values ('Tidbold', 'Maggy');
insert into Acteur (nom, prenom) values ('Ogg', 'Sergent');
insert into Acteur (nom, prenom) values ('Ratt', 'Ruby');
insert into Acteur (nom, prenom) values ('Marginson', 'Gardiner');
insert into Acteur (nom, prenom) values ('Smithin', 'Claudie');
insert into Acteur (nom, prenom) values ('Biddiss', 'Chrysa');
insert into Acteur (nom, prenom) values ('Jarad', 'Fawn');
insert into Acteur (nom, prenom) values ('Courtes', 'Hewet');
insert into Acteur (nom, prenom) values ('Crawforth', 'Jelene');
insert into Acteur (nom, prenom) values ('Offen', 'Bobbi');
insert into Acteur (nom, prenom) values ('Kleisel', 'Kayne');
insert into Acteur (nom, prenom) values ('Scottrell', 'Bab');
insert into Acteur (nom, prenom) values ('Sclanders', 'Merry');
insert into Acteur (nom, prenom) values ('Charlin', 'Arney');
insert into Acteur (nom, prenom) values ('Lund', 'Rosmunda');
insert into Acteur (nom, prenom) values ('Peppard', 'Glyn');
insert into Acteur (nom, prenom) values ('Oglevie', 'Obidiah');
insert into Acteur (nom, prenom) values ('Keatley', 'Star');
insert into Acteur (nom, prenom) values ('Stichall', 'Perla');
insert into Acteur (nom, prenom) values ('Marchant', 'Lyda');
insert into Acteur (nom, prenom) values ('Romaint', 'Merline');
insert into Acteur (nom, prenom) values ('Garfirth', 'Brit');
insert into Acteur (nom, prenom) values ('Jopling', 'Malissa');
insert into Acteur (nom, prenom) values ('Healeas', 'Allistir');
insert into Acteur (nom, prenom) values ('Lemmers', 'Clark');
insert into Acteur (nom, prenom) values ('Caldera', 'Heather');
insert into Acteur (nom, prenom) values ('Sellan', 'Albie');
insert into Acteur (nom, prenom) values ('Impy', 'Brittani');
insert into Acteur (nom, prenom) values ('Iskov', 'Jillane');
insert into Acteur (nom, prenom) values ('Lusk', 'Tiff');
insert into Acteur (nom, prenom) values ('Syme', 'Kent');
insert into Acteur (nom, prenom) values ('Gumary', 'Jakob');
insert into Acteur (nom, prenom) values ('Eplate', 'Jeniece');
insert into Acteur (nom, prenom) values ('Bestiman', 'Hercules');
insert into Acteur (nom, prenom) values ('Toop', 'Kermie');
insert into Acteur (nom, prenom) values ('Grizard', 'Dulciana');
insert into Acteur (nom, prenom) values ('Comley', 'Shandie');
insert into Acteur (nom, prenom) values ('Abelwhite', 'Humberto');
insert into Acteur (nom, prenom) values ('Franceschielli', 'Claiborne');
insert into Acteur (nom, prenom) values ('Halshaw', 'Grayce');
insert into Acteur (nom, prenom) values ('Andreazzi', 'Bobbie');
insert into Acteur (nom, prenom) values ('Molyneux', 'Ricardo');
insert into Acteur (nom, prenom) values ('Kear', 'Minta');
insert into Acteur (nom, prenom) values ('Spittle', 'Ileana');
insert into Acteur (nom, prenom) values ('Bails', 'Samuel');
insert into Acteur (nom, prenom) values ('Shelbourne', 'Albina');
insert into Acteur (nom, prenom) values ('Hamilton', 'Odella');
insert into Acteur (nom, prenom) values ('Keyser', 'Phelia');



/* ----- DOCUMENTARY LINKED */

-- Table Documentaire
insert into Documentaire (CntTitre, DateAjout, Type) values ('Hundred and One Nights, A (Cent et une nuits de Simon Cinéma, Les)', '1999-05-20 21:41:10', 'social');
insert into Documentaire (CntTitre, DateAjout, Type) values ('Green Ice', '2006-06-24 18:42:55', 'social');
insert into Documentaire (CntTitre, DateAjout, Type) values ('12', '2003-10-26 20:31:08', 'social');
insert into Documentaire (CntTitre, DateAjout, Type) values ('World Unseen, The', '2015-06-07 11:55:24', 'nature');
insert into Documentaire (CntTitre, DateAjout, Type) values ('Astronaut''s Wife, The', '1993-02-17 04:07:15', 'musique');
insert into Documentaire (CntTitre, DateAjout, Type) values ('Seraphim Falls', '2009-07-21 06:11:28', 'politique');
insert into Documentaire (CntTitre, DateAjout, Type) values ('Pekko ja unissakävelijä', '2000-02-25 09:26:29', 'politique');
insert into Documentaire (CntTitre, DateAjout, Type) values ('Human Lanterns (Ren pi deng long)', '2005-04-05 12:48:55', 'nature');
insert into Documentaire (CntTitre, DateAjout, Type) values ('Red Garters', '2006-09-03 08:42:00', 'politique');
insert into Documentaire (CntTitre, DateAjout, Type) values ('Brother Orchid', '1996-08-04 07:39:37', 'musique');
insert into Documentaire (CntTitre, DateAjout, Type) values ('The Dust Bowl', '2008-08-03 20:47:22', 'social');
insert into Documentaire (CntTitre, DateAjout, Type) values ('Pearls of the Crown, The (Les perles de la couronne)', '2012-03-16 07:27:09', 'musique');
insert into Documentaire (CntTitre, DateAjout, Type) values ('Dreamers, The', '2006-07-27 12:24:39', 'politique');
insert into Documentaire (CntTitre, DateAjout, Type) values ('Red Baron, The (Der rote Baron)', '2002-01-18 08:50:35', 'nature');
insert into Documentaire (CntTitre, DateAjout, Type) values ('Five Graves to Cairo', '1998-12-03 14:23:34', 'politique');
insert into Documentaire (CntTitre, DateAjout, Type) values ('Haunting, The', '2014-08-31 22:20:44', 'musique');
insert into Documentaire (CntTitre, DateAjout, Type) values ('Quest for Fire (Guerre du feu, La)', '1996-02-09 07:12:48', 'social');
insert into Documentaire (CntTitre, DateAjout, Type) values ('London River', '2003-11-01 23:58:19', 'musique');
insert into Documentaire (CntTitre, DateAjout, Type) values ('Born American', '2008-01-27 07:34:14', 'social');
insert into Documentaire (CntTitre, DateAjout, Type) values ('Fullmetal Alchemist: The Sacred Star of Milos', '1997-01-19 19:28:41', 'musique');
insert into Documentaire (CntTitre, DateAjout, Type) values ('Once a Thief (Zong heng si hai)', '1994-04-18 08:38:02', 'social');
insert into Documentaire (CntTitre, DateAjout, Type) values ('Simpatico', '2017-07-04 11:59:46', 'politique');
insert into Documentaire (CntTitre, DateAjout, Type) values ('Queen: Days of Our Lives', '2001-06-23 09:27:12', 'nature');
insert into Documentaire (CntTitre, DateAjout, Type) values ('Key, The', '1991-01-27 04:33:14', 'politique');
insert into Documentaire (CntTitre, DateAjout, Type) values ('Enemy Below, The', '2000-11-24 09:43:05', 'social');
insert into Documentaire (CntTitre, DateAjout, Type) values ('Still Breathing', '2006-01-16 06:10:07', 'social');
insert into Documentaire (CntTitre, DateAjout, Type) values ('Payment Deferred', '2009-10-27 23:09:58', 'nature');
insert into Documentaire (CntTitre, DateAjout, Type) values ('Lady Oscar', '2011-04-30 07:07:52', 'musique');
insert into Documentaire (CntTitre, DateAjout, Type) values ('Notorious', '2011-08-21 16:14:30', 'politique');
insert into Documentaire (CntTitre, DateAjout, Type) values ('Golden Thread, The (Subarnarekha)', '2008-10-19 03:31:18', 'politique');
insert into Documentaire (CntTitre, DateAjout, Type) values ('Cross of Iron', '2000-07-28 13:38:25', 'politique');
insert into Documentaire (CntTitre, DateAjout, Type) values ('Rulers of the City', '2016-10-26 07:43:47', 'politique');
insert into Documentaire (CntTitre, DateAjout, Type) values ('Dead Like Me: Life After Death', '2013-06-24 19:42:29', 'nature');
insert into Documentaire (CntTitre, DateAjout, Type) values ('Land That Time Forgot, The', '2010-10-21 12:07:36', 'politique');
insert into Documentaire (CntTitre, DateAjout, Type) values ('Five Star Final', '1993-01-20 04:36:59', 'musique');
insert into Documentaire (CntTitre, DateAjout, Type) values ('The Trap', '2003-09-07 23:15:57', 'politique');
insert into Documentaire (CntTitre, DateAjout, Type) values ('All in a Night''s Work', '2002-02-01 14:46:42', 'musique');
insert into Documentaire (CntTitre, DateAjout, Type) values ('Nomad (Köshpendiler)', '1995-11-28 05:26:56', 'nature');
insert into Documentaire (CntTitre, DateAjout, Type) values ('Friends with Benefits', '2017-11-30 02:51:59', 'musique');
insert into Documentaire (CntTitre, DateAjout, Type) values ('Floods of Fear', '1995-02-02 23:27:41', 'musique');
insert into Documentaire (CntTitre, DateAjout, Type) values ('Born Romantic', '1993-01-22 00:08:59', 'politique');
insert into Documentaire (CntTitre, DateAjout, Type) values ('Naked Jungle, The', '2002-01-20 12:11:47', 'politique');
insert into Documentaire (CntTitre, DateAjout, Type) values ('Last Call at the Oasis', '2008-04-21 07:51:39', 'musique');
insert into Documentaire (CntTitre, DateAjout, Type) values ('Bubba Ho-tep', '1992-03-10 09:38:53', 'musique');
insert into Documentaire (CntTitre, DateAjout, Type) values ('No Direction Home: Bob Dylan', '2012-04-08 14:42:37', 'social');
insert into Documentaire (CntTitre, DateAjout, Type) values ('Danny Deckchair', '2002-05-31 09:21:40', 'musique');
insert into Documentaire (CntTitre, DateAjout, Type) values ('Kagi (Odd Obsession)', '1991-01-06 19:31:40', 'politique');
insert into Documentaire (CntTitre, DateAjout, Type) values ('28 Days Later', '2007-11-05 16:55:30', 'nature');
insert into Documentaire (CntTitre, DateAjout, Type) values ('Wishmaster 3: Beyond the Gates of Hell', '1994-06-05 09:17:07', 'social');
insert into Documentaire (CntTitre, DateAjout, Type) values ('I''m the One That I Want', '2005-03-09 18:31:55', 'musique');
insert into Documentaire (CntTitre, DateAjout, Type) values ('Breach', '1996-01-11 06:56:06', 'social');
insert into Documentaire (CntTitre, DateAjout, Type) values ('Sinbad: Legend of the Seven Seas', '2018-06-13 17:27:24', 'politique');
insert into Documentaire (CntTitre, DateAjout, Type) values ('Black Heaven (L''autre monde) (Other World, The)', '1997-04-19 19:27:53', 'politique');
insert into Documentaire (CntTitre, DateAjout, Type) values ('Funeral Parade of Roses (Bara no sôretsu)', '1996-09-24 23:10:29', 'nature');
insert into Documentaire (CntTitre, DateAjout, Type) values ('Gladiator', '2016-07-22 01:14:35', 'politique');
insert into Documentaire (CntTitre, DateAjout, Type) values ('Brief Interviews with Hideous Men', '2000-11-13 20:48:45', 'politique');
insert into Documentaire (CntTitre, DateAjout, Type) values ('Wildflowers', '2012-05-05 14:53:05', 'nature');
insert into Documentaire (CntTitre, DateAjout, Type) values ('Eye, The', '2004-10-12 22:36:21', 'social');
insert into Documentaire (CntTitre, DateAjout, Type) values ('Delicatessen', '2014-11-04 10:23:33', 'social');
insert into Documentaire (CntTitre, DateAjout, Type) values ('Zero de conduite (Zero for Conduct) (Zéro de conduite: Jeunes diables au collège)', '2004-07-31 19:57:11', 'politique');
insert into Documentaire (CntTitre, DateAjout, Type) values ('Dream Demon', '2004-07-20 13:16:37', 'musique');
insert into Documentaire (CntTitre, DateAjout, Type) values ('247°F ', '2013-09-07 16:59:04', 'musique');
insert into Documentaire (CntTitre, DateAjout, Type) values ('Dark Dungeons', '2012-09-22 23:41:28', 'politique');
insert into Documentaire (CntTitre, DateAjout, Type) values ('Supergirl', '1991-10-07 16:43:07', 'nature');
insert into Documentaire (CntTitre, DateAjout, Type) values ('Shot in the Heart', '2018-03-02 21:34:24', 'social');
insert into Documentaire (CntTitre, DateAjout, Type) values ('Champion, The', '2003-06-01 19:53:01', 'nature');
insert into Documentaire (CntTitre, DateAjout, Type) values ('Our Vines Have Tender Grapes', '1991-03-26 02:21:24', 'nature');
insert into Documentaire (CntTitre, DateAjout, Type) values ('Four Ways Out', '2013-07-16 02:50:24', 'social');
insert into Documentaire (CntTitre, DateAjout, Type) values ('Will', '2007-11-16 11:19:23', 'politique');
insert into Documentaire (CntTitre, DateAjout, Type) values ('Zeisters (Fat Guy Goes Nutzoid)', '2013-04-07 15:35:46', 'politique');
insert into Documentaire (CntTitre, DateAjout, Type) values ('High Tension (Haute tension) (Switchblade Romance)', '1993-07-13 12:06:12', 'politique');
insert into Documentaire (CntTitre, DateAjout, Type) values ('Nobody Else But You (Poupoupidou)', '2009-11-25 00:04:22', 'musique');
insert into Documentaire (CntTitre, DateAjout, Type) values ('Thunderbirds Are GO', '2012-01-18 07:46:04', 'musique');
insert into Documentaire (CntTitre, DateAjout, Type) values ('Farmer''s Wife, The', '2012-09-24 20:03:05', 'social');
insert into Documentaire (CntTitre, DateAjout, Type) values ('Inconvenient Tax, An', '2000-11-22 03:43:50', 'politique');
insert into Documentaire (CntTitre, DateAjout, Type) values ('Once Upon a Time in Anatolia (Bir zamanlar Anadolu''da)', '2016-07-21 09:57:54', 'social');
insert into Documentaire (CntTitre, DateAjout, Type) values ('Cave of Forgotten Dreams', '2013-10-17 23:49:17', 'musique');
insert into Documentaire (CntTitre, DateAjout, Type) values ('Shaft', '1990-02-18 18:36:45', 'nature');
insert into Documentaire (CntTitre, DateAjout, Type) values ('Four Christmases', '2009-10-27 15:24:55', 'social');
insert into Documentaire (CntTitre, DateAjout, Type) values ('Urusei Yatsura Movie 2: Beautiful Dreamer (Urusei Yatsura 2: Byûtifuru dorîmâ)', '2010-11-04 21:33:35', 'musique');
insert into Documentaire (CntTitre, DateAjout, Type) values ('Fair Game', '1999-12-13 12:20:07', 'social');
insert into Documentaire (CntTitre, DateAjout, Type) values ('Citizen Dog (Mah nakorn)', '2004-01-29 15:08:52', 'musique');
insert into Documentaire (CntTitre, DateAjout, Type) values ('New Year''s Eve', '2010-05-28 07:01:43', 'musique');
insert into Documentaire (CntTitre, DateAjout, Type) values ('Richard III', '2018-12-27 08:57:28', 'nature');
insert into Documentaire (CntTitre, DateAjout, Type) values ('Way We Laughed, The (Così Ridevano)', '2014-10-13 13:41:50', 'social');
insert into Documentaire (CntTitre, DateAjout, Type) values ('Edvard Munch', '2013-12-16 05:05:28', 'social');
insert into Documentaire (CntTitre, DateAjout, Type) values ('Mean Girls 2', '1999-02-22 14:57:12', 'nature');
insert into Documentaire (CntTitre, DateAjout, Type) values ('Kid, The', '2012-02-20 02:15:05', 'musique');
insert into Documentaire (CntTitre, DateAjout, Type) values ('Cheerleaders, The', '2012-05-19 23:39:04', 'politique');
insert into Documentaire (CntTitre, DateAjout, Type) values ('Possession, The', '2017-09-29 09:19:16', 'musique');
insert into Documentaire (CntTitre, DateAjout, Type) values ('Machete Maidens Unleashed!', '2018-11-04 04:13:24', 'nature');
insert into Documentaire (CntTitre, DateAjout, Type) values ('Deadline - U.S.A.', '2013-12-05 15:45:09', 'musique');
insert into Documentaire (CntTitre, DateAjout, Type) values ('Planet of the Vampires (Terrore nello spazio)', '1992-09-08 06:10:45', 'musique');
insert into Documentaire (CntTitre, DateAjout, Type) values ('History of Hell (Rosas Höllenfahrt)', '2006-06-08 20:38:55', 'musique');
insert into Documentaire (CntTitre, DateAjout, Type) values ('Gothika', '1996-01-18 22:04:00', 'nature');
insert into Documentaire (CntTitre, DateAjout, Type) values ('Stranger by the Lake (L''inconnu du lac)', '1990-11-14 10:52:15', 'politique');
insert into Documentaire (CntTitre, DateAjout, Type) values ('Crips and Bloods: Made in America', '2002-06-08 08:35:49', 'social');
insert into Documentaire (CntTitre, DateAjout, Type) values ('Happy End', '1993-10-08 02:33:46', 'nature');
insert into Documentaire (CntTitre, DateAjout, Type) values ('Louis C.K.: Chewed Up', '2017-11-03 05:55:21', 'nature');


/* ----- MOVIES LINKED */

-- Table Film
insert into Film (CntTitre, DateAjout) values ('Seed', '2010-10-27 21:38:13');
insert into Film (CntTitre, DateAjout) values ('Colt 38 Special Squad', '2009-03-27 21:05:53');
insert into Film (CntTitre, DateAjout) values ('Mumia Abu-Jamal: A Case for Reasonable Doubt?', '2003-12-21 02:54:39');
insert into Film (CntTitre, DateAjout) values ('Assault, The (Aanslag, De)', '2017-11-25 09:17:49');
insert into Film (CntTitre, DateAjout) values ('Are All Men Pedophiles', '1990-07-08 11:56:22');
insert into Film (CntTitre, DateAjout) values ('Happy New Year (La Bonne Année)', '1991-02-17 14:06:00');
insert into Film (CntTitre, DateAjout) values ('To the Sea (Alamar)', '1994-08-12 05:03:06');
insert into Film (CntTitre, DateAjout) values ('Empty Nest (El nido vacío)', '2018-08-08 14:53:47');
insert into Film (CntTitre, DateAjout) values ('Self-Made Hero, A (Un héros très discret)', '1992-11-04 08:24:34');
insert into Film (CntTitre, DateAjout) values ('Held Up', '2017-11-19 02:06:00');
insert into Film (CntTitre, DateAjout) values ('Marci X', '1993-06-19 23:45:32');
insert into Film (CntTitre, DateAjout) values ('Mystery (Fu cheng mi shi)', '1993-02-11 13:27:47');
insert into Film (CntTitre, DateAjout) values ('Deadline', '2003-11-01 18:03:43');
insert into Film (CntTitre, DateAjout) values ('Another Harvest Moon', '1995-07-16 05:08:38');
insert into Film (CntTitre, DateAjout) values ('Meet the Deedles', '1994-07-11 05:35:50');
insert into Film (CntTitre, DateAjout) values ('Super Capers', '2010-03-15 15:37:38');
insert into Film (CntTitre, DateAjout) values ('Power of One, The', '2006-10-30 20:04:18');
insert into Film (CntTitre, DateAjout) values ('Jailbait', '2017-03-11 12:05:38');
insert into Film (CntTitre, DateAjout) values ('Madhouse', '2016-02-22 02:58:19');
insert into Film (CntTitre, DateAjout) values ('Mental', '2009-10-13 05:06:06');
insert into Film (CntTitre, DateAjout) values ('King Is Dancing, The (Le roi danse)', '1994-11-08 11:39:32');
insert into Film (CntTitre, DateAjout) values ('Jive Turkey', '1996-06-27 06:28:06');
insert into Film (CntTitre, DateAjout) values ('Love In the Time of Money', '2003-10-02 15:41:06');
insert into Film (CntTitre, DateAjout) values ('Zombies on Broadway', '2015-04-25 08:12:53');
insert into Film (CntTitre, DateAjout) values ('Desi Boyz', '2009-11-05 01:03:21');
insert into Film (CntTitre, DateAjout) values ('Heroic Ones, The (Shi san tai bao)', '2011-08-26 08:49:23');
insert into Film (CntTitre, DateAjout) values ('Real McCoy, The', '2018-09-12 10:28:05');
insert into Film (CntTitre, DateAjout) values ('Children Underground', '2013-07-22 11:01:33');
insert into Film (CntTitre, DateAjout) values ('Muppet Musicians of Bremen, The', '2004-02-20 12:07:15');
insert into Film (CntTitre, DateAjout) values ('Lonely Villa, The', '2010-12-18 21:24:16');
insert into Film (CntTitre, DateAjout) values ('Bachelor Party Vegas', '2006-06-12 09:10:03');
insert into Film (CntTitre, DateAjout) values ('The Devil Thumbs a Ride', '1990-08-23 12:24:26');
insert into Film (CntTitre, DateAjout) values ('Each Dawn I Die', '2003-04-09 10:36:50');
insert into Film (CntTitre, DateAjout) values ('Battle for Marjah, The', '2014-10-24 05:12:39');
insert into Film (CntTitre, DateAjout) values ('Chaos', '1993-07-21 06:50:26');
insert into Film (CntTitre, DateAjout) values ('Firewalker', '2009-01-01 22:30:57');
insert into Film (CntTitre, DateAjout) values ('Rembrandt''s J''accuse', '1999-09-27 00:51:58');
insert into Film (CntTitre, DateAjout) values ('Riff-Raff', '2016-07-01 23:26:06');
insert into Film (CntTitre, DateAjout) values ('Network', '2007-02-23 04:34:09');
insert into Film (CntTitre, DateAjout) values ('I giorni contati', '2003-11-15 21:11:34');
insert into Film (CntTitre, DateAjout) values ('Snakes and Earrings (Hebi ni piasu)', '2009-05-09 16:28:12');
insert into Film (CntTitre, DateAjout) values ('Awful Truth, The', '1998-01-10 02:28:45');
insert into Film (CntTitre, DateAjout) values ('Rainmaker, The', '2009-02-21 04:45:13');
insert into Film (CntTitre, DateAjout) values ('Brother 2 (Brat 2)', '2010-10-29 12:16:30');
insert into Film (CntTitre, DateAjout) values ('Paraíso Travel', '2017-06-18 03:52:28');
insert into Film (CntTitre, DateAjout) values ('13th Warrior, The', '2010-06-01 21:30:05');
insert into Film (CntTitre, DateAjout) values ('After the Wedding (Efter brylluppet)', '1990-02-19 06:19:29');
insert into Film (CntTitre, DateAjout) values ('Sorcerer and the White Snake, The (Bai she chuan shuo)', '1996-01-20 01:19:16');
insert into Film (CntTitre, DateAjout) values ('Food, Inc.', '2007-11-01 01:10:04');
insert into Film (CntTitre, DateAjout) values ('Brimstone and Treacle', '2013-04-14 15:46:16');
insert into Film (CntTitre, DateAjout) values ('Braddock: Missing in Action III', '2009-01-14 19:30:06');
insert into Film (CntTitre, DateAjout) values ('Tuvalu', '1991-05-06 21:51:48');
insert into Film (CntTitre, DateAjout) values ('The Big Flame', '2003-03-11 08:45:27');
insert into Film (CntTitre, DateAjout) values ('Beauty Is Embarrassing', '2016-10-06 22:10:46');
insert into Film (CntTitre, DateAjout) values ('Brand Upon the Brain!', '2017-06-05 00:22:05');
insert into Film (CntTitre, DateAjout) values ('Jetsons: The Movie', '2003-03-26 15:21:49');
insert into Film (CntTitre, DateAjout) values ('Tai Chi Hero', '1991-09-26 07:01:08');
insert into Film (CntTitre, DateAjout) values ('Man Called Gannon, A', '1993-09-11 03:59:45');
insert into Film (CntTitre, DateAjout) values ('Castle in the Desert (Charlie Chan in Castle in the Desert)', '2014-04-26 04:00:13');
insert into Film (CntTitre, DateAjout) values ('Taqwacore: The Birth of Punk Islam', '1992-02-13 02:42:44');
insert into Film (CntTitre, DateAjout) values ('World on a Wire (Welt am Draht)', '2015-01-19 00:02:03');
insert into Film (CntTitre, DateAjout) values ('Son of Lassie', '1999-05-11 06:05:12');
insert into Film (CntTitre, DateAjout) values ('Big Deal on Madonna Street (I Soliti Ignoti)', '2018-08-01 07:38:46');
insert into Film (CntTitre, DateAjout) values ('The Hunters', '1993-05-09 16:17:58');
insert into Film (CntTitre, DateAjout) values ('Guilty (Présumé coupable)', '1996-10-05 01:56:48');
insert into Film (CntTitre, DateAjout) values ('Panic', '2011-05-30 20:11:03');
insert into Film (CntTitre, DateAjout) values ('Desert Rats, The', '2013-04-13 16:39:17');
insert into Film (CntTitre, DateAjout) values ('Cold Weather', '2009-02-04 01:12:29');
insert into Film (CntTitre, DateAjout) values ('Return of Martin Guerre, The (Retour de Martin Guerre, Le)', '2009-01-27 11:06:30');
insert into Film (CntTitre, DateAjout) values ('Thunderbolt and Lightfoot', '1991-02-21 15:11:23');
insert into Film (CntTitre, DateAjout) values ('Seaside (Bord de Mer)', '2015-07-31 23:40:39');
insert into Film (CntTitre, DateAjout) values ('Frequencies', '2013-01-27 06:48:43');
insert into Film (CntTitre, DateAjout) values ('Awakening, The', '2016-03-30 05:44:40');
insert into Film (CntTitre, DateAjout) values ('2:13', '2014-05-06 10:52:05');
insert into Film (CntTitre, DateAjout) values ('City by the Sea', '1998-12-30 20:50:20');
insert into Film (CntTitre, DateAjout) values ('Gendernauts', '2007-01-25 17:18:45');
insert into Film (CntTitre, DateAjout) values ('Baby Take a Bow', '2002-06-25 08:35:06');
insert into Film (CntTitre, DateAjout) values ('Laffghanistan: Comedy Down Range', '2015-07-20 00:33:21');
insert into Film (CntTitre, DateAjout) values ('In Name Only', '2015-08-31 02:44:20');
insert into Film (CntTitre, DateAjout) values ('Grimm Love (Rohtenburg)', '2011-02-15 21:25:56');
insert into Film (CntTitre, DateAjout) values ('Tactical Force', '2005-08-20 00:14:38');
insert into Film (CntTitre, DateAjout) values ('Employees'' Entrance', '2003-08-30 17:51:27');
insert into Film (CntTitre, DateAjout) values ('Tunes of Glory', '2001-07-31 13:48:32');
insert into Film (CntTitre, DateAjout) values ('Hercules', '1997-10-30 15:58:51');
insert into Film (CntTitre, DateAjout) values ('Flash Point (a.k.a. Flashpoint) (Dou fo sin)', '1999-09-22 20:31:54');
insert into Film (CntTitre, DateAjout) values ('Until Death', '2014-01-24 07:50:53');
insert into Film (CntTitre, DateAjout) values ('Shadow Dancer, The (Shadows in the Sun)', '2004-09-05 09:24:11');
insert into Film (CntTitre, DateAjout) values ('Return of the Living Dead, The', '2016-06-01 17:17:29');
insert into Film (CntTitre, DateAjout) values ('Riders of the Purple Sage', '2001-04-02 03:08:11');
insert into Film (CntTitre, DateAjout) values ('Skin Game, The', '2009-04-21 11:33:53');
insert into Film (CntTitre, DateAjout) values ('Sparkle', '2015-12-02 19:55:35');
insert into Film (CntTitre, DateAjout) values ('Fat Head', '2013-11-08 22:18:51');
insert into Film (CntTitre, DateAjout) values ('Ascension', '1993-07-10 11:57:11');
insert into Film (CntTitre, DateAjout) values ('Mirage Men', '2001-04-11 03:15:51');
insert into Film (CntTitre, DateAjout) values ('Act of Seeing with One''s Own Eyes, The ', '1999-05-17 06:04:50');
insert into Film (CntTitre, DateAjout) values ('The Uninvited Guest', '1993-06-15 03:39:23');
insert into Film (CntTitre, DateAjout) values ('The Boogens', '2007-11-05 14:34:39');
insert into Film (CntTitre, DateAjout) values ('Leatherheads', '2008-07-11 21:19:02');
insert into Film (CntTitre, DateAjout) values ('MVP: Most Valuable Primate', '2011-08-10 12:29:55');
insert into Film (CntTitre, DateAjout) values ('Watermarks', '1995-11-03 17:53:14');

-- Table Acteur-Film
INSERT INTO "ActFilm" ("FilmCntTitre", "ActNom", "ActPrenom") VALUES
	('13th Warrior, The', 'Clementel', 'Joshua'),
	('13th Warrior, The', 'Jedrzaszkiewicz', 'Gleda'),
	('13th Warrior, The', 'Malsher', 'Letitia'),
	('13th Warrior, The', 'McCahey', 'Manon'),
	('13th Warrior, The', 'Nucator', 'Serge'),
	('13th Warrior, The', 'Tidey', 'Jeremias'),
	('2:13', 'Eplate', 'Jeniece'),
	('2:13', 'Havoc', 'Sissy'),
	('2:13', 'Hosby', 'Chiquita'),
	('2:13', 'Liffey', 'Giff'),
	('2:13', 'Offen', 'Bobbi'),
	('2:13', 'Spittle', 'Ileana'),
	('Act of Seeing with One''s Own Eyes, The ', 'Derwin', 'Johanna'),
	('Act of Seeing with One''s Own Eyes, The ', 'Desson', 'Jaymie'),
	('Act of Seeing with One''s Own Eyes, The ', 'Hodcroft', 'Smith'),
	('Act of Seeing with One''s Own Eyes, The ', 'Impy', 'Brittani'),
	('Act of Seeing with One''s Own Eyes, The ', 'Kleisel', 'Kayne'),
	('Act of Seeing with One''s Own Eyes, The ', 'Kornilyev', 'Aluino'),
	('Act of Seeing with One''s Own Eyes, The ', 'Lemmers', 'Clark'),
	('Act of Seeing with One''s Own Eyes, The ', 'Stenning', 'Marijo'),
	('Act of Seeing with One''s Own Eyes, The ', 'Venes', 'Miles'),
	('After the Wedding (Efter brylluppet)', 'Burberow', 'Waite'),
	('After the Wedding (Efter brylluppet)', 'Costy', 'Meggie'),
	('After the Wedding (Efter brylluppet)', 'Engelmann', 'Minette'),
	('After the Wedding (Efter brylluppet)', 'Gealy', 'Coleen'),
	('After the Wedding (Efter brylluppet)', 'McMackin', 'Reagen'),
	('After the Wedding (Efter brylluppet)', 'Sandom', 'Michele'),
	('Another Harvest Moon', 'Acedo', 'Melessa'),
	('Another Harvest Moon', 'Bestiman', 'Hercules'),
	('Another Harvest Moon', 'Comley', 'Shandie'),
	('Another Harvest Moon', 'Cutteridge', 'Jerrie'),
	('Another Harvest Moon', 'Eyam', 'Kati'),
	('Another Harvest Moon', 'Halshaw', 'Grayce'),
	('Another Harvest Moon', 'Jopling', 'Malissa'),
	('Are All Men Pedophiles', 'Aikin', 'Juditha'),
	('Are All Men Pedophiles', 'Collabine', 'Leighton'),
	('Are All Men Pedophiles', 'Cradey', 'Avis'),
	('Are All Men Pedophiles', 'Grizard', 'Dulciana'),
	('Are All Men Pedophiles', 'Oglevie', 'Obidiah'),
	('Ascension', 'Barbosa', 'Onida'),
	('Ascension', 'Ronca', 'Donnajean'),
	('Ascension', 'Sellan', 'Albie'),
	('Ascension', 'Trimming', 'Maurits'),
	('Assault, The (Aanslag, De)', 'Claige', 'Barnebas'),
	('Assault, The (Aanslag, De)', 'Danes', 'Sybil'),
	('Assault, The (Aanslag, De)', 'Gealy', 'Coleen'),
	('Assault, The (Aanslag, De)', 'Heibel', 'Crysta'),
	('Awakening, The', 'Calltone', 'Crichton'),
	('Awakening, The', 'Cavee', 'Nev'),
	('Awakening, The', 'Fice', 'Waneta'),
	('Awakening, The', 'Iskov', 'Jillane'),
	('Awakening, The', 'Kleanthous', 'Kaia'),
	('Awakening, The', 'Shelbourne', 'Albina'),
	('Awful Truth, The', 'Antony', 'Nevin'),
	('Awful Truth, The', 'Bowshire', 'Lucine'),
	('Awful Truth, The', 'Derwin', 'Johanna'),
	('Awful Truth, The', 'Desson', 'Jaymie'),
	('Awful Truth, The', 'Grizard', 'Dulciana'),
	('Awful Truth, The', 'King', 'Shaun'),
	('Awful Truth, The', 'Ratt', 'Ruby'),
	('Awful Truth, The', 'Rosborough', 'Darrell'),
	('Baby Take a Bow', 'Doiley', 'Say'),
	('Baby Take a Bow', 'Grummitt', 'Hedvig'),
	('Baby Take a Bow', 'Izkovici', 'Ashlie'),
	('Baby Take a Bow', 'Jedrzaszkiewicz', 'Gleda'),
	('Baby Take a Bow', 'Kane', 'Lamond'),
	('Baby Take a Bow', 'Kleisel', 'Kayne'),
	('Baby Take a Bow', 'Mankor', 'Auroora'),
	('Baby Take a Bow', 'Rossin', 'Allene'),
	('Baby Take a Bow', 'Varnham', 'Lewiss'),
	('Bachelor Party Vegas', 'Seedhouse', 'Timotheus'),
	('Bachelor Party Vegas', 'Smitten', 'Antony'),
	('Battle for Marjah, The', 'Bails', 'Samuel'),
	('Battle for Marjah, The', 'Dearnly', 'Edna'),
	('Battle for Marjah, The', 'Jamot', 'Dee dee'),
	('Battle for Marjah, The', 'Megainey', 'Barrie'),
	('Battle for Marjah, The', 'Reschke', 'Francine'),
	('Battle for Marjah, The', 'Rossin', 'Allene'),
	('Beauty Is Embarrassing', 'Doiley', 'Say'),
	('Beauty Is Embarrassing', 'Dorro', 'Denys'),
	('Beauty Is Embarrassing', 'Ledingham', 'Wilow'),
	('Beauty Is Embarrassing', 'Reschke', 'Francine'),
	('Beauty Is Embarrassing', 'Rossin', 'Allene'),
	('Beauty Is Embarrassing', 'Sheron', 'Rex'),
	('Beauty Is Embarrassing', 'Stichall', 'Perla'),
	('Big Deal on Madonna Street (I Soliti Ignoti)', 'Borless', 'Beret'),
	('Big Deal on Madonna Street (I Soliti Ignoti)', 'Broszkiewicz', 'Estrella'),
	('Big Deal on Madonna Street (I Soliti Ignoti)', 'Dickenson', 'Sancho'),
	('Big Deal on Madonna Street (I Soliti Ignoti)', 'Gealy', 'Coleen'),
	('Big Deal on Madonna Street (I Soliti Ignoti)', 'Lusher', 'Delilah'),
	('Big Deal on Madonna Street (I Soliti Ignoti)', 'Shelbourne', 'Albina'),
	('Big Deal on Madonna Street (I Soliti Ignoti)', 'Trimming', 'Maurits'),
	('Big Deal on Madonna Street (I Soliti Ignoti)', 'Wellfare', 'Elysha'),
	('Braddock: Missing in Action III', 'Boyall', 'Harli'),
	('Braddock: Missing in Action III', 'Divina', 'Christian'),
	('Braddock: Missing in Action III', 'Gerrish', 'Omero'),
	('Braddock: Missing in Action III', 'Janu', 'Reube'),
	('Braddock: Missing in Action III', 'Ledingham', 'Wilow'),
	('Braddock: Missing in Action III', 'Sissens', 'Minna'),
	('Brand Upon the Brain!', 'Olennikov', 'Golda'),
	('Brand Upon the Brain!', 'Tremoille', 'Gaspar'),
	('Brand Upon the Brain!', 'Wildt', 'Wolfy'),
	('Brimstone and Treacle', 'Costy', 'Meggie'),
	('Brimstone and Treacle', 'Cutteridge', 'Jerrie'),
	('Brimstone and Treacle', 'Dagleas', 'Sacha'),
	('Brimstone and Treacle', 'Hadaway', 'Giulietta'),
	('Brimstone and Treacle', 'Marginson', 'Gardiner'),
	('Brimstone and Treacle', 'Tetlow', 'Jean'),
	('Brother 2 (Brat 2)', 'Bricknell', 'Maxy'),
	('Brother 2 (Brat 2)', 'Jarad', 'Fawn'),
	('Castle in the Desert (Charlie Chan in Castle in the Desert)', 'Charlin', 'Arney'),
	('Castle in the Desert (Charlie Chan in Castle in the Desert)', 'Collabine', 'Leighton'),
	('Castle in the Desert (Charlie Chan in Castle in the Desert)', 'Leighton', 'Ophelia'),
	('Castle in the Desert (Charlie Chan in Castle in the Desert)', 'Worpole', 'Krissy'),
	('Chaos', 'Abramchik', 'Elsinore'),
	('Chaos', 'Emmott', 'Tine'),
	('Chaos', 'Normadell', 'Dulcea'),
	('Chaos', 'Walker', 'Odetta'),
	('Chaos', 'Whilder', 'Charla'),
	('Children Underground', 'Barbosa', 'Onida'),
	('Children Underground', 'Carde', 'Marya'),
	('Children Underground', 'Cradey', 'Avis'),
	('Children Underground', 'Hackinge', 'Irv'),
	('Children Underground', 'Jedrzaszkiewicz', 'Gleda'),
	('Children Underground', 'Zuanelli', 'Carolyn'),
	('City by the Sea', 'Carde', 'Marya'),
	('Cold Weather', 'Bliss', 'Rex'),
	('Cold Weather', 'Caldera', 'Heather'),
	('Cold Weather', 'Charlin', 'Arney'),
	('Cold Weather', 'Daviddi', 'Woody'),
	('Cold Weather', 'Ditter', 'Franz'),
	('Cold Weather', 'Strode', 'Gibbie'),
	('Cold Weather', 'Tidey', 'Jeremias'),
	('Colt 38 Special Squad', 'Doiley', 'Say'),
	('Colt 38 Special Squad', 'Kear', 'Minta'),
	('Colt 38 Special Squad', 'Keatley', 'Star'),
	('Colt 38 Special Squad', 'Schirak', 'Tracee'),
	('Colt 38 Special Squad', 'Tetlow', 'Jean'),
	('Deadline', 'Broszkiewicz', 'Estrella'),
	('Deadline', 'Eyam', 'Kati'),
	('Deadline', 'Jewiss', 'Philipa'),
	('Deadline', 'Minster', 'Kissee'),
	('Deadline', 'Toop', 'Kermie'),
	('Desert Rats, The', 'Dykas', 'Rahel'),
	('Desert Rats, The', 'Ludwig', 'Kaine'),
	('Desert Rats, The', 'Rathbone', 'Marisa'),
	('Desert Rats, The', 'Shelbourne', 'Albina'),
	('Desert Rats, The', 'Tommasi', 'Tyson'),
	('Desi Boyz', 'Bricknell', 'Maxy'),
	('Desi Boyz', 'Heibel', 'Crysta'),
	('Desi Boyz', 'Physick', 'Tabitha'),
	('Desi Boyz', 'Ratt', 'Ruby'),
	('Desi Boyz', 'Zuanelli', 'Carolyn'),
	('Each Dawn I Die', 'Mankor', 'Auroora'),
	('Each Dawn I Die', 'McMackin', 'Reagen'),
	('Each Dawn I Die', 'Skelhorne', 'Carina'),
	('Employees'' Entrance', 'Brattan', 'Lind'),
	('Employees'' Entrance', 'Eldon', 'Malvina'),
	('Employees'' Entrance', 'Rossin', 'Allene'),
	('Employees'' Entrance', 'Zuanelli', 'Carolyn'),
	('Empty Nest (El nido vacío)', 'Carlisle', 'Delores'),
	('Empty Nest (El nido vacío)', 'Derwin', 'Johanna'),
	('Empty Nest (El nido vacío)', 'Gealy', 'Coleen'),
	('Empty Nest (El nido vacío)', 'Gunn', 'Gardener'),
	('Empty Nest (El nido vacío)', 'King', 'Shaun'),
	('Empty Nest (El nido vacío)', 'Markushkin', 'Godfree'),
	('Empty Nest (El nido vacío)', 'Shoutt', 'Charyl'),
	('Empty Nest (El nido vacío)', 'Treversh', 'Godiva'),
	('Empty Nest (El nido vacío)', 'Yeardley', 'Fabiano'),
	('Fat Head', 'Caldera', 'Heather'),
	('Fat Head', 'Crawforth', 'Jelene'),
	('Fat Head', 'Cutteridge', 'Jerrie'),
	('Fat Head', 'Laybourn', 'Mildrid'),
	('Fat Head', 'Physick', 'Tabitha'),
	('Fat Head', 'Reina', 'Jan'),
	('Firewalker', 'Connors', 'Tedie'),
	('Firewalker', 'Nucator', 'Serge'),
	('Firewalker', 'Olenov', 'Barrie'),
	('Firewalker', 'Otteridge', 'Carolann'),
	('Firewalker', 'Seviour', 'Jacquenetta'),
	('Firewalker', 'Wynne', 'Roland'),
	('Flash Point (a.k.a. Flashpoint) (Dou fo sin)', 'Dearnly', 'Edna'),
	('Flash Point (a.k.a. Flashpoint) (Dou fo sin)', 'Seebright', 'Madalyn'),
	('Flash Point (a.k.a. Flashpoint) (Dou fo sin)', 'Sorrill', 'York'),
	('Food, Inc.', 'Collabine', 'Leighton'),
	('Food, Inc.', 'Crannell', 'Marielle'),
	('Food, Inc.', 'Dearnly', 'Edna'),
	('Food, Inc.', 'Patzelt', 'Betty'),
	('Food, Inc.', 'Raynard', 'Jada'),
	('Food, Inc.', 'Rizzotto', 'Irv'),
	('Food, Inc.', 'Sheardown', 'Franchot'),
	('Frequencies', 'Barbosa', 'Onida'),
	('Frequencies', 'Daviddi', 'Woody'),
	('Frequencies', 'Hocking', 'Germayne'),
	('Frequencies', 'Jarad', 'Fawn'),
	('Frequencies', 'Kleyn', 'Lorne'),
	('Frequencies', 'Lusher', 'Delilah'),
	('Frequencies', 'Thewys', 'Rhodia'),
	('Frequencies', 'Tidbold', 'Maggy'),
	('Frequencies', 'Wait', 'Alanna'),
	('Frequencies', 'Worpole', 'Krissy'),
	('Gendernauts', 'Cattle', 'Noel'),
	('Gendernauts', 'Clementel', 'Joshua'),
	('Gendernauts', 'Hadaway', 'Giulietta'),
	('Gendernauts', 'Josephy', 'Grayce'),
	('Gendernauts', 'King', 'Shaun'),
	('Gendernauts', 'Scottrell', 'Bab'),
	('Gendernauts', 'Sellan', 'Albie'),
	('Gendernauts', 'Skelhorne', 'Carina'),
	('Grimm Love (Rohtenburg)', 'Bernholt', 'Thain'),
	('Grimm Love (Rohtenburg)', 'Sissens', 'Minna'),
	('Grimm Love (Rohtenburg)', 'Wynne', 'Roland'),
	('Guilty (Présumé coupable)', 'Tidbold', 'Maggy'),
	('Happy New Year (La Bonne Année)', 'Eplate', 'Jeniece'),
	('Happy New Year (La Bonne Année)', 'Gaule', 'Alma'),
	('Happy New Year (La Bonne Année)', 'Hindenberger', 'Goober'),
	('Happy New Year (La Bonne Année)', 'Laybourn', 'Mildrid'),
	('Happy New Year (La Bonne Année)', 'Leighton', 'Ophelia'),
	('Held Up', 'Bucky', 'Joanie'),
	('Held Up', 'Holywell', 'Cesar'),
	('Held Up', 'Leatherland', 'Mariam'),
	('Held Up', 'Mowsdell', 'Salvatore'),
	('Held Up', 'Sclanders', 'Merry'),
	('Held Up', 'Sellan', 'Albie'),
	('Hercules', 'Benitez', 'Kareem'),
	('Hercules', 'Gumary', 'Jakob'),
	('Hercules', 'Kleanthous', 'Kaia'),
	('Hercules', 'Toland', 'Deck'),
	('Heroic Ones, The (Shi san tai bao)', 'Anand', 'Jacklin'),
	('Heroic Ones, The (Shi san tai bao)', 'Collabine', 'Leighton'),
	('Heroic Ones, The (Shi san tai bao)', 'Hocking', 'Germayne'),
	('Heroic Ones, The (Shi san tai bao)', 'Otteridge', 'Carolann'),
	('I giorni contati', 'Baversor', 'Sile'),
	('I giorni contati', 'Caldera', 'Heather'),
	('I giorni contati', 'Clementel', 'Joshua'),
	('I giorni contati', 'Connors', 'Tedie'),
	('I giorni contati', 'Crannell', 'Marielle'),
	('I giorni contati', 'Kindon', 'Adlai'),
	('I giorni contati', 'Swatradge', 'Griselda'),
	('I giorni contati', 'Venes', 'Miles'),
	('In Name Only', 'Abelwhite', 'Humberto'),
	('In Name Only', 'Bentinck', 'Wynnie'),
	('In Name Only', 'Hember', 'Rubi'),
	('In Name Only', 'Kane', 'Lamond'),
	('In Name Only', 'Perritt', 'Laural'),
	('In Name Only', 'Smitten', 'Antony'),
	('In Name Only', 'Woodall', 'Hallie'),
	('Jailbait', 'Andreazzi', 'Bobbie'),
	('Jailbait', 'Divina', 'Christian'),
	('Jailbait', 'Normadell', 'Dulcea'),
	('Jailbait', 'Skelhorne', 'Carina'),
	('Jailbait', 'Toop', 'Kermie'),
	('Jetsons: The Movie', 'Normadell', 'Dulcea'),
	('Jetsons: The Movie', 'Phillpotts', 'Imogen'),
	('Jetsons: The Movie', 'Ternott', 'Radcliffe'),
	('Jetsons: The Movie', 'Tidey', 'Jeremias'),
	('Jive Turkey', 'Basten', 'Brigit'),
	('Jive Turkey', 'Dinnis', 'Marcela'),
	('Jive Turkey', 'Gealy', 'Coleen'),
	('Jive Turkey', 'Hadaway', 'Giulietta'),
	('Jive Turkey', 'Nucator', 'Serge'),
	('Jive Turkey', 'Tremoille', 'Gaspar'),
	('King Is Dancing, The (Le roi danse)', 'Impy', 'Brittani'),
	('King Is Dancing, The (Le roi danse)', 'Pley', 'Angy'),
	('Laffghanistan: Comedy Down Range', 'Abramchik', 'Elsinore'),
	('Laffghanistan: Comedy Down Range', 'Reschke', 'Francine'),
	('Laffghanistan: Comedy Down Range', 'Wardingley', 'Romeo'),
	('Leatherheads', 'Costy', 'Meggie'),
	('Leatherheads', 'Feake', 'Brig'),
	('Leatherheads', 'Hayhow', 'Ingaberg'),
	('Leatherheads', 'Walker', 'Odetta'),
	('Leatherheads', 'Wickens', 'Onofredo'),
	('Lonely Villa, The', 'Crawforth', 'Jelene'),
	('Lonely Villa, The', 'Dykas', 'Rahel'),
	('Lonely Villa, The', 'Perritt', 'Laural'),
	('Lonely Villa, The', 'Rive', 'Virgina'),
	('Lonely Villa, The', 'Tirone', 'Vilma'),
	('Love In the Time of Money', 'Eldon', 'Malvina'),
	('Love In the Time of Money', 'Hayhow', 'Ingaberg'),
	('Love In the Time of Money', 'Kornilyev', 'Aluino'),
	('Love In the Time of Money', 'Mateiko', 'Mal'),
	('Love In the Time of Money', 'Matthieson', 'Jobye'),
	('Love In the Time of Money', 'Ronca', 'Donnajean'),
	('Love In the Time of Money', 'Seebright', 'Madalyn'),
	('Love In the Time of Money', 'Tuckwell', 'Indira'),
	('Madhouse', 'Kristof', 'Karlis'),
	('Madhouse', 'Lakin', 'Lanie'),
	('Madhouse', 'Tidey', 'Jeremias'),
	('Madhouse', 'Tuckwell', 'Indira'),
	('Madhouse', 'Wildt', 'Wolfy'),
	('Man Called Gannon, A', 'Abelwhite', 'Humberto'),
	('Man Called Gannon, A', 'Borless', 'Beret'),
	('Man Called Gannon, A', 'Boyall', 'Harli'),
	('Man Called Gannon, A', 'Farn', 'Harland'),
	('Man Called Gannon, A', 'Grummitt', 'Hedvig'),
	('Man Called Gannon, A', 'Iskower', 'Neal'),
	('Man Called Gannon, A', 'Whilder', 'Charla'),
	('Marci X', 'Marginson', 'Gardiner'),
	('Marci X', 'Olennikov', 'Golda'),
	('Marci X', 'Spittle', 'Ileana'),
	('Meet the Deedles', 'Dickenson', 'Sancho'),
	('Meet the Deedles', 'Gumary', 'Jakob'),
	('Meet the Deedles', 'Izkovici', 'Ashlie'),
	('Meet the Deedles', 'Jopling', 'Malissa'),
	('Meet the Deedles', 'Megainey', 'Barrie'),
	('Meet the Deedles', 'Sundin', 'Cesar'),
	('Meet the Deedles', 'Walker', 'Odetta'),
	('Mental', 'Charlin', 'Arney'),
	('Mental', 'Dagleas', 'Sacha'),
	('Mental', 'De Ambrosi', 'Ennis'),
	('Mental', 'Impy', 'Brittani'),
	('Mental', 'Peppard', 'Glyn'),
	('Mirage Men', 'Bastone', 'Arabella'),
	('Mirage Men', 'Daviddi', 'Woody'),
	('Mirage Men', 'Leighton', 'Ophelia'),
	('Mirage Men', 'Licari', 'Redd'),
	('Mirage Men', 'McGillivray', 'Bail'),
	('Mumia Abu-Jamal: A Case for Reasonable Doubt?', 'Circuitt', 'Carola'),
	('Muppet Musicians of Bremen, The', 'Canner', 'Berny'),
	('Muppet Musicians of Bremen, The', 'Gaule', 'Alma'),
	('Muppet Musicians of Bremen, The', 'Hounihan', 'D''arcy'),
	('MVP: Most Valuable Primate', 'Bentinck', 'Wynnie'),
	('MVP: Most Valuable Primate', 'Ong', 'Fin'),
	('MVP: Most Valuable Primate', 'Sissens', 'Minna'),
	('Mystery (Fu cheng mi shi)', 'Larcher', 'Rocky'),
	('Mystery (Fu cheng mi shi)', 'Marginson', 'Gardiner'),
	('Mystery (Fu cheng mi shi)', 'Pittle', 'Rozelle'),
	('Mystery (Fu cheng mi shi)', 'Sissens', 'Minna'),
	('Mystery (Fu cheng mi shi)', 'Tabor', 'Charmain'),
	('Mystery (Fu cheng mi shi)', 'Tommasi', 'Tyson'),
	('Mystery (Fu cheng mi shi)', 'Wrathall', 'Emelen'),
	('Mystery (Fu cheng mi shi)', 'Yesson', 'Raff'),
	('Network', 'Ledingham', 'Wilow'),
	('Panic', 'Danes', 'Sybil'),
	('Panic', 'Redfern', 'Orren'),
	('Paraíso Travel', 'Bentinck', 'Wynnie'),
	('Paraíso Travel', 'Bliss', 'Rex'),
	('Paraíso Travel', 'Maciak', 'Keir'),
	('Paraíso Travel', 'Nucator', 'Serge'),
	('Paraíso Travel', 'Vannacci', 'Cami'),
	('Power of One, The', 'Costy', 'Meggie'),
	('Power of One, The', 'Faichnie', 'Rosalynd'),
	('Power of One, The', 'Gunton', 'Gualterio'),
	('Power of One, The', 'Lowings', 'Eadie'),
	('Rainmaker, The', 'Grigorushkin', 'Danette'),
	('Rainmaker, The', 'Helliwell', 'Evanne'),
	('Rainmaker, The', 'Offen', 'Bobbi'),
	('Rainmaker, The', 'Seviour', 'Jacquenetta'),
	('Rainmaker, The', 'Tidbold', 'Maggy'),
	('Real McCoy, The', 'Darlow', 'Kiah'),
	('Real McCoy, The', 'Sheron', 'Rex'),
	('Real McCoy, The', 'Tirone', 'Vilma'),
	('Real McCoy, The', 'Treversh', 'Godiva'),
	('Rembrandt''s J''accuse', 'Anand', 'Jacklin'),
	('Rembrandt''s J''accuse', 'Caldera', 'Heather'),
	('Rembrandt''s J''accuse', 'Carlisle', 'Delores'),
	('Rembrandt''s J''accuse', 'Dickenson', 'Sancho'),
	('Rembrandt''s J''accuse', 'Hamblyn', 'Janeta'),
	('Rembrandt''s J''accuse', 'Josephy', 'Grayce'),
	('Rembrandt''s J''accuse', 'Syme', 'Kent'),
	('Return of Martin Guerre, The (Retour de Martin Guerre, Le)', 'Feake', 'Brig'),
	('Return of Martin Guerre, The (Retour de Martin Guerre, Le)', 'Keatley', 'Star'),
	('Return of Martin Guerre, The (Retour de Martin Guerre, Le)', 'Licari', 'Redd'),
	('Return of Martin Guerre, The (Retour de Martin Guerre, Le)', 'Loosemore', 'Rebekah'),
	('Return of Martin Guerre, The (Retour de Martin Guerre, Le)', 'McCaffery', 'Rebecka'),
	('Return of Martin Guerre, The (Retour de Martin Guerre, Le)', 'Mowsdell', 'Salvatore'),
	('Return of Martin Guerre, The (Retour de Martin Guerre, Le)', 'Shoutt', 'Charyl'),
	('Return of Martin Guerre, The (Retour de Martin Guerre, Le)', 'Treversh', 'Godiva'),
	('Return of the Living Dead, The', 'Ditter', 'Franz'),
	('Return of the Living Dead, The', 'Gippes', 'Niel'),
	('Return of the Living Dead, The', 'Lakin', 'Lanie'),
	('Return of the Living Dead, The', 'McMackin', 'Reagen'),
	('Return of the Living Dead, The', 'Thewys', 'Rhodia'),
	('Riders of the Purple Sage', 'Crannell', 'Marielle'),
	('Riders of the Purple Sage', 'Ewen', 'Scotty'),
	('Riff-Raff', 'Gilfether', 'Lyndel'),
	('Riff-Raff', 'Marklew', 'Gill'),
	('Riff-Raff', 'Sexty', 'Joseito'),
	('Seaside (Bord de Mer)', 'Hadwick', 'Shea'),
	('Seaside (Bord de Mer)', 'Perritt', 'Laural'),
	('Seaside (Bord de Mer)', 'Shoutt', 'Charyl'),
	('Seaside (Bord de Mer)', 'Tidey', 'Jeremias'),
	('Seaside (Bord de Mer)', 'Wickens', 'Onofredo'),
	('Seed', 'Borless', 'Beret'),
	('Seed', 'Bunch', 'Hayes'),
	('Seed', 'Hulburd', 'Octavia'),
	('Seed', 'Tirone', 'Vilma'),
	('Seed', 'Trimming', 'Maurits'),
	('Self-Made Hero, A (Un héros très discret)', 'Crannell', 'Marielle'),
	('Self-Made Hero, A (Un héros très discret)', 'Goullee', 'Arabela'),
	('Self-Made Hero, A (Un héros très discret)', 'Hosby', 'Chiquita'),
	('Self-Made Hero, A (Un héros très discret)', 'Patzelt', 'Betty'),
	('Shadow Dancer, The (Shadows in the Sun)', 'Burdell', 'Arlene'),
	('Shadow Dancer, The (Shadows in the Sun)', 'Eldon', 'Malvina'),
	('Shadow Dancer, The (Shadows in the Sun)', 'Jarad', 'Fawn'),
	('Shadow Dancer, The (Shadows in the Sun)', 'Jockle', 'Tine'),
	('Skin Game, The', 'Auletta', 'Gwen'),
	('Skin Game, The', 'Caldera', 'Heather'),
	('Skin Game, The', 'King', 'Shaun'),
	('Skin Game, The', 'Pley', 'Angy'),
	('Skin Game, The', 'Scottrell', 'Bab'),
	('Snakes and Earrings (Hebi ni piasu)', 'Broszkiewicz', 'Estrella'),
	('Snakes and Earrings (Hebi ni piasu)', 'Feake', 'Brig'),
	('Snakes and Earrings (Hebi ni piasu)', 'Grummitt', 'Hedvig'),
	('Snakes and Earrings (Hebi ni piasu)', 'Lakin', 'Lanie'),
	('Snakes and Earrings (Hebi ni piasu)', 'Lund', 'Rosmunda'),
	('Snakes and Earrings (Hebi ni piasu)', 'Ronca', 'Donnajean'),
	('Son of Lassie', 'Charlin', 'Arney'),
	('Son of Lassie', 'Goullee', 'Arabela'),
	('Son of Lassie', 'Offen', 'Bobbi'),
	('Son of Lassie', 'Rossin', 'Allene'),
	('Son of Lassie', 'Tidbold', 'Maggy'),
	('Sorcerer and the White Snake, The (Bai she chuan shuo)', 'Abelwhite', 'Humberto'),
	('Sorcerer and the White Snake, The (Bai she chuan shuo)', 'Loosemore', 'Rebekah'),
	('Sorcerer and the White Snake, The (Bai she chuan shuo)', 'Weddeburn - Scrimgeour', 'Clerkclaude'),
	('Sorcerer and the White Snake, The (Bai she chuan shuo)', 'Wickens', 'Onofredo'),
	('Sparkle', 'Hember', 'Rubi'),
	('Sparkle', 'Hutcheons', 'Giacobo'),
	('Sparkle', 'Physick', 'Tabitha'),
	('Sparkle', 'Stichall', 'Perla'),
	('Super Capers', 'Eldon', 'Malvina'),
	('Super Capers', 'Hadwick', 'Shea'),
	('Super Capers', 'Rathbone', 'Marisa'),
	('Super Capers', 'Shoutt', 'Charyl'),
	('Tactical Force', 'Licari', 'Redd'),
	('Tactical Force', 'Treversh', 'Godiva'),
	('Tai Chi Hero', 'Desson', 'Jaymie'),
	('Tai Chi Hero', 'Gilfether', 'Lyndel'),
	('Tai Chi Hero', 'Hosby', 'Chiquita'),
	('Tai Chi Hero', 'Offen', 'Bobbi'),
	('Tai Chi Hero', 'Otteridge', 'Carolann'),
	('Taqwacore: The Birth of Punk Islam', 'Ewen', 'Scotty'),
	('Taqwacore: The Birth of Punk Islam', 'Hayhow', 'Ingaberg'),
	('Taqwacore: The Birth of Punk Islam', 'Janu', 'Reube'),
	('Taqwacore: The Birth of Punk Islam', 'Lynch', 'Ganny'),
	('The Big Flame', 'Ledingham', 'Wilow'),
	('The Big Flame', 'Offen', 'Bobbi'),
	('The Boogens', 'Impy', 'Brittani'),
	('The Devil Thumbs a Ride', 'Daviddi', 'Woody'),
	('The Devil Thumbs a Ride', 'Havoc', 'Sissy'),
	('The Devil Thumbs a Ride', 'Peasgood', 'Deerdre'),
	('The Devil Thumbs a Ride', 'Rantoull', 'Marjory'),
	('The Devil Thumbs a Ride', 'Shelbourne', 'Albina'),
	('The Devil Thumbs a Ride', 'Sissens', 'Minna'),
	('The Hunters', 'Bliss', 'Rex'),
	('The Hunters', 'Hamblyn', 'Janeta'),
	('The Hunters', 'Kane', 'Lamond'),
	('The Hunters', 'Sheron', 'Rex'),
	('The Uninvited Guest', 'Acedo', 'Melessa'),
	('The Uninvited Guest', 'Barbosa', 'Onida'),
	('The Uninvited Guest', 'Basten', 'Brigit'),
	('The Uninvited Guest', 'Biddiss', 'Chrysa'),
	('The Uninvited Guest', 'Crannell', 'Marielle'),
	('The Uninvited Guest', 'Hackinge', 'Irv'),
	('The Uninvited Guest', 'Hayhow', 'Ingaberg'),
	('The Uninvited Guest', 'Liffey', 'Giff'),
	('The Uninvited Guest', 'Ogg', 'Sergent'),
	('The Uninvited Guest', 'Ronca', 'Donnajean'),
	('The Uninvited Guest', 'Thalmann', 'Roselle'),
	('The Uninvited Guest', 'Tremoille', 'Gaspar'),
	('Thunderbolt and Lightfoot', 'Antonellini', 'Robbert'),
	('Thunderbolt and Lightfoot', 'Baversor', 'Sile'),
	('Thunderbolt and Lightfoot', 'Emmott', 'Tine'),
	('Thunderbolt and Lightfoot', 'Woodall', 'Hallie'),
	('To the Sea (Alamar)', 'Hocking', 'Germayne'),
	('Tunes of Glory', 'Marginson', 'Gardiner'),
	('Tunes of Glory', 'O''Driscoll', 'Alfi'),
	('Tunes of Glory', 'Sandom', 'Michele'),
	('Tunes of Glory', 'Walker', 'Odetta'),
	('Tunes of Glory', 'Wardingley', 'Romeo'),
	('Tuvalu', 'Burberow', 'Waite'),
	('Tuvalu', 'Cradey', 'Avis'),
	('Tuvalu', 'Halshaw', 'Grayce'),
	('Tuvalu', 'Swatradge', 'Griselda'),
	('Tuvalu', 'Wrathall', 'Emelen'),
	('Until Death', 'Burberow', 'Waite'),
	('Until Death', 'Mowsdell', 'Salvatore'),
	('Until Death', 'Sorrill', 'York'),
	('Watermarks', 'Brattan', 'Lind'),
	('Watermarks', 'Crannell', 'Marielle'),
	('Watermarks', 'Ibbotson', 'Joseph'),
	('Watermarks', 'Kear', 'Minta'),
	('Watermarks', 'Ludwig', 'Kaine'),
	('World on a Wire (Welt am Draht)', 'Pittle', 'Rozelle'),
	('Zombies on Broadway', 'Costy', 'Meggie'),
	('Zombies on Broadway', 'Grigorushkin', 'Danette'),
	('Zombies on Broadway', 'Hounihan', 'D''arcy'),
	('Zombies on Broadway', 'Josephy', 'Grayce'),
	('Zombies on Broadway', 'Leatherland', 'Mariam'),
	('Zombies on Broadway', 'Loosemore', 'Rebekah'),
	('Zombies on Broadway', 'Ogg', 'Sergent'),
	('Zombies on Broadway', 'Romaint', 'Merline'),
	('Zombies on Broadway', 'Sporrij', 'Rodge'),
	('Zombies on Broadway', 'Wakeley', 'Hendrika');

/* ----- TV SHOWS LINKED */

-- Table SerieTV
insert into SerieTV values 
	('Chernobyl'),
	('The Expanse'),
	('Altered Carbon'),
	('Black Mirror'),
	('The Boys');



-- Table Saison
insert into Saison values 
	(1, 'Chernobyl', 18000),
	(1, 'The Expanse', 27000),
	(2, 'The Expanse', 35100),
	(3, 'The Expanse', 40500),
	(4, 'The Expanse', 27000),	
	(1, 'Altered Carbon', 27000),
	(1, 'Black Mirror', 13500),
	(2, 'Black Mirror', 13500),
	(3, 'Black Mirror', 13500),
	(4, 'Black Mirror', 13500),
	(5, 'Black Mirror', 13500),
	(1, 'The Boys', 27000);

-- Table Episode
insert into Episode values 
	(1, 1, 'Chernobyl', '1:23:45', 3600, '2019-05-06 00:00:00', NULL, NULL, NULL),
	(2, 1, 'Chernobyl', 'Please Remain Calm', 3600, '2019-05-13 00:00:00', 1, 1, 'Chernobyl'),
	(3, 1, 'Chernobyl', 'Open Wide, O Earth', 3600, '2019-05-20 00:00:00',2, 1, 'Chernobyl'),
	(4, 1, 'Chernobyl', 'The Happiness of All Mankind', 3600, '2019-05-27 00:00:00', 3, 1, 'Chernobyl'),
	(5, 1, 'Chernobyl', 'Vichnaya Pamyat', 3600, '2019-06-03 00:00:00', 4, 1, 'Chernobyl'),
	
	(1, 1, 'The Expanse', 'Dulcinea', 2700 ,'2015-12-15 03:00:00', NULL, NULL, NULL),
	(2, 1, 'The Expanse', 'The Big Empty', 2700 ,'2015-12-16 03:00:00', 1, 1, 'The Expanse'),
	(3, 1, 'The Expanse', 'Remember the Cant', 2700 ,'2015-12-23 03:00:00', 2, 1, 'The Expanse'),
	(4, 1, 'The Expanse', 'CQB', 2700 ,'2015-12-30 03:00:00', 3, 1, 'The Expanse'),
	(5, 1, 'The Expanse', 'Back to the Butcher', 2700 ,'2016-01-06 03:00:00', 4, 1, 'The Expanse'),
	(6, 1, 'The Expanse', 'Rock Bottom', 2700 ,'2016-01-13 03:00:00', 5, 1, 'The Expanse'),
	(7, 1, 'The Expanse', 'Windmills', 2700 ,'2016-01-20 03:00:00', 6, 1, 'The Expanse'),
	(8, 1, 'The Expanse', 'Salvage', 2700 ,'2016-01-27 03:00:00', 7, 1, 'The Expanse'),
	(9, 1, 'The Expanse', 'Critical Mass', 2700 ,'2016-02-03 03:00:00', 8, 1, 'The Expanse'),
	(10, 1, 'The Expanse', 'Leviathan Wakes', 2700 ,'2016-02-03 04:00:00', 9, 1, 'The Expanse'),
	(1, 2, 'The Expanse', 'Safe', 2700 ,'2017-02-02 03:00:00', 10, 1, 'The Expanse'),
	(2, 2, 'The Expanse', 'Doors & Corners', 2700 ,'2017-02-02 04:00:00', 1, 2, 'The Expanse'),
	(3, 2, 'The Expanse', 'Static', 2700 ,'2017-02-09 03:00:00', 2, 2, 'The Expanse'),
	(4, 2, 'The Expanse', 'Godspeed', 2700 ,'2017-02-16 03:00:00', 3, 2, 'The Expanse'),
	(5, 2, 'The Expanse', 'Home', 2700 ,'2017-02-23 03:00:00', 4, 2, 'The Expanse'),
	(6, 2, 'The Expanse', 'Paradigm Shift', 2700 ,'2017-03-02 03:00:00', 5, 2, 'The Expanse'),
	(7, 2, 'The Expanse', 'The Seventh Man', 2700 ,'2017-03-09 03:00:00', 6, 2, 'The Expanse'),
	(8, 2, 'The Expanse', 'Pyre', 2700 ,'2017-03-16 02:00:00', 7, 2, 'The Expanse'),
	(9, 2, 'The Expanse', 'The Weeping Somnambulist', 2700 ,'2017-03-23 02:00:00', 8, 2, 'The Expanse'),
	(10, 2, 'The Expanse', 'Cascade', 2700 ,'2017-03-30 02:00:00', 9, 2, 'The Expanse'),
	(11, 2, 'The Expanse', 'Here There Be Dragons', 2700 ,'2017-04-06 02:00:00', 10, 2, 'The Expanse'),
	(12, 2, 'The Expanse', 'The Monster and the Rocket', 2700 ,'2017-04-13 02:00:00', 11, 2, 'The Expanse'),
	(13, 2, 'The Expanse', 'Caliban''s War', 2700 ,'2017-04-20 02:00:00', 12, 2, 'The Expanse'),
	(1, 3, 'The Expanse', 'Fight or Flight', 2700 ,'2018-04-12 01:00:00', 13, 2, 'The Expanse'),
	(2, 3, 'The Expanse', 'IFF', 2700 ,'2018-04-19 01:00:00', 1, 3, 'The Expanse'),
	(3, 3, 'The Expanse', 'Assured Destruction', 2700 ,'2018-04-26 01:00:00', 2, 3, 'The Expanse'),
	(4, 3, 'The Expanse', 'Reload', 2700 ,'2018-05-03 01:00:00', 3, 3, 'The Expanse'),
	(5, 3, 'The Expanse', 'Triple Point', 2700 ,'2018-05-10 01:00:00', 4, 3, 'The Expanse'),
	(6, 3, 'The Expanse', 'Immolation', 2700 ,'2018-05-17 01:00:00', 5, 3, 'The Expanse'),
	(7, 3, 'The Expanse', 'Delta-V', 2700 ,'2018-05-24 01:00:00', 6, 3, 'The Expanse'),
	(8, 3, 'The Expanse', 'It Reaches Out', 2700 ,'2018-05-31 01:00:00', 7, 3, 'The Expanse'),
	(9, 3, 'The Expanse', 'Intransigence', 2700 ,'2018-06-07 01:00:00', 8, 3, 'The Expanse'),
	(10, 3, 'The Expanse', 'Dandelion Sky', 2700 ,'2018-06-14 01:00:00', 9, 3, 'The Expanse'),
	(11, 3, 'The Expanse', 'Fallen World', 2700 ,'2018-06-21 01:00:00', 10, 3, 'The Expanse'),
	(12, 3, 'The Expanse', 'Congregation', 2700 ,'2018-06-28 01:00:00', 11, 3, 'The Expanse'),
	(13, 3, 'The Expanse', 'Abaddon''s Gate', 2700 ,'2018-06-28 01:45:00', 12, 3, 'The Expanse'),
	(1, 4, 'The Expanse', 'New Terra', 2700 ,'2019-12-13 12:00:00', 13, 3, 'The Expanse'),
	(2, 4, 'The Expanse', 'Episode 2', 2700 ,'2019-12-13 12:00:00', 1, 4, 'The Expanse'),
	(3, 4, 'The Expanse', 'Episode 3', 2700 ,'2019-12-13 12:00:00', 2, 4, 'The Expanse'),
	(4, 4, 'The Expanse', 'Episode 4', 2700 ,'2019-12-13 12:00:00', 3, 4, 'The Expanse'),
	(5, 4, 'The Expanse', 'Episode 5', 2700 ,'2019-12-13 12:00:00', 4, 4, 'The Expanse'),
	(6, 4, 'The Expanse', 'Episode 6', 2700 ,'2019-12-13 12:00:00', 5, 4, 'The Expanse'),
	(7, 4, 'The Expanse', 'Episode 7', 2700 ,'2019-12-13 12:00:00', 6, 4, 'The Expanse'),
	(8, 4, 'The Expanse', 'Episode 8', 2700 ,'2019-12-13 12:00:00', 7, 4, 'The Expanse'),
	(9, 4, 'The Expanse', 'Episode 9', 2700 ,'2019-12-13 12:00:00', 8, 4, 'The Expanse'),
	(10, 4, 'The Expanse', 'Cibola Burn', 2700 ,'2019-12-13 12:00:00', 9, 4, 'The Expanse'),

	(1, 1, 'Black Mirror', 'The National Anthem', 3600 ,'2011-12-04 12:00:00', NULL, NULL, NULL),
	(2, 1, 'Black Mirror', 'Fifteen Million Merits', 3600 ,'2011-12-11 12:00:00', 1, 1, 'Black Mirror'),
	(3, 1, 'Black Mirror', 'The Entire History of You', 3600 ,'2011-12-18 12:00:00', 2, 1, 'Black Mirror'),
	(1, 2, 'Black Mirror', 'Be Right Back', 3600 ,'2013-02-11 12:00:00', 3, 1, 'Black Mirror'),
	(2, 2, 'Black Mirror', 'White Bear', 3600 ,'2013-02-18 12:00:00', 1, 2, 'Black Mirror'),
	(3, 2, 'Black Mirror', 'The Waldo Moment', 3600 ,'2013-02-25 12:00:00', 2, 2, 'Black Mirror'),
	(0, 3, 'Black Mirror', 'Special : White Christmas', 3600 ,'2014-12-25 00:00:00', 3, 2, 'Black Mirror'),
	(1, 3, 'Black Mirror', 'Nosedive', 3600 ,'2016-10-21 12:00:00', 0, 3, 'Black Mirror'),
	(2, 3, 'Black Mirror', 'Playtest', 3600 ,'2016-10-21 12:00:00', 1, 3, 'Black Mirror'),
	(3, 3, 'Black Mirror', 'Shut Up and Dance', 3600 ,'2016-10-21 12:00:00', 2, 3, 'Black Mirror'),
	(4, 3, 'Black Mirror', 'San Junipero', 3600 ,'2016-10-21 12:00:00', 3, 3, 'Black Mirror'),
	(5, 3, 'Black Mirror', 'Men Against Fire', 3600 ,'2016-10-21 12:00:00', 4, 3, 'Black Mirror'),
	(6, 3, 'Black Mirror', 'Hated in the Nation', 3600 ,'2016-10-21 12:00:00', 5, 3, 'Black Mirror'),
	(1, 4, 'Black Mirror', 'USS Callister', 3600 ,'2017-12-29 12:00:00', 6, 3, 'Black Mirror'),
	(2, 4, 'Black Mirror', 'Arkangel', 3600 ,'2017-12-29 12:00:00', 1, 4, 'Black Mirror'),
	(3, 4, 'Black Mirror', 'Crocodile', 3600 ,'2017-12-29 12:00:00', 2, 4, 'Black Mirror'),
	(4, 4, 'Black Mirror', 'Hang the DJ', 3600 ,'2017-12-29 12:00:00', 3, 4, 'Black Mirror'),
	(5, 4, 'Black Mirror', 'Metalhead', 3600 ,'2017-12-29 12:00:00', 4, 4, 'Black Mirror'),
	(6, 4, 'Black Mirror', 'Black Museum', 3600 ,'2017-12-29 12:00:00', 5, 4, 'Black Mirror'),
	(1, 5, 'Black Mirror', 'Striking Vipers', 3600 ,'2019-06-05 12:00:00', 6, 4, 'Black Mirror'),
	(2, 5, 'Black Mirror', 'Smithereens', 3600 ,'2019-06-05 12:00:00', 1, 5, 'Black Mirror'),
	(3, 5, 'Black Mirror', 'Rachel, Jack and Ashley, Too', 3600 ,'2019-06-05 12:00:00', 2, 5, 'Black Mirror'),
	
	(1, 1, 'The Boys', 'Don''t Call Me Ed', 3600 ,'1993-08-21 02:00:00', NULL, NULL, NULL),
	(2, 1, 'The Boys', 'Ladies'' Night', 3600 ,'1993-08-28 02:00:00', 1, 1, 'The Boys'),
	(3, 1, 'The Boys', 'Strike One, You''re Out', 3600 ,'1993-09-04 02:00:00', 2, 1, 'The Boys'),
	(4, 1, 'The Boys', 'The Writing Class', 3600 ,'1993-09-11 02:00:00', 3, 1, 'The Boys'),
	(5, 1, 'The Boys', 'Ninety-Five in the Shade', 3600 ,'1993-09-18 02:00:00', 4, 1, 'The Boys'),

	(1, 1, 'Altered Carbon', 'Out of the Past', 3600 ,'2018-02-02 12:00:00', NULL, NULL, NULL),
	(2, 1, 'Altered Carbon', 'Fallen Angel', 3600 ,'2018-02-02 12:00:00', 1, 1, 'Altered Carbon'),
	(3, 1, 'Altered Carbon', 'In a Lonely Place', 3600 ,'2018-02-02 12:00:00', 2, 1, 'Altered Carbon'),
	(4, 1, 'Altered Carbon', 'Force of Evil', 3600 ,'2018-02-02 12:00:00', 3, 1, 'Altered Carbon'),
	(5, 1, 'Altered Carbon', 'The Wrong Man', 3600 ,'2018-02-02 12:00:00', 4, 1, 'Altered Carbon'),
	(6, 1, 'Altered Carbon', 'Man with My Face', 3600 ,'2018-02-02 12:00:00', 5, 1, 'Altered Carbon'),
	(7, 1, 'Altered Carbon', 'Nora Inu', 3600 ,'2018-02-02 12:00:00', 6, 1, 'Altered Carbon'),
	(8, 1, 'Altered Carbon', 'Clash by Night', 3600 ,'2018-02-02 12:00:00', 7, 1, 'Altered Carbon'),
	(9, 1, 'Altered Carbon', 'Rage in Heaven', 3600 ,'2018-02-02 12:00:00', 8, 1, 'Altered Carbon'),
	(10, 1, 'Altered Carbon', 'The Killers', 3600 ,'2018-02-02 12:00:00', 9, 1, 'Altered Carbon')
	;

-- Table Acteur-Episode
INSERT INTO "ActEps" ("EpsNo", "EpsSsnNo", "EpsSsnSTVCntTitre", "ActNom", "ActPrenom") VALUES
	(0, 3, 'Black Mirror', 'Bestiman', 'Hercules'),
	(0, 3, 'Black Mirror', 'Calltone', 'Crichton'),
	(0, 3, 'Black Mirror', 'Chaffin', 'Eben'),
	(0, 3, 'Black Mirror', 'Eyam', 'Kati'),
	(0, 3, 'Black Mirror', 'Feake', 'Brig'),
	(0, 3, 'Black Mirror', 'Lampet', 'Son'),
	(0, 3, 'Black Mirror', 'Stenning', 'Marijo'),
	(0, 3, 'Black Mirror', 'Tabor', 'Charmain'),
	(1, 1, 'Altered Carbon', 'Bridgen', 'Ambros'),
	(1, 1, 'Altered Carbon', 'Comley', 'Shandie'),
	(1, 1, 'Altered Carbon', 'Gumn', 'Briant'),
	(1, 1, 'Altered Carbon', 'Jopling', 'Malissa'),
	(1, 1, 'Altered Carbon', 'Kane', 'Lamond'),
	(1, 1, 'Altered Carbon', 'Marklew', 'Gill'),
	(1, 1, 'Altered Carbon', 'Sorrill', 'York'),
	(1, 1, 'Black Mirror', 'Bowshire', 'Lucine'),
	(1, 1, 'Black Mirror', 'Cattle', 'Noel'),
	(1, 1, 'Black Mirror', 'Connors', 'Tedie'),
	(1, 1, 'Black Mirror', 'Engelmann', 'Minette'),
	(1, 1, 'Black Mirror', 'Havoc', 'Sissy'),
	(1, 1, 'Black Mirror', 'Kindon', 'Adlai'),
	(1, 1, 'Black Mirror', 'Maciak', 'Keir'),
	(1, 1, 'Black Mirror', 'Marklew', 'Gill'),
	(1, 1, 'Black Mirror', 'Zuanelli', 'Carolyn'),
	(1, 1, 'Chernobyl', 'Abelwhite', 'Humberto'),
	(1, 1, 'Chernobyl', 'Divina', 'Christian'),
	(1, 1, 'Chernobyl', 'Impy', 'Brittani'),
	(1, 1, 'Chernobyl', 'Iskov', 'Jillane'),
	(1, 1, 'Chernobyl', 'Jedrzaszkiewicz', 'Gleda'),
	(1, 1, 'Chernobyl', 'Kleisel', 'Kayne'),
	(1, 1, 'Chernobyl', 'Mankor', 'Auroora'),
	(1, 1, 'Chernobyl', 'Shoubridge', 'Hamish'),
	(1, 1, 'The Boys', 'Benoey', 'Conchita'),
	(1, 1, 'The Boys', 'Dearnly', 'Edna'),
	(1, 1, 'The Expanse', 'Liffey', 'Giff'),
	(1, 1, 'The Expanse', 'Minster', 'Kissee'),
	(1, 1, 'The Expanse', 'Patzelt', 'Betty'),
	(1, 2, 'Black Mirror', 'De Ambrosi', 'Ennis'),
	(1, 2, 'Black Mirror', 'Faichnie', 'Rosalynd'),
	(1, 2, 'Black Mirror', 'Mateiko', 'Mal'),
	(1, 2, 'Black Mirror', 'Treversh', 'Godiva'),
	(1, 2, 'The Expanse', 'Bestiman', 'Hercules'),
	(1, 2, 'The Expanse', 'Fowden', 'Robinetta'),
	(1, 2, 'The Expanse', 'Healeas', 'Allistir'),
	(1, 2, 'The Expanse', 'Phillpotts', 'Imogen'),
	(1, 2, 'The Expanse', 'Shelbourne', 'Albina'),
	(1, 3, 'Black Mirror', 'Iskower', 'Neal'),
	(1, 3, 'Black Mirror', 'Lowings', 'Eadie'),
	(1, 3, 'Black Mirror', 'Phillpotts', 'Imogen'),
	(1, 3, 'Black Mirror', 'Rizzotto', 'Irv'),
	(1, 3, 'Black Mirror', 'Stenning', 'Marijo'),
	(1, 3, 'The Expanse', 'Goullee', 'Arabela'),
	(1, 3, 'The Expanse', 'Nucator', 'Serge'),
	(1, 4, 'Black Mirror', 'Collabine', 'Leighton'),
	(1, 4, 'Black Mirror', 'Darlow', 'Kiah'),
	(1, 4, 'Black Mirror', 'Gallagher', 'Eugine'),
	(1, 4, 'Black Mirror', 'Toland', 'Deck'),
	(1, 4, 'The Expanse', 'Auletta', 'Gwen'),
	(1, 4, 'The Expanse', 'Benitez', 'Kareem'),
	(1, 4, 'The Expanse', 'Eyam', 'Kati'),
	(1, 4, 'The Expanse', 'Goullee', 'Arabela'),
	(1, 4, 'The Expanse', 'Kirdsch', 'Brynne'),
	(1, 4, 'The Expanse', 'Rathbone', 'Marisa'),
	(1, 5, 'Black Mirror', 'Calderonello', 'Ly'),
	(1, 5, 'Black Mirror', 'Charlin', 'Arney'),
	(1, 5, 'Black Mirror', 'Kirdsch', 'Brynne'),
	(1, 5, 'Black Mirror', 'Laybourn', 'Mildrid'),
	(1, 5, 'Black Mirror', 'Lusher', 'Delilah'),
	(1, 5, 'Black Mirror', 'Peasgood', 'Deerdre'),
	(1, 5, 'Black Mirror', 'Rive', 'Virgina'),
	(1, 5, 'Black Mirror', 'Sandom', 'Michele'),
	(1, 5, 'Black Mirror', 'Walker', 'Odetta'),
	(2, 1, 'Altered Carbon', 'Daviddi', 'Woody'),
	(2, 1, 'Altered Carbon', 'Kleyn', 'Lorne'),
	(2, 1, 'Altered Carbon', 'Minster', 'Kissee'),
	(2, 1, 'Altered Carbon', 'Peasgood', 'Deerdre'),
	(2, 1, 'Black Mirror', 'Cattle', 'Noel'),
	(2, 1, 'Black Mirror', 'Basten', 'Brigit'),
	(2, 1, 'Black Mirror', 'Bentinck', 'Wynnie'),
	(2, 1, 'Black Mirror', 'Connors', 'Tedie'),
	(2, 1, 'Black Mirror', 'Divina', 'Christian'),
	(2, 1, 'Black Mirror', 'Matthieson', 'Jobye'),
	(2, 1, 'Black Mirror', 'Seedhouse', 'Timotheus'),
	(2, 1, 'Black Mirror', 'Shoutt', 'Charyl'),
	(2, 1, 'Black Mirror', 'Treversh', 'Godiva'),
	(2, 1, 'Chernobyl', 'Anstis', 'Kiley'),
	(2, 1, 'Chernobyl', 'Rathbone', 'Marisa'),
	(2, 1, 'Chernobyl', 'Tremoille', 'Gaspar'),
	(2, 1, 'The Boys', 'Daviddi', 'Woody'),
	(2, 1, 'The Boys', 'Farn', 'Harland'),
	(2, 1, 'The Boys', 'Gippes', 'Niel'),
	(2, 1, 'The Boys', 'Peasgood', 'Deerdre'),
	(2, 1, 'The Boys', 'Sandifer', 'Corabelle'),
	(2, 1, 'The Boys', 'Smithin', 'Claudie'),
	(2, 1, 'The Boys', 'Spittle', 'Ileana'),
	(2, 1, 'The Boys', 'Wellfare', 'Elysha'),
	(2, 1, 'The Expanse', 'Collabine', 'Leighton'),
	(2, 1, 'The Expanse', 'Goullee', 'Arabela'),
	(2, 1, 'The Expanse', 'Hodcroft', 'Smith'),
	(2, 1, 'The Expanse', 'Tuckwell', 'Indira'),
	(2, 2, 'Black Mirror', 'Crannell', 'Marielle'),
	(2, 2, 'Black Mirror', 'Gaspero', 'Isidore'),
	(2, 2, 'Black Mirror', 'Goullee', 'Arabela'),
	(2, 2, 'Black Mirror', 'Lakin', 'Lanie'),
	(2, 2, 'Black Mirror', 'Tremoille', 'Gaspar'),
	(2, 2, 'Black Mirror', 'Wynne', 'Roland'),
	(2, 2, 'The Expanse', 'Barbosa', 'Onida'),
	(2, 2, 'The Expanse', 'Gumn', 'Briant'),
	(2, 2, 'The Expanse', 'Holywell', 'Cesar'),
	(2, 2, 'The Expanse', 'Whilder', 'Charla'),
	(2, 3, 'Black Mirror', 'Abelwhite', 'Humberto'),
	(2, 3, 'Black Mirror', 'Anand', 'Jacklin'),
	(2, 3, 'Black Mirror', 'Chaffin', 'Eben'),
	(2, 3, 'Black Mirror', 'Minster', 'Kissee'),
	(2, 3, 'Black Mirror', 'Molyneux', 'Ricardo'),
	(2, 3, 'Black Mirror', 'Normadell', 'Dulcea'),
	(2, 3, 'Black Mirror', 'Weddeburn - Scrimgeour', 'Clerkclaude'),
	(2, 3, 'The Expanse', 'Borless', 'Beret'),
	(2, 3, 'The Expanse', 'Hosby', 'Chiquita'),
	(2, 3, 'The Expanse', 'King', 'Shaun'),
	(2, 3, 'The Expanse', 'Leatherland', 'Mariam'),
	(2, 3, 'The Expanse', 'Lusher', 'Delilah'),
	(2, 3, 'The Expanse', 'Rosborough', 'Darrell'),
	(2, 4, 'Black Mirror', 'Gaspero', 'Isidore'),
	(2, 4, 'Black Mirror', 'Hocking', 'Germayne'),
	(2, 4, 'Black Mirror', 'O''Driscoll', 'Alfi'),
	(2, 4, 'Black Mirror', 'Reina', 'Jan'),
	(2, 4, 'Black Mirror', 'Strode', 'Gibbie'),
	(2, 4, 'The Expanse', 'Benoey', 'Conchita'),
	(2, 4, 'The Expanse', 'Garfirth', 'Brit'),
	(2, 4, 'The Expanse', 'Grigorushkin', 'Danette'),
	(2, 4, 'The Expanse', 'Halshaw', 'Grayce'),
	(2, 4, 'The Expanse', 'Megainey', 'Barrie'),
	(2, 5, 'Black Mirror', 'Cradey', 'Avis'),
	(2, 5, 'Black Mirror', 'Dorro', 'Denys'),
	(2, 5, 'Black Mirror', 'Jamot', 'Dee dee'),
	(2, 5, 'Black Mirror', 'Tommasi', 'Tyson'),
	(3, 1, 'Black Mirror', 'Cattle', 'Noel'),
	(3, 1, 'Altered Carbon', 'Boyall', 'Harli'),
	(3, 1, 'Altered Carbon', 'Burberow', 'Waite'),
	(3, 1, 'Altered Carbon', 'Lund', 'Rosmunda'),
	(3, 1, 'Altered Carbon', 'Ong', 'Fin'),
	(3, 1, 'Altered Carbon', 'Sissens', 'Minna'),
	(3, 1, 'Altered Carbon', 'Venes', 'Miles'),
	(3, 1, 'Black Mirror', 'Aikin', 'Juditha'),
	(3, 1, 'Black Mirror', 'Burberow', 'Waite'),
	(3, 1, 'Black Mirror', 'Dearnly', 'Edna'),
	(3, 1, 'Black Mirror', 'Divina', 'Christian'),
	(3, 1, 'Black Mirror', 'Faichnie', 'Rosalynd'),
	(3, 1, 'Black Mirror', 'Feake', 'Brig'),
	(3, 1, 'Black Mirror', 'Hamel', 'Dennet'),
	(3, 1, 'Black Mirror', 'Hamilton', 'Odella'),
	(3, 1, 'Black Mirror', 'Heibel', 'Crysta'),
	(3, 1, 'Black Mirror', 'Pittle', 'Rozelle'),
	(3, 1, 'Black Mirror', 'Shelbourne', 'Albina'),
	(3, 1, 'Chernobyl', 'Aikin', 'Juditha'),
	(3, 1, 'Chernobyl', 'Andreazzi', 'Bobbie'),
	(3, 1, 'Chernobyl', 'Circuitt', 'Carola'),
	(3, 1, 'Chernobyl', 'Lund', 'Rosmunda'),
	(3, 1, 'The Boys', 'Bliss', 'Rex'),
	(3, 1, 'The Boys', 'Broszkiewicz', 'Estrella'),
	(3, 1, 'The Boys', 'Hamilton', 'Odella'),
	(3, 1, 'The Boys', 'Izkovici', 'Ashlie'),
	(3, 1, 'The Boys', 'Jewiss', 'Philipa'),
	(3, 1, 'The Boys', 'McCaffery', 'Rebecka'),
	(3, 1, 'The Boys', 'Nucator', 'Serge'),
	(3, 1, 'The Expanse', 'Desson', 'Jaymie'),
	(3, 1, 'The Expanse', 'Kornilyev', 'Aluino'),
	(3, 1, 'The Expanse', 'Seedhouse', 'Timotheus'),
	(3, 2, 'Black Mirror', 'De Ambrosi', 'Ennis'),
	(3, 2, 'Black Mirror', 'Rantoull', 'Marjory'),
	(3, 2, 'Black Mirror', 'Venes', 'Miles'),
	(3, 2, 'Black Mirror', 'Worpole', 'Krissy'),
	(3, 2, 'The Expanse', 'Antonellini', 'Robbert'),
	(3, 2, 'The Expanse', 'Marchant', 'Lyda'),
	(3, 2, 'The Expanse', 'Ratt', 'Ruby'),
	(3, 2, 'The Expanse', 'Reina', 'Jan'),
	(3, 2, 'The Expanse', 'Tirone', 'Vilma'),
	(3, 3, 'Black Mirror', 'Carde', 'Marya'),
	(3, 3, 'Black Mirror', 'Clementel', 'Joshua'),
	(3, 3, 'Black Mirror', 'Farn', 'Harland'),
	(3, 3, 'Black Mirror', 'Worpole', 'Krissy'),
	(3, 3, 'The Expanse', 'Clementel', 'Joshua'),
	(3, 3, 'The Expanse', 'Dickenson', 'Sancho'),
	(3, 3, 'The Expanse', 'Hartburn', 'Amara'),
	(3, 3, 'The Expanse', 'Offen', 'Bobbi'),
	(3, 3, 'The Expanse', 'Pellamont', 'Maury'),
	(3, 3, 'The Expanse', 'Shelbourne', 'Albina'),
	(3, 4, 'Black Mirror', 'Halshaw', 'Grayce'),
	(3, 4, 'Black Mirror', 'Iskower', 'Neal'),
	(3, 4, 'Black Mirror', 'Megainey', 'Barrie'),
	(3, 4, 'The Expanse', 'Acedo', 'Melessa'),
	(3, 4, 'The Expanse', 'Brattan', 'Lind'),
	(3, 4, 'The Expanse', 'Cattle', 'Noel'),
	(3, 4, 'The Expanse', 'Ditter', 'Franz'),
	(3, 4, 'The Expanse', 'Grizard', 'Dulciana'),
	(3, 4, 'The Expanse', 'Licari', 'Redd'),
	(3, 4, 'The Expanse', 'Raynard', 'Jada'),
	(3, 5, 'Black Mirror', 'Auletta', 'Gwen'),
	(3, 5, 'Black Mirror', 'Gilfether', 'Lyndel'),
	(3, 5, 'Black Mirror', 'Laybourn', 'Mildrid'),
	(3, 5, 'Black Mirror', 'Nucator', 'Serge'),
	(3, 5, 'Black Mirror', 'Reschke', 'Francine'),
	(3, 5, 'Black Mirror', 'Rizzotto', 'Irv'),
	(3, 5, 'Black Mirror', 'Rossin', 'Allene'),
	(3, 5, 'Black Mirror', 'Tabor', 'Charmain'),
	(3, 5, 'Black Mirror', 'Wildt', 'Wolfy'),
	(3, 5, 'Black Mirror', 'Zuanelli', 'Carolyn'),
	(4, 1, 'Altered Carbon', 'Emmott', 'Tine'),
	(4, 1, 'Altered Carbon', 'Maciak', 'Keir'),
	(4, 1, 'Altered Carbon', 'Megainey', 'Barrie'),
	(4, 1, 'Altered Carbon', 'Offen', 'Bobbi'),
	(4, 1, 'Chernobyl', 'Circuitt', 'Carola'),
	(4, 1, 'Chernobyl', 'Grizard', 'Dulciana'),
	(4, 1, 'Chernobyl', 'King', 'Shaun'),
	(4, 1, 'Chernobyl', 'Yeardley', 'Fabiano'),
	(4, 1, 'The Boys', 'Basten', 'Brigit'),
	(4, 1, 'The Boys', 'Claige', 'Barnebas'),
	(4, 1, 'The Boys', 'Hackinge', 'Irv'),
	(4, 1, 'The Boys', 'Jamot', 'Dee dee'),
	(4, 1, 'The Boys', 'Nairn', 'Quillan'),
	(4, 1, 'The Expanse', 'Calltone', 'Crichton'),
	(4, 1, 'The Expanse', 'Halshaw', 'Grayce'),
	(4, 1, 'The Expanse', 'Hember', 'Rubi'),
	(4, 1, 'The Expanse', 'Kleanthous', 'Kaia'),
	(4, 1, 'The Expanse', 'Liffey', 'Giff'),
	(4, 1, 'The Expanse', 'Stichall', 'Perla'),
	(4, 1, 'The Expanse', 'Toland', 'Deck'),
	(4, 2, 'The Expanse', 'Claige', 'Barnebas'),
	(4, 2, 'The Expanse', 'Grigorushkin', 'Danette'),
	(4, 2, 'The Expanse', 'Oglevie', 'Obidiah'),
	(4, 2, 'The Expanse', 'Rantoull', 'Marjory'),
	(4, 3, 'Black Mirror', 'Bliss', 'Rex'),
	(4, 3, 'Black Mirror', 'Carmen', 'Timmie'),
	(4, 3, 'Black Mirror', 'Janu', 'Reube'),
	(4, 3, 'Black Mirror', 'Lusk', 'Tiff'),
	(4, 3, 'Black Mirror', 'Ong', 'Fin'),
	(4, 3, 'Black Mirror', 'Worpole', 'Krissy'),
	(4, 3, 'The Expanse', 'Healeas', 'Allistir'),
	(4, 3, 'The Expanse', 'Hindenberger', 'Goober'),
	(4, 4, 'Black Mirror', 'Borless', 'Beret'),
	(4, 4, 'Black Mirror', 'Claige', 'Barnebas'),
	(4, 4, 'Black Mirror', 'Crannell', 'Marielle'),
	(4, 4, 'Black Mirror', 'Dinnis', 'Marcela'),
	(4, 4, 'Black Mirror', 'Doiley', 'Say'),
	(4, 4, 'Black Mirror', 'Hember', 'Rubi'),
	(4, 4, 'Black Mirror', 'Sandom', 'Michele'),
	(4, 4, 'Black Mirror', 'Toland', 'Deck'),
	(4, 4, 'The Expanse', 'Allom', 'Lydia'),
	(4, 4, 'The Expanse', 'Caldera', 'Heather'),
	(4, 4, 'The Expanse', 'Kane', 'Lamond'),
	(4, 4, 'The Expanse', 'Kristof', 'Karlis'),
	(4, 4, 'The Expanse', 'Marklew', 'Gill'),
	(4, 4, 'The Expanse', 'Thalmann', 'Roselle'),
	(4, 4, 'The Expanse', 'Trevaskis', 'Aubry'),
	(5, 1, 'Altered Carbon', 'Costy', 'Meggie'),
	(5, 1, 'Altered Carbon', 'Ditter', 'Franz'),
	(5, 1, 'Altered Carbon', 'Hosby', 'Chiquita'),
	(5, 1, 'Altered Carbon', 'Kail', 'Ludvig'),
	(5, 1, 'Altered Carbon', 'Shoubridge', 'Hamish'),
	(5, 1, 'Altered Carbon', 'Sundin', 'Cesar'),
	(5, 1, 'Chernobyl', 'Aikin', 'Juditha'),
	(5, 1, 'Chernobyl', 'Beccero', 'Sheilah'),
	(5, 1, 'Chernobyl', 'Normadell', 'Dulcea'),
	(5, 1, 'Chernobyl', 'Seviour', 'Jacquenetta'),
	(5, 1, 'The Boys', 'Mankor', 'Auroora'),
	(5, 1, 'The Boys', 'McMackin', 'Reagen'),
	(5, 1, 'The Boys', 'Otter', 'Ximenez'),
	(5, 1, 'The Boys', 'Toop', 'Kermie'),
	(5, 1, 'The Expanse', 'Acedo', 'Melessa'),
	(5, 1, 'The Expanse', 'Grummitt', 'Hedvig'),
	(5, 1, 'The Expanse', 'Nairn', 'Quillan'),
	(5, 1, 'The Expanse', 'Romaint', 'Merline'),
	(5, 1, 'The Expanse', 'Wardingley', 'Romeo'),
	(5, 1, 'The Expanse', 'Yesson', 'Raff'),
	(5, 2, 'The Expanse', 'Anand', 'Jacklin'),
	(5, 2, 'The Expanse', 'Darlow', 'Kiah'),
	(5, 2, 'The Expanse', 'Divina', 'Christian'),
	(5, 2, 'The Expanse', 'Fice', 'Waneta'),
	(5, 2, 'The Expanse', 'Gutcher', 'Cort'),
	(5, 2, 'The Expanse', 'Helliwell', 'Evanne'),
	(5, 2, 'The Expanse', 'Perritt', 'Laural'),
	(5, 2, 'The Expanse', 'Tidbold', 'Maggy'),
	(5, 2, 'The Expanse', 'Woodall', 'Hallie'),
	(5, 3, 'Black Mirror', 'Anstis', 'Kiley'),
	(5, 3, 'Black Mirror', 'Leighton', 'Ophelia'),
	(5, 3, 'Black Mirror', 'Peppard', 'Glyn'),
	(5, 3, 'Black Mirror', 'Swatradge', 'Griselda'),
	(5, 3, 'The Expanse', 'Acedo', 'Melessa'),
	(5, 3, 'The Expanse', 'Bliss', 'Rex'),
	(5, 3, 'The Expanse', 'Gaule', 'Alma'),
	(5, 3, 'The Expanse', 'Hadaway', 'Giulietta'),
	(5, 3, 'The Expanse', 'Helliwell', 'Evanne'),
	(5, 3, 'The Expanse', 'Redfern', 'Orren'),
	(5, 3, 'The Expanse', 'Rosborough', 'Darrell'),
	(5, 3, 'The Expanse', 'Yesson', 'Raff'),
	(5, 4, 'Black Mirror', 'Antony', 'Nevin'),
	(5, 4, 'Black Mirror', 'Derwin', 'Johanna'),
	(5, 4, 'Black Mirror', 'Strathdee', 'Karlan'),
	(5, 4, 'Black Mirror', 'Strode', 'Gibbie'),
	(5, 4, 'The Expanse', 'Beccero', 'Sheilah'),
	(5, 4, 'The Expanse', 'Bricknell', 'Maxy'),
	(5, 4, 'The Expanse', 'Cattle', 'Noel'),
	(5, 4, 'The Expanse', 'Circuitt', 'Carola'),
	(5, 4, 'The Expanse', 'Sheron', 'Rex'),
	(5, 4, 'The Expanse', 'Yesson', 'Raff'),
	(6, 1, 'Altered Carbon', 'Aikin', 'Juditha'),
	(6, 1, 'Altered Carbon', 'Anstis', 'Kiley'),
	(6, 1, 'Altered Carbon', 'Bernholt', 'Thain'),
	(6, 1, 'Altered Carbon', 'Canner', 'Berny'),
	(6, 1, 'Altered Carbon', 'Jopling', 'Malissa'),
	(6, 1, 'Altered Carbon', 'Kail', 'Ludvig'),
	(6, 1, 'Altered Carbon', 'Lusher', 'Delilah'),
	(6, 1, 'Altered Carbon', 'McCahey', 'Manon'),
	(6, 1, 'Altered Carbon', 'Sheron', 'Rex'),
	(6, 1, 'The Expanse', 'Bowshire', 'Lucine'),
	(6, 1, 'The Expanse', 'Hadwick', 'Shea'),
	(6, 1, 'The Expanse', 'McGillivray', 'Bail'),
	(6, 1, 'The Expanse', 'Otter', 'Ximenez'),
	(6, 1, 'The Expanse', 'Physick', 'Tabitha'),
	(6, 1, 'The Expanse', 'Thurborn', 'Lorrie'),
	(6, 1, 'The Expanse', 'Woodall', 'Hallie'),
	(6, 2, 'The Expanse', 'Ditter', 'Franz'),
	(6, 2, 'The Expanse', 'Impy', 'Brittani'),
	(6, 2, 'The Expanse', 'Lynch', 'Ganny'),
	(6, 2, 'The Expanse', 'Marchant', 'Lyda'),
	(6, 3, 'Black Mirror', 'Gunn', 'Gardener'),
	(6, 3, 'Black Mirror', 'King', 'Shaun'),
	(6, 3, 'Black Mirror', 'Sandifer', 'Corabelle'),
	(6, 3, 'Black Mirror', 'Swatradge', 'Griselda'),
	(6, 3, 'Black Mirror', 'Ternott', 'Radcliffe'),
	(6, 3, 'The Expanse', 'Abramchik', 'Elsinore'),
	(6, 3, 'The Expanse', 'Acedo', 'Melessa'),
	(6, 3, 'The Expanse', 'Antony', 'Nevin'),
	(6, 3, 'The Expanse', 'Darlow', 'Kiah'),
	(6, 3, 'The Expanse', 'Fice', 'Waneta'),
	(6, 3, 'The Expanse', 'Hamilton', 'Odella'),
	(6, 3, 'The Expanse', 'Smitten', 'Antony'),
	(6, 4, 'Black Mirror', 'Boyall', 'Harli'),
	(6, 4, 'Black Mirror', 'Burdell', 'Arlene'),
	(6, 4, 'Black Mirror', 'Dykas', 'Rahel'),
	(6, 4, 'Black Mirror', 'Sorrill', 'York'),
	(6, 4, 'The Expanse', 'Acedo', 'Melessa'),
	(6, 4, 'The Expanse', 'Borless', 'Beret'),
	(6, 4, 'The Expanse', 'Dorro', 'Denys'),
	(6, 4, 'The Expanse', 'Havoc', 'Sissy'),
	(6, 4, 'The Expanse', 'Hounihan', 'D''arcy'),
	(6, 4, 'The Expanse', 'Jopling', 'Malissa'),
	(6, 4, 'The Expanse', 'Lusk', 'Tiff'),
	(6, 4, 'The Expanse', 'Oglevie', 'Obidiah'),
	(6, 4, 'The Expanse', 'Rodolphe', 'Nerte'),
	(6, 4, 'The Expanse', 'Seedhouse', 'Timotheus'),
	(7, 1, 'Altered Carbon', 'Fice', 'Waneta'),
	(7, 1, 'Altered Carbon', 'Maciak', 'Keir'),
	(7, 1, 'Altered Carbon', 'Peeke-Vout', 'Leroi'),
	(7, 1, 'Altered Carbon', 'Rive', 'Virgina'),
	(7, 1, 'Altered Carbon', 'Sandifer', 'Corabelle'),
	(7, 1, 'Altered Carbon', 'Sundin', 'Cesar'),
	(7, 1, 'Altered Carbon', 'Walker', 'Odetta'),
	(7, 1, 'The Expanse', 'Bliss', 'Rex'),
	(7, 1, 'The Expanse', 'Fowden', 'Robinetta'),
	(7, 1, 'The Expanse', 'Garfirth', 'Brit'),
	(7, 1, 'The Expanse', 'Hocking', 'Germayne'),
	(7, 1, 'The Expanse', 'Josephy', 'Grayce'),
	(7, 1, 'The Expanse', 'Sissens', 'Minna'),
	(7, 1, 'The Expanse', 'Yeardley', 'Fabiano'),
	(7, 2, 'The Expanse', 'Bucky', 'Joanie'),
	(7, 2, 'The Expanse', 'Crawforth', 'Jelene'),
	(7, 2, 'The Expanse', 'De Ambrosi', 'Ennis'),
	(7, 2, 'The Expanse', 'Desson', 'Jaymie'),
	(7, 2, 'The Expanse', 'Goullee', 'Arabela'),
	(7, 2, 'The Expanse', 'Hamel', 'Dennet'),
	(7, 2, 'The Expanse', 'Sprull', 'Tarrance'),
	(7, 2, 'The Expanse', 'Yeardley', 'Fabiano'),
	(7, 3, 'The Expanse', 'Kail', 'Ludvig'),
	(7, 3, 'The Expanse', 'Thalmann', 'Roselle'),
	(7, 4, 'The Expanse', 'Goullee', 'Arabela'),
	(7, 4, 'The Expanse', 'Jedrzaszkiewicz', 'Gleda'),
	(7, 4, 'The Expanse', 'Kornilyev', 'Aluino'),
	(7, 4, 'The Expanse', 'Liffey', 'Giff'),
	(7, 4, 'The Expanse', 'Tidbold', 'Maggy'),
	(7, 4, 'The Expanse', 'Worpole', 'Krissy'),
	(8, 1, 'Altered Carbon', 'Kirdsch', 'Brynne'),
	(8, 1, 'Altered Carbon', 'Marklew', 'Gill'),
	(8, 1, 'Altered Carbon', 'Wait', 'Alanna'),
	(8, 1, 'The Expanse', 'Andreazzi', 'Bobbie'),
	(8, 1, 'The Expanse', 'Bliss', 'Rex'),
	(8, 1, 'The Expanse', 'Charlin', 'Arney'),
	(8, 1, 'The Expanse', 'Crawforth', 'Jelene'),
	(8, 1, 'The Expanse', 'Mum', 'Susette'),
	(8, 2, 'The Expanse', 'Abramchik', 'Elsinore'),
	(8, 2, 'The Expanse', 'Biddiss', 'Chrysa'),
	(8, 2, 'The Expanse', 'Fice', 'Waneta'),
	(8, 2, 'The Expanse', 'Iskov', 'Jillane'),
	(8, 2, 'The Expanse', 'Sheron', 'Rex'),
	(8, 3, 'The Expanse', 'Allom', 'Lydia'),
	(8, 3, 'The Expanse', 'Hackinge', 'Irv'),
	(8, 3, 'The Expanse', 'Halshaw', 'Grayce'),
	(8, 3, 'The Expanse', 'Hocking', 'Germayne'),
	(8, 3, 'The Expanse', 'Lampet', 'Son'),
	(8, 3, 'The Expanse', 'Mucklow', 'Jephthah'),
	(8, 3, 'The Expanse', 'Pellamont', 'Maury'),
	(8, 3, 'The Expanse', 'Physick', 'Tabitha'),
	(8, 3, 'The Expanse', 'Wardingley', 'Romeo'),
	(8, 4, 'The Expanse', 'Hadaway', 'Giulietta'),
	(8, 4, 'The Expanse', 'Nairn', 'Quillan'),
	(8, 4, 'The Expanse', 'Sellan', 'Albie'),
	(8, 4, 'The Expanse', 'Strode', 'Gibbie'),
	(8, 4, 'The Expanse', 'Tabor', 'Charmain'),
	(8, 4, 'The Expanse', 'Varnham', 'Lewiss'),
	(8, 4, 'The Expanse', 'Walker', 'Odetta'),
	(9, 1, 'Altered Carbon', 'Bernholt', 'Thain'),
	(9, 1, 'Altered Carbon', 'Burberow', 'Waite'),
	(9, 1, 'Altered Carbon', 'Ewen', 'Scotty'),
	(9, 1, 'Altered Carbon', 'Gaule', 'Alma'),
	(9, 1, 'Altered Carbon', 'Hadaway', 'Giulietta'),
	(9, 1, 'Altered Carbon', 'Hayhow', 'Ingaberg'),
	(9, 1, 'Altered Carbon', 'Hulburd', 'Octavia'),
	(9, 1, 'Altered Carbon', 'Malsher', 'Letitia'),
	(9, 1, 'Altered Carbon', 'Spittle', 'Ileana'),
	(9, 1, 'The Expanse', 'Benitez', 'Kareem'),
	(9, 1, 'The Expanse', 'Broszkiewicz', 'Estrella'),
	(9, 1, 'The Expanse', 'Calderonello', 'Ly'),
	(9, 1, 'The Expanse', 'Kindon', 'Adlai'),
	(9, 1, 'The Expanse', 'Kirdsch', 'Brynne'),
	(9, 1, 'The Expanse', 'Larcher', 'Rocky'),
	(9, 1, 'The Expanse', 'Offen', 'Bobbi'),
	(9, 1, 'The Expanse', 'Romaint', 'Merline'),
	(9, 2, 'The Expanse', 'Basten', 'Brigit'),
	(9, 2, 'The Expanse', 'Faichnie', 'Rosalynd'),
	(9, 3, 'The Expanse', 'Malsher', 'Letitia'),
	(9, 3, 'The Expanse', 'Sorrill', 'York'),
	(9, 3, 'The Expanse', 'Tabor', 'Charmain'),
	(9, 3, 'The Expanse', 'Tidey', 'Jeremias'),
	(9, 4, 'The Expanse', 'Basten', 'Brigit'),
	(9, 4, 'The Expanse', 'Bliss', 'Rex'),
	(9, 4, 'The Expanse', 'Hamilton', 'Odella'),
	(9, 4, 'The Expanse', 'Iskower', 'Neal'),
	(9, 4, 'The Expanse', 'Leatherland', 'Mariam'),
	(9, 4, 'The Expanse', 'Patzelt', 'Betty'),
	(9, 4, 'The Expanse', 'Trevaskis', 'Aubry'),
	(9, 4, 'The Expanse', 'Wakeley', 'Hendrika'),
	(10, 1, 'Altered Carbon', 'Antonellini', 'Robbert'),
	(10, 1, 'Altered Carbon', 'Benoey', 'Conchita'),
	(10, 1, 'Altered Carbon', 'Eyam', 'Kati'),
	(10, 1, 'Altered Carbon', 'Ternott', 'Radcliffe'),
	(10, 1, 'Altered Carbon', 'Trobridge', 'Boris'),
	(10, 1, 'The Expanse', 'Bodicam', 'Ikey'),
	(10, 1, 'The Expanse', 'Chaffin', 'Eben'),
	(10, 1, 'The Expanse', 'Crannell', 'Marielle'),
	(10, 1, 'The Expanse', 'Dagleas', 'Sacha'),
	(10, 1, 'The Expanse', 'Hamilton', 'Odella'),
	(10, 1, 'The Expanse', 'King', 'Shaun'),
	(10, 1, 'The Expanse', 'Marklew', 'Gill'),
	(10, 1, 'The Expanse', 'Mateiko', 'Mal'),
	(10, 1, 'The Expanse', 'Seedhouse', 'Timotheus'),
	(10, 1, 'The Expanse', 'Sellan', 'Albie'),
	(10, 2, 'The Expanse', 'Bastone', 'Arabella'),
	(10, 2, 'The Expanse', 'Lund', 'Rosmunda'),
	(10, 2, 'The Expanse', 'Reschke', 'Francine'),
	(10, 2, 'The Expanse', 'Wildt', 'Wolfy'),
	(10, 3, 'The Expanse', 'Bestiman', 'Hercules'),
	(10, 3, 'The Expanse', 'Gallihawk', 'Annabelle'),
	(10, 3, 'The Expanse', 'Hocking', 'Germayne'),
	(10, 3, 'The Expanse', 'Yesson', 'Raff'),
	(10, 4, 'The Expanse', 'Darlow', 'Kiah'),
	(10, 4, 'The Expanse', 'Maciak', 'Keir'),
	(10, 4, 'The Expanse', 'Romaint', 'Merline'),
	(10, 4, 'The Expanse', 'Strathdee', 'Karlan'),
	(10, 4, 'The Expanse', 'Tetlow', 'Jean'),
	(11, 2, 'The Expanse', 'Biddiss', 'Chrysa'),
	(11, 2, 'The Expanse', 'Bowshire', 'Lucine'),
	(11, 2, 'The Expanse', 'Canner', 'Berny'),
	(11, 2, 'The Expanse', 'Gilfether', 'Lyndel'),
	(11, 3, 'The Expanse', 'Bridgen', 'Ambros'),
	(12, 2, 'The Expanse', 'Ludwig', 'Kaine'),
	(12, 2, 'The Expanse', 'Wickens', 'Onofredo'),
	(12, 2, 'The Expanse', 'Wieprecht', 'Lukas'),
	(12, 3, 'The Expanse', 'Anand', 'Jacklin'),
	(12, 3, 'The Expanse', 'Antonellini', 'Robbert'),
	(12, 3, 'The Expanse', 'Bails', 'Samuel'),
	(12, 3, 'The Expanse', 'Hosby', 'Chiquita'),
	(12, 3, 'The Expanse', 'Josephy', 'Grayce'),
	(12, 3, 'The Expanse', 'Lowings', 'Eadie'),
	(12, 3, 'The Expanse', 'Sheron', 'Rex'),
	(13, 2, 'The Expanse', 'Carlisle', 'Delores'),
	(13, 2, 'The Expanse', 'Hindenberger', 'Goober'),
	(13, 2, 'The Expanse', 'Janu', 'Reube'),
	(13, 2, 'The Expanse', 'Jedrzaszkiewicz', 'Gleda'),
	(13, 2, 'The Expanse', 'Ludwig', 'Kaine'),
	(13, 2, 'The Expanse', 'Strode', 'Gibbie'),
	(13, 3, 'The Expanse', 'Bestiman', 'Hercules'),
	(13, 3, 'The Expanse', 'Hocking', 'Germayne'),
	(13, 3, 'The Expanse', 'Lusher', 'Delilah'),
	(13, 3, 'The Expanse', 'Marchant', 'Lyda'),
	(13, 3, 'The Expanse', 'Mum', 'Susette'),
	(13, 3, 'The Expanse', 'Wildt', 'Wolfy');

/* ----- TRAILER */

-- Table Trailer
insert into Trailer (titre, langue, duree, filmcnttitre, ssnno, ssnstvcnttitre) values ('Mistress', 'Deutsch', 267, 'Seed', null, null);
insert into Trailer (titre, langue, duree, filmcnttitre, ssnno, ssnstvcnttitre) values ('Captain America: The Winter Soldier', 'English', 85, 'Colt 38 Special Squad', null, null);
insert into Trailer (titre, langue, duree, filmcnttitre, ssnno, ssnstvcnttitre) values ('Lust for Gold (Duhul aurului)', 'English', 232, 'Mumia Abu-Jamal: A Case for Reasonable Doubt?', null, null);
insert into Trailer (titre, langue, duree, filmcnttitre, ssnno, ssnstvcnttitre) values ('City on Fire (Lung fu fong wan)', 'Deutsch', 198, 'Assault, The (Aanslag, De)', null, null);
insert into Trailer (titre, langue, duree, filmcnttitre, ssnno, ssnstvcnttitre) values ('Gracie''s Choice', 'Deutsch', 274, 'Are All Men Pedophiles', null, null);
insert into Trailer (titre, langue, duree, filmcnttitre, ssnno, ssnstvcnttitre) values ('Despicable Me', 'Português', 85, 'Happy New Year (La Bonne Année)', null, null);
insert into Trailer (titre, langue, duree, filmcnttitre, ssnno, ssnstvcnttitre) values ('Shanghai Express', 'Italiano', 131, 'To the Sea (Alamar)', null, null);
insert into Trailer (titre, langue, duree, filmcnttitre, ssnno, ssnstvcnttitre) values ('Paranormal Activity 4', 'Español', 177, 'Empty Nest (El nido vacío)', null, null);
insert into Trailer (titre, langue, duree, filmcnttitre, ssnno, ssnstvcnttitre) values ('Jesse Stone: Innocents Lost', 'Português', 121, 'Self-Made Hero, A (Un héros très discret)', null, null);
insert into Trailer (titre, langue, duree, filmcnttitre, ssnno, ssnstvcnttitre) values ('Superheroes', 'Português', 125, 'Held Up', null, null);
insert into Trailer (titre, langue, duree, filmcnttitre, ssnno, ssnstvcnttitre) values ('Family Affair ', 'Português', 94, 'Marci X', null, null);
insert into Trailer (titre, langue, duree, filmcnttitre, ssnno, ssnstvcnttitre) values ('Labor Pains', 'Português', 168, 'Mystery (Fu cheng mi shi)', null, null);
insert into Trailer (titre, langue, duree, filmcnttitre, ssnno, ssnstvcnttitre) values ('Unreal Dream: The Michael Morton Story, An', 'Deutsch', 240, 'Deadline', null, null);
insert into Trailer (titre, langue, duree, filmcnttitre, ssnno, ssnstvcnttitre) values ('Dr. Bronner''s Magic Soapbox', 'English', 203, 'Another Harvest Moon', null, null);
insert into Trailer (titre, langue, duree, filmcnttitre, ssnno, ssnstvcnttitre) values ('Feast of July', 'Español', 143, 'Meet the Deedles', null, null);
insert into Trailer (titre, langue, duree, filmcnttitre, ssnno, ssnstvcnttitre) values ('Night Across the Street (La noche de enfrente)', 'Français', 192, 'Super Capers', null, null);
insert into Trailer (titre, langue, duree, filmcnttitre, ssnno, ssnstvcnttitre) values ('I''ll Be Seeing You', 'Italiano', 158, 'Power of One, The', null, null);
insert into Trailer (titre, langue, duree, filmcnttitre, ssnno, ssnstvcnttitre) values ('Merlin''s Apprentice', 'Deutsch', 114, 'Jailbait', null, null);
insert into Trailer (titre, langue, duree, filmcnttitre, ssnno, ssnstvcnttitre) values ('Guide, The (O Xenagos)', 'Français', 154, 'Madhouse', null, null);
insert into Trailer (titre, langue, duree, filmcnttitre, ssnno, ssnstvcnttitre) values ('12', 'English', 161, 'Mental', null, null);
insert into Trailer (titre, langue, duree, filmcnttitre, ssnno, ssnstvcnttitre) values ('Slappy and the Stinkers', 'Deutsch', 242, 'King Is Dancing, The (Le roi danse)', null, null);
insert into Trailer (titre, langue, duree, filmcnttitre, ssnno, ssnstvcnttitre) values ('Texas Chainsaw Massacre: The Next Generation (a.k.a. The Return of the Texas Chainsaw Massacre)', 'Português', 139, 'Jive Turkey', null, null);
insert into Trailer (titre, langue, duree, filmcnttitre, ssnno, ssnstvcnttitre) values ('Sharpe''s Sword', 'Italiano', 198, 'Love In the Time of Money', null, null);
insert into Trailer (titre, langue, duree, filmcnttitre, ssnno, ssnstvcnttitre) values ('Girls Will Be Girls', 'Deutsch', 171, 'Zombies on Broadway', null, null);
insert into Trailer (titre, langue, duree, filmcnttitre, ssnno, ssnstvcnttitre) values ('Betsy''s Wedding', 'Français', 238, 'Desi Boyz', null, null);
insert into Trailer (titre, langue, duree, filmcnttitre, ssnno, ssnstvcnttitre) values ('Gentle Breeze in the Village, A (Tennen kokekkô) ', 'Deutsch', 132, 'Heroic Ones, The (Shi san tai bao)', null, null);
insert into Trailer (titre, langue, duree, filmcnttitre, ssnno, ssnstvcnttitre) values ('Enter Arsene Lupin', 'Deutsch', 298, 'Real McCoy, The', null, null);
insert into Trailer (titre, langue, duree, filmcnttitre, ssnno, ssnstvcnttitre) values ('Grey, The', 'Italiano', 127, 'Children Underground', null, null);
insert into Trailer (titre, langue, duree, filmcnttitre, ssnno, ssnstvcnttitre) values ('Jiminy Glick in La La Wood', 'English', 134, 'Muppet Musicians of Bremen, The', null, null);
insert into Trailer (titre, langue, duree, filmcnttitre, ssnno, ssnstvcnttitre) values ('Jiro Dreams of Sushi', 'English', 267, 'Lonely Villa, The', null, null);
insert into Trailer (titre, langue, duree, filmcnttitre, ssnno, ssnstvcnttitre) values ('Six Weeks', 'Italiano', 233, 'Bachelor Party Vegas', null, null);
insert into Trailer (titre, langue, duree, filmcnttitre, ssnno, ssnstvcnttitre) values ('Creation', 'Français', 103, 'The Devil Thumbs a Ride', null, null);
insert into Trailer (titre, langue, duree, filmcnttitre, ssnno, ssnstvcnttitre) values ('One Nation Under God ', 'Español', 115, 'Each Dawn I Die', null, null);
insert into Trailer (titre, langue, duree, filmcnttitre, ssnno, ssnstvcnttitre) values ('Salaam Cinema', 'Français', 77, 'Battle for Marjah, The', null, null);
insert into Trailer (titre, langue, duree, filmcnttitre, ssnno, ssnstvcnttitre) values ('Champ, The', 'English', 172, 'Chaos', null, null);
insert into Trailer (titre, langue, duree, filmcnttitre, ssnno, ssnstvcnttitre) values ('Django', 'Français', 249, 'Firewalker', null, null);
insert into Trailer (titre, langue, duree, filmcnttitre, ssnno, ssnstvcnttitre) values ('Darwin Awards, The', 'Deutsch', 223, 'Rembrandt''s J''accuse', null, null);
insert into Trailer (titre, langue, duree, filmcnttitre, ssnno, ssnstvcnttitre) values ('Surgeon, The', 'Deutsch', 245, 'Riff-Raff', null, null);
insert into Trailer (titre, langue, duree, filmcnttitre, ssnno, ssnstvcnttitre) values ('Simon', 'Português', 245, 'Network', null, null);
insert into Trailer (titre, langue, duree, filmcnttitre, ssnno, ssnstvcnttitre) values ('Harold and Kumar Go to White Castle', 'Português', 72, 'I giorni contati', null, null);
insert into Trailer (titre, langue, duree, filmcnttitre, ssnno, ssnstvcnttitre) values ('Irene, Go Home! (Irena do domu!)', 'English', 195, 'Snakes and Earrings (Hebi ni piasu)', null, null);
insert into Trailer (titre, langue, duree, filmcnttitre, ssnno, ssnstvcnttitre) values ('Back to the Secret Garden', 'Português', 292, 'Awful Truth, The', null, null);
insert into Trailer (titre, langue, duree, filmcnttitre, ssnno, ssnstvcnttitre) values ('Millie', 'Español', 198, 'Rainmaker, The', null, null);
insert into Trailer (titre, langue, duree, filmcnttitre, ssnno, ssnstvcnttitre) values ('Death Sentence', 'Português', 141, 'Brother 2 (Brat 2)', null, null);
insert into Trailer (titre, langue, duree, filmcnttitre, ssnno, ssnstvcnttitre) values ('Best Years of Our Lives, The', 'Português', 241, 'Paraíso Travel', null, null);
insert into Trailer (titre, langue, duree, filmcnttitre, ssnno, ssnstvcnttitre) values ('Blackbird, The', 'Deutsch', 178, '13th Warrior, The', null, null);
insert into Trailer (titre, langue, duree, filmcnttitre, ssnno, ssnstvcnttitre) values ('Fearful Symmetry: The Making of ''To Kill a Mockingbird''', 'Español', 177, 'After the Wedding (Efter brylluppet)', null, null);
insert into Trailer (titre, langue, duree, filmcnttitre, ssnno, ssnstvcnttitre) values ('Spontaneous Combustion', 'Français', 230, 'Sorcerer and the White Snake, The (Bai she chuan shuo)', null, null);
insert into Trailer (titre, langue, duree, filmcnttitre, ssnno, ssnstvcnttitre) values ('Ferryman, The', 'Italiano', 207, 'Food, Inc.', null, null);
insert into Trailer (titre, langue, duree, filmcnttitre, ssnno, ssnstvcnttitre) values ('Night Visitor, The', 'Deutsch', 164, 'Brimstone and Treacle', null, null);
insert into Trailer (titre, langue, duree, filmcnttitre, ssnno, ssnstvcnttitre) values ('Mozart and the Whale', 'Deutsch', 241, 'Braddock: Missing in Action III', null, null);
insert into Trailer (titre, langue, duree, filmcnttitre, ssnno, ssnstvcnttitre) values ('Kleines Arschloch - Der Film', 'Español', 217, 'Tuvalu', null, null);
insert into Trailer (titre, langue, duree, filmcnttitre, ssnno, ssnstvcnttitre) values ('Look Who''s Talking Too', 'Español', 73, 'The Big Flame', null, null);
insert into Trailer (titre, langue, duree, filmcnttitre, ssnno, ssnstvcnttitre) values ('Rosenstrasse', 'Português', 224, 'Beauty Is Embarrassing', null, null);
insert into Trailer (titre, langue, duree, filmcnttitre, ssnno, ssnstvcnttitre) values ('Conflict', 'Deutsch', 279, 'Brand Upon the Brain!', null, null);
insert into Trailer (titre, langue, duree, filmcnttitre, ssnno, ssnstvcnttitre) values ('Distant Voices, Still Lives', 'Français', 239, 'Jetsons: The Movie', null, null);
insert into Trailer (titre, langue, duree, filmcnttitre, ssnno, ssnstvcnttitre) values ('Waking the Dead', 'Português', 298, 'Tai Chi Hero', null, null);
insert into Trailer (titre, langue, duree, filmcnttitre, ssnno, ssnstvcnttitre) values ('Archangel', 'Français', 228, 'Man Called Gannon, A', null, null);
insert into Trailer (titre, langue, duree, filmcnttitre, ssnno, ssnstvcnttitre) values ('Bikes vs Cars', 'English', 268, 'Castle in the Desert (Charlie Chan in Castle in the Desert)', null, null);
insert into Trailer (titre, langue, duree, filmcnttitre, ssnno, ssnstvcnttitre) values ('Train Ride to Hollywood', 'Português', 103, 'Taqwacore: The Birth of Punk Islam', null, null);
insert into Trailer (titre, langue, duree, filmcnttitre, ssnno, ssnstvcnttitre) values ('Power of Nightmares, The: The Rise of the Politics of Fear', 'English', 286, 'World on a Wire (Welt am Draht)', null, null);
insert into Trailer (titre, langue, duree, filmcnttitre, ssnno, ssnstvcnttitre) values ('Come Back to Me', 'English', 229, 'Son of Lassie', null, null);
insert into Trailer (titre, langue, duree, filmcnttitre, ssnno, ssnstvcnttitre) values ('Jupiter''s Wife', 'Italiano', 146, 'Big Deal on Madonna Street (I Soliti Ignoti)', null, null);
insert into Trailer (titre, langue, duree, filmcnttitre, ssnno, ssnstvcnttitre) values ('Traveler, The', 'Português', 89, 'The Hunters', null, null);
insert into Trailer (titre, langue, duree, filmcnttitre, ssnno, ssnstvcnttitre) values ('Tesla: Master of Lightning', 'English', 131, 'Guilty (Présumé coupable)', null, null);
insert into Trailer (titre, langue, duree, filmcnttitre, ssnno, ssnstvcnttitre) values ('Crashing', 'Italiano', 88, 'Panic', null, null);
insert into Trailer (titre, langue, duree, filmcnttitre, ssnno, ssnstvcnttitre) values ('Sugar Town', 'Español', 215, 'Desert Rats, The', null, null);
insert into Trailer (titre, langue, duree, filmcnttitre, ssnno, ssnstvcnttitre) values ('To Sir with Love', 'Español', 86, 'Cold Weather', null, null);
insert into Trailer (titre, langue, duree, filmcnttitre, ssnno, ssnstvcnttitre) values ('Sweet Smell of Success', 'Français', 274, 'Return of Martin Guerre, The (Retour de Martin Guerre, Le)', null, null);
insert into Trailer (titre, langue, duree, filmcnttitre, ssnno, ssnstvcnttitre) values ('Fist of the North Star', 'Español', 217, 'Thunderbolt and Lightfoot', null, null);
insert into Trailer (titre, langue, duree, filmcnttitre, ssnno, ssnstvcnttitre) values ('Made in U.S.A.', 'Deutsch', 157, 'Seaside (Bord de Mer)', null, null);
insert into Trailer (titre, langue, duree, filmcnttitre, ssnno, ssnstvcnttitre) values ('K-20: The Fiend with Twenty Faces', 'Español', 281, 'Frequencies', null, null);
insert into Trailer (titre, langue, duree, filmcnttitre, ssnno, ssnstvcnttitre) values ('Always Tell Your Wife', 'Français', 62, 'Awakening, The', null, null);
insert into Trailer (titre, langue, duree, filmcnttitre, ssnno, ssnstvcnttitre) values ('Majestic, The', 'Italiano', 120, '2:13', null, null);
insert into Trailer (titre, langue, duree, filmcnttitre, ssnno, ssnstvcnttitre) values ('Sydney (Hard Eight)', 'Deutsch', 191, 'City by the Sea', null, null);
insert into Trailer (titre, langue, duree, filmcnttitre, ssnno, ssnstvcnttitre) values ('Joyride', 'Español', 187, 'Gendernauts', null, null);
insert into Trailer (titre, langue, duree, filmcnttitre, ssnno, ssnstvcnttitre) values ('Hills Have Eyes II, The', 'Italiano', 202, 'Baby Take a Bow', null, null);
insert into Trailer (titre, langue, duree, filmcnttitre, ssnno, ssnstvcnttitre) values ('Work of Director Michel Gondry, The', 'Français', 224, 'Laffghanistan: Comedy Down Range', null, null);
insert into Trailer (titre, langue, duree, filmcnttitre, ssnno, ssnstvcnttitre) values ('Incredible Hulk Returns, The', 'Español', 299, 'In Name Only', null, null);
insert into Trailer (titre, langue, duree, filmcnttitre, ssnno, ssnstvcnttitre) values ('Red Dawn', 'Italiano', 263, 'Grimm Love (Rohtenburg)', null, null);
insert into Trailer (titre, langue, duree, filmcnttitre, ssnno, ssnstvcnttitre) values ('Lilith', 'Français', 192, 'Tactical Force', null, null);
insert into Trailer (titre, langue, duree, filmcnttitre, ssnno, ssnstvcnttitre) values ('Treasure Island', 'Italiano', 269, 'Employees'' Entrance', null, null);
insert into Trailer (titre, langue, duree, filmcnttitre, ssnno, ssnstvcnttitre) values ('Cheech & Chong''s The Corsican Brothers', 'Português', 258, 'Tunes of Glory', null, null);
insert into Trailer (titre, langue, duree, filmcnttitre, ssnno, ssnstvcnttitre) values ('Vertical Ray of the Sun, The (Mua he chieu thang dung)', 'English', 71, 'Hercules', null, null);
insert into Trailer (titre, langue, duree, filmcnttitre, ssnno, ssnstvcnttitre) values ('Lady of Chance, A', 'English', 187, 'Flash Point (a.k.a. Flashpoint) (Dou fo sin)', null, null);
insert into Trailer (titre, langue, duree, filmcnttitre, ssnno, ssnstvcnttitre) values ('Jason X', 'Deutsch', 211, 'Until Death', null, null);
insert into Trailer (titre, langue, duree, filmcnttitre, ssnno, ssnstvcnttitre) values ('Krakatoa: The Last Days', 'Deutsch', 177, 'Shadow Dancer, The (Shadows in the Sun)', null, null);
insert into Trailer (titre, langue, duree, filmcnttitre, ssnno, ssnstvcnttitre) values ('Bucky Larson: Born to Be a Star', 'Español', 146, 'Return of the Living Dead, The', null, null);
insert into Trailer (titre, langue, duree, filmcnttitre, ssnno, ssnstvcnttitre) values ('Good Guys Wear Black', 'Français', 229, 'Riders of the Purple Sage', null, null);
insert into Trailer (titre, langue, duree, filmcnttitre, ssnno, ssnstvcnttitre) values ('Speed Of Thought, The', 'Español', 90, 'Skin Game, The', null, null);
insert into Trailer (titre, langue, duree, filmcnttitre, ssnno, ssnstvcnttitre) values ('On the Job', 'Français', 243, 'Sparkle', null, null);
insert into Trailer (titre, langue, duree, filmcnttitre, ssnno, ssnstvcnttitre) values ('Lady with the Dog, The (Dama s sobachkoy)', 'Deutsch', 276, 'Fat Head', null, null);
insert into Trailer (titre, langue, duree, filmcnttitre, ssnno, ssnstvcnttitre) values ('Presumed Innocent', 'Français', 298, 'Ascension', null, null);
insert into Trailer (titre, langue, duree, filmcnttitre, ssnno, ssnstvcnttitre) values ('Radio Days', 'Italiano', 295, 'Mirage Men', null, null);
insert into Trailer (titre, langue, duree, filmcnttitre, ssnno, ssnstvcnttitre) values ('Chapman Report, The', 'Deutsch', 197, 'Act of Seeing with One''s Own Eyes, The ', null, null);
insert into Trailer (titre, langue, duree, filmcnttitre, ssnno, ssnstvcnttitre) values ('Girl Who Kicked the Hornet''s Nest, The (Luftslottet som sprängdes)', 'Deutsch', 68, 'The Uninvited Guest', null, null);
insert into Trailer (titre, langue, duree, filmcnttitre, ssnno, ssnstvcnttitre) values ('Ten Tall Men', 'Français', 174, 'The Boogens', null, null);
insert into Trailer (titre, langue, duree, filmcnttitre, ssnno, ssnstvcnttitre) values ('Colony, The', 'Português', 137, 'Leatherheads', null, null);
insert into Trailer (titre, langue, duree, filmcnttitre, ssnno, ssnstvcnttitre) values ('Edge of Madness', 'Italiano', 203, 'MVP: Most Valuable Primate', null, null);
insert into Trailer (titre, langue, duree, filmcnttitre, ssnno, ssnstvcnttitre) values ('Millions', 'Português', 241, 'Watermarks', null, null);
insert into Trailer (titre, langue, duree, filmcnttitre, ssnno, ssnstvcnttitre) values ('Mikra Anglia', 'Deutsch', 267, 'Seed', null, null);
insert into Trailer (titre, langue, duree, filmcnttitre, ssnno, ssnstvcnttitre) values ('Aaja Nachle', 'Português', 125, 'Colt 38 Special Squad', null, null);
insert into Trailer (titre, langue, duree, filmcnttitre, ssnno, ssnstvcnttitre) values ('Teheran 43: Spy Ring (a.k.a. Assassination Attempt) (Tegeran-43)', 'Français', 201, 'Mumia Abu-Jamal: A Case for Reasonable Doubt?', null, null);
insert into Trailer (titre, langue, duree, filmcnttitre, ssnno, ssnstvcnttitre) values ('Always Leave Them Laughing', 'Deutsch', 228, 'Assault, The (Aanslag, De)', null, null);
insert into Trailer (titre, langue, duree, filmcnttitre, ssnno, ssnstvcnttitre) values ('Big Stan', 'Deutsch', 73, 'Are All Men Pedophiles', null, null);
insert into Trailer (titre, langue, duree, filmcnttitre, ssnno, ssnstvcnttitre) values ('Dust Devil', 'Deutsch', 167, 'Happy New Year (La Bonne Année)', null, null);
insert into Trailer (titre, langue, duree, filmcnttitre, ssnno, ssnstvcnttitre) values ('Blown Away', 'Español', 128, 'To the Sea (Alamar)', null, null);
insert into Trailer (titre, langue, duree, filmcnttitre, ssnno, ssnstvcnttitre) values ('Vacancy 2: The First Cut', 'English', 175, 'Empty Nest (El nido vacío)', null, null);
insert into Trailer (titre, langue, duree, filmcnttitre, ssnno, ssnstvcnttitre) values ('Love Me or Leave Me', 'Français', 262, 'Self-Made Hero, A (Un héros très discret)', null, null);
insert into Trailer (titre, langue, duree, filmcnttitre, ssnno, ssnstvcnttitre) values ('About Last Night', 'Español', 291, 'Held Up', null, null);
insert into Trailer (titre, langue, duree, filmcnttitre, ssnno, ssnstvcnttitre) values ('You''ve Been Trumped', 'Français', 69, 'Marci X', null, null);
insert into Trailer (titre, langue, duree, filmcnttitre, ssnno, ssnstvcnttitre) values ('Magic Christian, The', 'Español', 202, 'Mystery (Fu cheng mi shi)', null, null);
insert into Trailer (titre, langue, duree, filmcnttitre, ssnno, ssnstvcnttitre) values ('Idiot''s Delight', 'English', 101, 'Deadline', null, null);
insert into Trailer (titre, langue, duree, filmcnttitre, ssnno, ssnstvcnttitre) values ('Tokyo Trial (Tokyo saiban)', 'Português', 253, 'Another Harvest Moon', null, null);
insert into Trailer (titre, langue, duree, filmcnttitre, ssnno, ssnstvcnttitre) values ('Chaos Theory', 'Italiano', 184, 'Meet the Deedles', null, null);
insert into Trailer (titre, langue, duree, filmcnttitre, ssnno, ssnstvcnttitre) values ('Yossi (Ha-Sippur Shel Yossi)', 'Português', 158, 'Super Capers', null, null);
insert into Trailer (titre, langue, duree, filmcnttitre, ssnno, ssnstvcnttitre) values ('Holly', 'English', 274, 'Power of One, The', null, null);
insert into Trailer (titre, langue, duree, filmcnttitre, ssnno, ssnstvcnttitre) values ('Man Who Could Work Miracles, The', 'Deutsch', 114, 'Jailbait', null, null);
insert into Trailer (titre, langue, duree, filmcnttitre, ssnno, ssnstvcnttitre) values ('Helen', 'Deutsch', 148, 'Madhouse', null, null);
insert into Trailer (titre, langue, duree, filmcnttitre, ssnno, ssnstvcnttitre) values ('How They Get There', 'Italiano', 227, 'Mental', null, null);
insert into Trailer (titre, langue, duree, filmcnttitre, ssnno, ssnstvcnttitre) values ('Buffalo ''66 (a.k.a. Buffalo 66)', 'Deutsch', 256, 'King Is Dancing, The (Le roi danse)', null, null);
insert into Trailer (titre, langue, duree, filmcnttitre, ssnno, ssnstvcnttitre) values ('Perfect Man, The', 'Français', 263, 'Jive Turkey', null, null);
insert into Trailer (titre, langue, duree, filmcnttitre, ssnno, ssnstvcnttitre) values ('RKO Production 601: The Making of ''Kong, the Eighth Wonder of the World''', 'Italiano', 205, 'Love In the Time of Money', null, null);
insert into Trailer (titre, langue, duree, filmcnttitre, ssnno, ssnstvcnttitre) values ('Red Doors', 'Deutsch', 196, 'Zombies on Broadway', null, null);
insert into Trailer (titre, langue, duree, filmcnttitre, ssnno, ssnstvcnttitre) values ('Human Lanterns (Ren pi deng long)', 'Italiano', 188, 'Desi Boyz', null, null);
insert into Trailer (titre, langue, duree, filmcnttitre, ssnno, ssnstvcnttitre) values ('Just a Gigolo', 'English', 254, 'Heroic Ones, The (Shi san tai bao)', null, null);
insert into Trailer (titre, langue, duree, filmcnttitre, ssnno, ssnstvcnttitre) values ('Hard to Be a God', 'Português', 99, 'Real McCoy, The', null, null);
insert into Trailer (titre, langue, duree, filmcnttitre, ssnno, ssnstvcnttitre) values ('Boy Meets Girl', 'Português', 183, 'Children Underground', null, null);
insert into Trailer (titre, langue, duree, filmcnttitre, ssnno, ssnstvcnttitre) values ('Doomsday', 'Deutsch', 155, 'Muppet Musicians of Bremen, The', null, null);
insert into Trailer (titre, langue, duree, filmcnttitre, ssnno, ssnstvcnttitre) values ('Last Kiss, The (Ultimo bacio, L'')', 'Français', 114, 'Lonely Villa, The', null, null);
insert into Trailer (titre, langue, duree, filmcnttitre, ssnno, ssnstvcnttitre) values ('Penny Serenade', 'Deutsch', 251, 'Bachelor Party Vegas', null, null);
insert into Trailer (titre, langue, duree, filmcnttitre, ssnno, ssnstvcnttitre) values ('Billy Two Hats (Lady and the Outlaw, The)', 'Français', 238, 'The Devil Thumbs a Ride', null, null);
insert into Trailer (titre, langue, duree, filmcnttitre, ssnno, ssnstvcnttitre) values ('D.A.R.Y.L.', 'Français', 292, 'Each Dawn I Die', null, null);
insert into Trailer (titre, langue, duree, filmcnttitre, ssnno, ssnstvcnttitre) values ('For Your Consideration', 'Italiano', 98, 'Battle for Marjah, The', null, null);
insert into Trailer (titre, langue, duree, filmcnttitre, ssnno, ssnstvcnttitre) values ('Taipei Exchanges (Di 36 ge gu shi)', 'Italiano', 190, 'Chaos', null, null);
insert into Trailer (titre, langue, duree, filmcnttitre, ssnno, ssnstvcnttitre) values ('See Heaven', 'Português', 300, 'Firewalker', null, null);
insert into Trailer (titre, langue, duree, filmcnttitre, ssnno, ssnstvcnttitre) values ('Oklahoma Kid, The', 'Français', 273, 'Rembrandt''s J''accuse', null, null);
insert into Trailer (titre, langue, duree, filmcnttitre, ssnno, ssnstvcnttitre) values ('Return to Horror High', 'English', 70, 'Riff-Raff', null, null);
insert into Trailer (titre, langue, duree, filmcnttitre, ssnno, ssnstvcnttitre) values ('Page One: Inside the New York Times', 'Italiano', 83, 'Network', null, null);
insert into Trailer (titre, langue, duree, filmcnttitre, ssnno, ssnstvcnttitre) values ('Farewell to Arms, A', 'Português', 132, 'I giorni contati', null, null);
insert into Trailer (titre, langue, duree, filmcnttitre, ssnno, ssnstvcnttitre) values ('Real Women Have Curves', 'Português', 245, 'Snakes and Earrings (Hebi ni piasu)', null, null);
insert into Trailer (titre, langue, duree, filmcnttitre, ssnno, ssnstvcnttitre) values ('Magnum Force', 'Français', 63, 'Awful Truth, The', null, null);
insert into Trailer (titre, langue, duree, filmcnttitre, ssnno, ssnstvcnttitre) values ('Hands Across the Table', 'English', 204, 'Rainmaker, The', null, null);
insert into Trailer (titre, langue, duree, filmcnttitre, ssnno, ssnstvcnttitre) values ('Feiern', 'Español', 246, 'Brother 2 (Brat 2)', null, null);
insert into Trailer (titre, langue, duree, filmcnttitre, ssnno, ssnstvcnttitre) values ('Flock, The', 'Italiano', 236, 'Paraíso Travel', null, null);
insert into Trailer (titre, langue, duree, filmcnttitre, ssnno, ssnstvcnttitre) values ('Relative Strangers', 'English', 60, '13th Warrior, The', null, null);
insert into Trailer (titre, langue, duree, filmcnttitre, ssnno, ssnstvcnttitre) values ('300: Rise of an Empire', 'Deutsch', 216, 'After the Wedding (Efter brylluppet)', null, null);
insert into Trailer (titre, langue, duree, filmcnttitre, ssnno, ssnstvcnttitre) values ('Island of Dr. Moreau, The', 'Español', 106, 'Sorcerer and the White Snake, The (Bai she chuan shuo)', null, null);
insert into Trailer (titre, langue, duree, filmcnttitre, ssnno, ssnstvcnttitre) values ('Call Girl', 'Italiano', 240, 'Food, Inc.', null, null);
insert into Trailer (titre, langue, duree, filmcnttitre, ssnno, ssnstvcnttitre) values ('Secret of NIMH, The', 'English', 180, 'Brimstone and Treacle', null, null);

insert into Trailer (titre, langue, duree, filmcnttitre, ssnno, ssnstvcnttitre) values ('Cry-Baby', 'Deutsch', 173, null, 4, 'The Expanse');
insert into Trailer (titre, langue, duree, filmcnttitre, ssnno, ssnstvcnttitre) values ('Murders in the Zoo', 'Español', 203, null, 1, 'The Expanse');
insert into Trailer (titre, langue, duree, filmcnttitre, ssnno, ssnstvcnttitre) values ('Shout, The', 'Deutsch', 145, null, 3, 'The Expanse');
insert into Trailer (titre, langue, duree, filmcnttitre, ssnno, ssnstvcnttitre) values ('Butcher, The (Boucher, Le)', 'Deutsch', 106, null, 3, 'Black Mirror');
insert into Trailer (titre, langue, duree, filmcnttitre, ssnno, ssnstvcnttitre) values ('Love and Pigeons', 'Deutsch', 289, null, 1, 'Altered Carbon');
insert into Trailer (titre, langue, duree, filmcnttitre, ssnno, ssnstvcnttitre) values ('Big Stampede, The', 'Deutsch', 94, null, 4, 'Black Mirror');
insert into Trailer (titre, langue, duree, filmcnttitre, ssnno, ssnstvcnttitre) values ('Dream Demon', 'Italiano', 284, null, 3, 'The Expanse');
insert into Trailer (titre, langue, duree, filmcnttitre, ssnno, ssnstvcnttitre) values ('Batman Beyond: Return of the Joker', 'Deutsch', 292, null, 1, 'The Boys');
insert into Trailer (titre, langue, duree, filmcnttitre, ssnno, ssnstvcnttitre) values ('Emperor of the North (Emperor of the North Pole)', 'Português', 106, null, 3, 'Black Mirror');
insert into Trailer (titre, langue, duree, filmcnttitre, ssnno, ssnstvcnttitre) values ('In Love and War', 'English', 108, null, 3, 'The Expanse');
insert into Trailer (titre, langue, duree, filmcnttitre, ssnno, ssnstvcnttitre) values ('In the Heart of the Sea', 'Français', 186, null, 4, 'The Expanse');
insert into Trailer (titre, langue, duree, filmcnttitre, ssnno, ssnstvcnttitre) values ('Barnens ö', 'Deutsch', 295, null, 4, 'The Expanse');
insert into Trailer (titre, langue, duree, filmcnttitre, ssnno, ssnstvcnttitre) values ('Luzhin Defence, The', 'Italiano', 121, null, 2, 'The Expanse');
insert into Trailer (titre, langue, duree, filmcnttitre, ssnno, ssnstvcnttitre) values ('Shakespeare-Wallah', 'Deutsch', 148, null, 2, 'The Expanse');
insert into Trailer (titre, langue, duree, filmcnttitre, ssnno, ssnstvcnttitre) values ('Little Man Tate', 'Français', 129, null, 2, 'The Expanse');
insert into Trailer (titre, langue, duree, filmcnttitre, ssnno, ssnstvcnttitre) values ('Petrified Forest, The', 'Português', 274, null, 2, 'The Expanse');
insert into Trailer (titre, langue, duree, filmcnttitre, ssnno, ssnstvcnttitre) values ('Sin City: A Dame to Kill For', 'English', 202, null, 3, 'Black Mirror');
insert into Trailer (titre, langue, duree, filmcnttitre, ssnno, ssnstvcnttitre) values ('Riddle of the Sands, The', 'Español', 69, null, 4, 'The Expanse');
insert into Trailer (titre, langue, duree, filmcnttitre, ssnno, ssnstvcnttitre) values ('Before Flying Back to Earth (Pries parskrendant i zeme)', 'Deutsch', 166, null, 2, 'The Expanse');
insert into Trailer (titre, langue, duree, filmcnttitre, ssnno, ssnstvcnttitre) values ('Competition, The', 'Italiano', 119, null, 4, 'Black Mirror');
insert into Trailer (titre, langue, duree, filmcnttitre, ssnno, ssnstvcnttitre) values ('Big Animal (Duze zwierze)', 'Español', 178, null, 3, 'The Expanse');
insert into Trailer (titre, langue, duree, filmcnttitre, ssnno, ssnstvcnttitre) values ('Soldiers of Fortune', 'English', 172, null, 4, 'The Expanse');
insert into Trailer (titre, langue, duree, filmcnttitre, ssnno, ssnstvcnttitre) values ('The Arrival of Wang', 'Español', 249, null, 1, 'Altered Carbon');
insert into Trailer (titre, langue, duree, filmcnttitre, ssnno, ssnstvcnttitre) values ('Stratosphere Girl', 'Español', 135, null, 2, 'The Expanse');
insert into Trailer (titre, langue, duree, filmcnttitre, ssnno, ssnstvcnttitre) values ('Dangerous Liaisons', 'Español', 85, null, 5, 'Black Mirror');
insert into Trailer (titre, langue, duree, filmcnttitre, ssnno, ssnstvcnttitre) values ('Some Like It Hot', 'Italiano', 240, null, 1, 'The Expanse');
insert into Trailer (titre, langue, duree, filmcnttitre, ssnno, ssnstvcnttitre) values ('Body Bags', 'Deutsch', 69, null, 2, 'Black Mirror');
insert into Trailer (titre, langue, duree, filmcnttitre, ssnno, ssnstvcnttitre) values ('Dream (Bi-mong)', 'Français', 121, null, 3, 'The Expanse');
insert into Trailer (titre, langue, duree, filmcnttitre, ssnno, ssnstvcnttitre) values ('Perfect Human, The (Perfekte Menneske, Det)', 'Español', 299, null, 1, 'Altered Carbon');


/* ACCOUNT */

-- Table Compte
insert into Compte (pseudo, email, motdepasse, abonnement, nbecranssimultanes) values ('mikringill0', 'icarmont0@woothemes.com', 'jZoonaRiY', 'gold', 1);
insert into Compte (pseudo, email, motdepasse, abonnement, nbecranssimultanes) values ('aagglione1', 'efarry1@youku.com', 'VwWORXuX', 'light', 2);
insert into Compte (pseudo, email, motdepasse, abonnement, nbecranssimultanes) values ('dwhiteway2', 'ihoolaghan2@devhub.com', 'ZodhVYdB2', 'gold', 4);
insert into Compte (pseudo, email, motdepasse, abonnement, nbecranssimultanes) values ('twanek3', 'rblampied3@ucoz.ru', '44qV5b0iV7', 'gold', 4);
insert into Compte (pseudo, email, motdepasse, abonnement, nbecranssimultanes) values ('mboulden4', 'cskettles4@theguardian.com', 'JhqTN3Mub', 'premium', 4);
insert into Compte (pseudo, email, motdepasse, abonnement, nbecranssimultanes) values ('rheady5', 'csnowden5@histats.com', '4eT0UKNGK', 'premium', 1);
insert into Compte (pseudo, email, motdepasse, abonnement, nbecranssimultanes) values ('hdelgado6', 'bsteed6@sciencedirect.com', 'S5CuEfiNf', 'light', 1);
insert into Compte (pseudo, email, motdepasse, abonnement, nbecranssimultanes) values ('lbrownstein7', 'ggrannell7@eventbrite.com', 's5k9ZO', 'premium', 1);
insert into Compte (pseudo, email, motdepasse, abonnement, nbecranssimultanes) values ('mranklin8', 'dedsall8@studiopress.com', 'E6TD5IYY', 'light', 1);
insert into Compte (pseudo, email, motdepasse, abonnement, nbecranssimultanes) values ('jmawd9', 'fdearl9@usnews.com', 'ol21XE', 'light', 5);
insert into Compte (pseudo, email, motdepasse, abonnement, nbecranssimultanes) values ('ayoungea', 'bscusea@yellowpages.com', 'fR967ce', 'light', 4);
insert into Compte (pseudo, email, motdepasse, abonnement, nbecranssimultanes) values ('ejohanchonb', 'geakinsb@yale.edu', 'B6kqH25l', 'light', 2);
insert into Compte (pseudo, email, motdepasse, abonnement, nbecranssimultanes) values ('mverlanderc', 'tmacdearmaidc@51.la', 'zj2lmROm', 'light', 5);
insert into Compte (pseudo, email, motdepasse, abonnement, nbecranssimultanes) values ('sbeddinghamd', 'dcowderayd@paginegialle.it', 'fwvrb1WWl', 'light', 2);
insert into Compte (pseudo, email, motdepasse, abonnement, nbecranssimultanes) values ('lcatonnee', 'irorkee@foxnews.com', '47doTgOAYbJS', 'gold', 3);
insert into Compte (pseudo, email, motdepasse, abonnement, nbecranssimultanes) values ('wbatesonf', 'tkhomichf@independent.co.uk', 'lqWmg3XMi', 'gold', 4);
insert into Compte (pseudo, email, motdepasse, abonnement, nbecranssimultanes) values ('ckalderong', 'dkilnerg@lycos.com', 'Vt9Fcr', 'gold', 1);
insert into Compte (pseudo, email, motdepasse, abonnement, nbecranssimultanes) values ('ajillardh', 'dtzarh@cbslocal.com', 'QAKg7nJbDJ', 'light', 3);
insert into Compte (pseudo, email, motdepasse, abonnement, nbecranssimultanes) values ('mpollastrinoi', 'ddobbisoni@g.co', 'Na4WE7q', 'gold', 4);
insert into Compte (pseudo, email, motdepasse, abonnement, nbecranssimultanes) values ('dsambedgej', 'aenrdigoj@cbc.ca', 'YM5jszl5kP', 'light', 1);
insert into Compte (pseudo, email, motdepasse, abonnement, nbecranssimultanes) values ('mprickettk', 'ktheodorek@wufoo.com', '0NQWR8jom5', 'premium', 5);
insert into Compte (pseudo, email, motdepasse, abonnement, nbecranssimultanes) values ('fsaffilll', 'jhakonsenl@istockphoto.com', 'GaAdQzq14', 'light', 4);
insert into Compte (pseudo, email, motdepasse, abonnement, nbecranssimultanes) values ('mgowdiem', 'jvaudreym@time.com', 'dBdCt7', 'light', 5);
insert into Compte (pseudo, email, motdepasse, abonnement, nbecranssimultanes) values ('lhaistwelln', 'jhooppern@ucla.edu', 'xfHIDp2TX0', 'light', 3);
insert into Compte (pseudo, email, motdepasse, abonnement, nbecranssimultanes) values ('opetterso', 'cmaillardo@meetup.com', 'arT3pewtFo', 'premium', 3);
insert into Compte (pseudo, email, motdepasse, abonnement, nbecranssimultanes) values ('stavernorp', 'asislandp@cbc.ca', 'resg6fi', 'gold', 5);
insert into Compte (pseudo, email, motdepasse, abonnement, nbecranssimultanes) values ('dwylieq', 'joquirkq@opera.com', '2EI71yWDhh', 'gold', 5);
insert into Compte (pseudo, email, motdepasse, abonnement, nbecranssimultanes) values ('bhansier', 'jdelmager@webmd.com', 'kExnqVHShVa', 'premium', 5);
insert into Compte (pseudo, email, motdepasse, abonnement, nbecranssimultanes) values ('nmouths', 'ucorshams@umich.edu', 'vKzEiEk6et', 'premium', 2);
insert into Compte (pseudo, email, motdepasse, abonnement, nbecranssimultanes) values ('nmckeighant', 'ccardewt@springer.com', 'ztvRq9MKR', 'gold', 5);
insert into Compte (pseudo, email, motdepasse, abonnement, nbecranssimultanes) values ('jfakeleyu', 'vsalatinou@timesonline.co.uk', 'MYkn6I5A', 'premium', 1);
insert into Compte (pseudo, email, motdepasse, abonnement, nbecranssimultanes) values ('ljelleyv', 'ahyndesv@ca.gov', 'l73x1KXXXe7', 'gold', 5);
insert into Compte (pseudo, email, motdepasse, abonnement, nbecranssimultanes) values ('ceidlerw', 'dmeeronw@state.tx.us', 'Qi6FMzk7Gh', 'light', 5);
insert into Compte (pseudo, email, motdepasse, abonnement, nbecranssimultanes) values ('abartomeux', 'hamthorx@ucsd.edu', 'hL0odMY', 'light', 2);
insert into Compte (pseudo, email, motdepasse, abonnement, nbecranssimultanes) values ('vjaumety', 'fbarsony@plala.or.jp', 'ig7IsnOGMr', 'premium', 4);
insert into Compte (pseudo, email, motdepasse, abonnement, nbecranssimultanes) values ('mkalderonz', 'livimyz@hp.com', 'Uv1eNJ3eVCi', 'light', 1);
insert into Compte (pseudo, email, motdepasse, abonnement, nbecranssimultanes) values ('mwinsor10', 'ssandbach10@cnbc.com', 'k46hAvyKD', 'premium', 3);
insert into Compte (pseudo, email, motdepasse, abonnement, nbecranssimultanes) values ('zcorradeschi11', 'ndaile11@wordpress.com', 'S4CZ7x', 'light', 1);
insert into Compte (pseudo, email, motdepasse, abonnement, nbecranssimultanes) values ('vtollow12', 'hbrane12@twitter.com', 'stJ6JlyljyO', 'premium', 3);
insert into Compte (pseudo, email, motdepasse, abonnement, nbecranssimultanes) values ('idenes13', 'twonham13@last.fm', 'MRQXOu', 'premium', 5);
insert into Compte (pseudo, email, motdepasse, abonnement, nbecranssimultanes) values ('afallows14', 'lmuzzlewhite14@discovery.com', 'zqkE3FFt5', 'gold', 2);
insert into Compte (pseudo, email, motdepasse, abonnement, nbecranssimultanes) values ('nklageman15', 'dsibley15@independent.co.uk', '2uQACvyA', 'light', 3);
insert into Compte (pseudo, email, motdepasse, abonnement, nbecranssimultanes) values ('fchellenham16', 'nchase16@newsvine.com', '0DrOAksDgc', 'light', 2);
insert into Compte (pseudo, email, motdepasse, abonnement, nbecranssimultanes) values ('ccochrane17', 'dbasilotta17@ucoz.com', 'T8yYlRwNk4z', 'premium', 1);
insert into Compte (pseudo, email, motdepasse, abonnement, nbecranssimultanes) values ('ktrebbett18', 'dtunuy18@naver.com', 'AF2RmQ5', 'gold', 4);
insert into Compte (pseudo, email, motdepasse, abonnement, nbecranssimultanes) values ('budell19', 'lworgen19@archive.org', '3fLgP7', 'light', 4);
insert into Compte (pseudo, email, motdepasse, abonnement, nbecranssimultanes) values ('wpuckett1a', 'gwalkden1a@instagram.com', 'kWDUTzeD', 'gold', 1);
insert into Compte (pseudo, email, motdepasse, abonnement, nbecranssimultanes) values ('msullens1b', 'lfullbrook1b@un.org', 'rOwEhHt', 'premium', 4);
insert into Compte (pseudo, email, motdepasse, abonnement, nbecranssimultanes) values ('pbrownsword1c', 'ngrenshiels1c@google.ru', 'Ia62WWhsrJy5', 'premium', 4);
insert into Compte (pseudo, email, motdepasse, abonnement, nbecranssimultanes) values ('hcranston1d', 'kcarrol1d@whitehouse.gov', 'oMmkL1MhG', 'light', 3);
insert into Compte (pseudo, email, motdepasse, abonnement, nbecranssimultanes) values ('adominy1e', 'mlinley1e@parallels.com', 'qPwdQujS0', 'premium', 4);
insert into Compte (pseudo, email, motdepasse, abonnement, nbecranssimultanes) values ('oquarless1f', 'mdechelle1f@eventbrite.com', 'Hc8dXBw79y', 'gold', 3);
insert into Compte (pseudo, email, motdepasse, abonnement, nbecranssimultanes) values ('tcleverly1g', 'egregori1g@samsung.com', 'wdGUngUP', 'premium', 5);
insert into Compte (pseudo, email, motdepasse, abonnement, nbecranssimultanes) values ('gkasman1h', 'edunstall1h@latimes.com', 'HZohBU', 'gold', 2);
insert into Compte (pseudo, email, motdepasse, abonnement, nbecranssimultanes) values ('hchastanet1i', 'lbartali1i@hatena.ne.jp', 'UNmwYPn', 'premium', 3);
insert into Compte (pseudo, email, motdepasse, abonnement, nbecranssimultanes) values ('blanegran1j', 'kwillerstone1j@dyndns.org', 'dsFyQRN2', 'light', 5);
insert into Compte (pseudo, email, motdepasse, abonnement, nbecranssimultanes) values ('fkarby1k', 'istammler1k@usgs.gov', 'uAYj9t', 'light', 1);
insert into Compte (pseudo, email, motdepasse, abonnement, nbecranssimultanes) values ('elebbern1l', 'pghidoni1l@pen.io', '9AWqf1COw4NF', 'gold', 4);
insert into Compte (pseudo, email, motdepasse, abonnement, nbecranssimultanes) values ('alambin1m', 'mpresswell1m@hostgator.com', 'flCHUJIMt', 'premium', 5);
insert into Compte (pseudo, email, motdepasse, abonnement, nbecranssimultanes) values ('mharrild1n', 'hindgs1n@oaic.gov.au', 'kkFHy6x8z', 'gold', 1);
insert into Compte (pseudo, email, motdepasse, abonnement, nbecranssimultanes) values ('ldovidaitis1o', 'pcockshtt1o@imdb.com', '4o1XIAchynt', 'gold', 1);
insert into Compte (pseudo, email, motdepasse, abonnement, nbecranssimultanes) values ('jaspinall1p', 'iyeaman1p@furl.net', 'ikSvyF', 'gold', 1);
insert into Compte (pseudo, email, motdepasse, abonnement, nbecranssimultanes) values ('tgerritzen1q', 'lmckinn1q@bbb.org', 'gByctk', 'premium', 4);
insert into Compte (pseudo, email, motdepasse, abonnement, nbecranssimultanes) values ('cjobes1r', 'bgeroldi1r@furl.net', 'KKynwe3LIs', 'gold', 5);
insert into Compte (pseudo, email, motdepasse, abonnement, nbecranssimultanes) values ('cdorey1s', 'cvalente1s@hexun.com', 'DNwUSIlUy', 'premium', 4);
insert into Compte (pseudo, email, motdepasse, abonnement, nbecranssimultanes) values ('lcarss1t', 'melsbury1t@shop-pro.jp', 'vkG6eAXt', 'premium', 2);
insert into Compte (pseudo, email, motdepasse, abonnement, nbecranssimultanes) values ('rhudd1u', 'sdowsey1u@163.com', 'wbZoKnRJJ', 'gold', 5);
insert into Compte (pseudo, email, motdepasse, abonnement, nbecranssimultanes) values ('mshearmur1v', 'khousaman1v@cbsnews.com', '3fMOzrFJ9Vl', 'light', 5);
insert into Compte (pseudo, email, motdepasse, abonnement, nbecranssimultanes) values ('mkneesha1w', 'hemerson1w@behance.net', 'dDN6Bp', 'premium', 2);
insert into Compte (pseudo, email, motdepasse, abonnement, nbecranssimultanes) values ('dcoggings1x', 'vbeddoes1x@xrea.com', '7mh4SLe', 'premium', 2);
insert into Compte (pseudo, email, motdepasse, abonnement, nbecranssimultanes) values ('saloshkin1y', 'iplaice1y@t.co', 'FPlu3F', 'premium', 3);
insert into Compte (pseudo, email, motdepasse, abonnement, nbecranssimultanes) values ('ksteers1z', 'balbasiny1z@forbes.com', 'Xo9KDPFvApwY', 'premium', 4);
insert into Compte (pseudo, email, motdepasse, abonnement, nbecranssimultanes) values ('hmilliken20', 'rdeniset20@live.com', 'BPmTh2nhzxFB', 'light', 3);
insert into Compte (pseudo, email, motdepasse, abonnement, nbecranssimultanes) values ('jmossop21', 'rcamilli21@purevolume.com', 'GjRW9Fm', 'gold', 4);
insert into Compte (pseudo, email, motdepasse, abonnement, nbecranssimultanes) values ('mdanielkiewicz22', 'gbrosch22@meetup.com', 'ad5J40', 'light', 4);
insert into Compte (pseudo, email, motdepasse, abonnement, nbecranssimultanes) values ('dkunes23', 'sgidney23@ed.gov', 'BRMIDRaKf3i3', 'light', 5);
insert into Compte (pseudo, email, motdepasse, abonnement, nbecranssimultanes) values ('wayliffe24', 'ghoyer24@ucla.edu', 'MLIAQ7', 'premium', 5);
insert into Compte (pseudo, email, motdepasse, abonnement, nbecranssimultanes) values ('oshreenan25', 'dblick25@marriott.com', 'ZTnt1VOr', 'gold', 5);
insert into Compte (pseudo, email, motdepasse, abonnement, nbecranssimultanes) values ('fwycherley26', 'khursey26@dedecms.com', 'G9XAIlEoYv6', 'light', 1);
insert into Compte (pseudo, email, motdepasse, abonnement, nbecranssimultanes) values ('dcrookshanks27', 'jeggers27@cdbaby.com', 'sZUjEM', 'gold', 4);
insert into Compte (pseudo, email, motdepasse, abonnement, nbecranssimultanes) values ('jhentzer28', 'bbladder28@spiegel.de', 'CqHcCsS', 'light', 4);
insert into Compte (pseudo, email, motdepasse, abonnement, nbecranssimultanes) values ('apopplestone29', 'ashakesby29@ca.gov', 'ZoFOmyeGfXN3', 'light', 3);
insert into Compte (pseudo, email, motdepasse, abonnement, nbecranssimultanes) values ('ddirkin2a', 'emaccaughey2a@creativecommons.org', '9jcI7X', 'premium', 4);
insert into Compte (pseudo, email, motdepasse, abonnement, nbecranssimultanes) values ('sgoolding2b', 'asloan2b@vk.com', 'sxRTQMr7T43', 'premium', 2);
insert into Compte (pseudo, email, motdepasse, abonnement, nbecranssimultanes) values ('dfoulks2c', 'kaggio2c@blogtalkradio.com', 'G1pDtd6', 'gold', 5);
insert into Compte (pseudo, email, motdepasse, abonnement, nbecranssimultanes) values ('smariyushkin2d', 'vmarwick2d@columbia.edu', 'ILgk340H', 'premium', 3);
insert into Compte (pseudo, email, motdepasse, abonnement, nbecranssimultanes) values ('oroderigo2e', 'amethuen2e@flavors.me', 'Un1Y7ZaR4', 'premium', 1);
insert into Compte (pseudo, email, motdepasse, abonnement, nbecranssimultanes) values ('mloveitt2f', 'rstollwerk2f@phpbb.com', 'gWVHNf9zkF', 'light', 1);
insert into Compte (pseudo, email, motdepasse, abonnement, nbecranssimultanes) values ('rlinnit2g', 'scolhoun2g@simplemachines.org', 'TIdHq6rDtg', 'light', 3);
insert into Compte (pseudo, email, motdepasse, abonnement, nbecranssimultanes) values ('pleivesley2h', 'ftoderi2h@bizjournals.com', 'B94132t', 'premium', 1);
insert into Compte (pseudo, email, motdepasse, abonnement, nbecranssimultanes) values ('yrubinshtein2i', 'oivanishin2i@etsy.com', 'Cc3c7dMM', 'gold', 4);
insert into Compte (pseudo, email, motdepasse, abonnement, nbecranssimultanes) values ('bbraim2j', 'ngee2j@alexa.com', '5uPaYX', 'premium', 2);
insert into Compte (pseudo, email, motdepasse, abonnement, nbecranssimultanes) values ('mrainey2k', 'fchomicki2k@europa.eu', 'KkDBxL', 'gold', 4);
insert into Compte (pseudo, email, motdepasse, abonnement, nbecranssimultanes) values ('cchampkins2l', 'vfurse2l@theguardian.com', 'IfT0RmTQyi', 'light', 1);
insert into Compte (pseudo, email, motdepasse, abonnement, nbecranssimultanes) values ('hhacard2m', 'lschule2m@cnn.com', 'rNDt5YElU', 'gold', 5);
insert into Compte (pseudo, email, motdepasse, abonnement, nbecranssimultanes) values ('lshirlaw2n', 'pruddiforth2n@msu.edu', 'CcOlY7F6BT7', 'light', 1);
insert into Compte (pseudo, email, motdepasse, abonnement, nbecranssimultanes) values ('nmacknight2o', 'dholyland2o@comcast.net', 'L4agYB9DbT', 'premium', 1);
insert into Compte (pseudo, email, motdepasse, abonnement, nbecranssimultanes) values ('tshallo2p', 'kerrett2p@archive.org', 'wS2Yj7Yqe', 'gold', 4);
insert into Compte (pseudo, email, motdepasse, abonnement, nbecranssimultanes) values ('tcoultish2q', 'llorkins2q@unesco.org', 'uvmJTcv', 'gold', 1);
insert into Compte (pseudo, email, motdepasse, abonnement, nbecranssimultanes) values ('bscarman2r', 'pclutterbuck2r@ed.gov', 'hjO4xNZ0vX', 'light', 4);

-- Table Profil
insert into Profil (nom, ctgagenom, langue, enfant, cmppseudo) values ('Jere', 'No restrictions: Parental guidance is suggested', 'Português', 0, 'aagglione1');
insert into Profil (nom, ctgagenom, langue, enfant, cmppseudo) values ('Saloma', 'Prohibitive: Exclusively for older audience', 'Español', 0, 'abartomeux');
insert into Profil (nom, ctgagenom, langue, enfant, cmppseudo) values ('Zack', 'No restrictions: Not recommended', 'Português', 0, 'adominy1e');
insert into Profil (nom, ctgagenom, langue, enfant, cmppseudo) values ('Obadiah', 'Restricted: Parental accompaniment required', 'Français', 1, 'afallows14');
insert into Profil (nom, ctgagenom, langue, enfant, cmppseudo) values ('Antin', 'Restricted: Parental accompaniment required', 'English', 0, 'ajillardh');
insert into Profil (nom, ctgagenom, langue, enfant, cmppseudo) values ('Cory', 'No restrictions: Parental guidance is suggested', 'Deutsch', 1, 'alambin1m');
insert into Profil (nom, ctgagenom, langue, enfant, cmppseudo) values ('Connie', 'Prohibitive: Exclusively for older audience', 'Português', 1, 'apopplestone29');
insert into Profil (nom, ctgagenom, langue, enfant, cmppseudo) values ('Angie', 'No restrictions: Suitable for all ages', 'English', 1, 'ayoungea');
insert into Profil (nom, ctgagenom, langue, enfant, cmppseudo) values ('Clio', 'Restricted: Parental accompaniment required', 'Español', 1, 'bbraim2j');
insert into Profil (nom, ctgagenom, langue, enfant, cmppseudo) values ('Goldina', 'No restrictions: Parental guidance is suggested', 'Português', 0, 'bhansier');
insert into Profil (nom, ctgagenom, langue, enfant, cmppseudo) values ('Gwenni', 'No restrictions: Suitable for all ages', 'Italiano', 0, 'blanegran1j');
insert into Profil (nom, ctgagenom, langue, enfant, cmppseudo) values ('Nikaniki', 'No restrictions: Not recommended', 'Français', 1, 'bscarman2r');
insert into Profil (nom, ctgagenom, langue, enfant, cmppseudo) values ('Alexandra', 'Restricted: Parental accompaniment required', 'Português', 1, 'budell19');
insert into Profil (nom, ctgagenom, langue, enfant, cmppseudo) values ('Matti', 'No restrictions: Not recommended', 'Deutsch', 0, 'cchampkins2l');
insert into Profil (nom, ctgagenom, langue, enfant, cmppseudo) values ('Opal', 'Restricted: Parental accompaniment required', 'Deutsch', 1, 'ccochrane17');
insert into Profil (nom, ctgagenom, langue, enfant, cmppseudo) values ('Sheba', 'No restrictions: Parental guidance is suggested', 'Italiano', 0, 'cdorey1s');
insert into Profil (nom, ctgagenom, langue, enfant, cmppseudo) values ('Iain', 'No restrictions: Suitable for all ages', 'Português', 1, 'ceidlerw');
insert into Profil (nom, ctgagenom, langue, enfant, cmppseudo) values ('Elsworth', 'Prohibitive: Exclusively for older audience', 'Italiano', 1, 'cjobes1r');
insert into Profil (nom, ctgagenom, langue, enfant, cmppseudo) values ('Arnuad', 'No restrictions: Not recommended', 'Português', 1, 'ckalderong');
insert into Profil (nom, ctgagenom, langue, enfant, cmppseudo) values ('Gael', 'Restricted: Parental accompaniment required', 'English', 1, 'dcoggings1x');
insert into Profil (nom, ctgagenom, langue, enfant, cmppseudo) values ('Ashbey', 'No restrictions: Suitable for all ages', 'Español', 0, 'dcrookshanks27');
insert into Profil (nom, ctgagenom, langue, enfant, cmppseudo) values ('Durante', 'Restricted: Parental accompaniment required', 'Français', 0, 'ddirkin2a');
insert into Profil (nom, ctgagenom, langue, enfant, cmppseudo) values ('Jayme', 'No restrictions: Not recommended', 'Français', 1, 'dfoulks2c');
insert into Profil (nom, ctgagenom, langue, enfant, cmppseudo) values ('Niles', 'No restrictions: Parental guidance is suggested', 'Español', 1, 'dkunes23');
insert into Profil (nom, ctgagenom, langue, enfant, cmppseudo) values ('Joanie', 'No restrictions: Parental guidance is suggested', 'Deutsch', 0, 'dsambedgej');
insert into Profil (nom, ctgagenom, langue, enfant, cmppseudo) values ('Letizia', 'No restrictions: Parental guidance is suggested', 'English', 1, 'dwhiteway2');
insert into Profil (nom, ctgagenom, langue, enfant, cmppseudo) values ('Giulio', 'No restrictions: Suitable for all ages', 'Italiano', 0, 'dwylieq');
insert into Profil (nom, ctgagenom, langue, enfant, cmppseudo) values ('Dedra', 'No restrictions: Not recommended', 'Português', 0, 'ejohanchonb');
insert into Profil (nom, ctgagenom, langue, enfant, cmppseudo) values ('Jacques', 'Restricted: Parental accompaniment required', 'Español', 1, 'elebbern1l');
insert into Profil (nom, ctgagenom, langue, enfant, cmppseudo) values ('Gerhard', 'Prohibitive: Exclusively for older audience', 'English', 1, 'fchellenham16');
insert into Profil (nom, ctgagenom, langue, enfant, cmppseudo) values ('Isac', 'Prohibitive: Exclusively for older audience', 'Español', 1, 'fkarby1k');
insert into Profil (nom, ctgagenom, langue, enfant, cmppseudo) values ('Raye', 'Restricted: Parental accompaniment required', 'Italiano', 0, 'fsaffilll');
insert into Profil (nom, ctgagenom, langue, enfant, cmppseudo) values ('Oralia', 'No restrictions: Suitable for all ages', 'Italiano', 0, 'fwycherley26');
insert into Profil (nom, ctgagenom, langue, enfant, cmppseudo) values ('Aura', 'No restrictions: Not recommended', 'Italiano', 1, 'gkasman1h');
insert into Profil (nom, ctgagenom, langue, enfant, cmppseudo) values ('Dinny', 'No restrictions: Suitable for all ages', 'Italiano', 0, 'hchastanet1i');
insert into Profil (nom, ctgagenom, langue, enfant, cmppseudo) values ('Kaela', 'Prohibitive: Exclusively for older audience', 'Français', 1, 'hcranston1d');
insert into Profil (nom, ctgagenom, langue, enfant, cmppseudo) values ('Dari', 'No restrictions: Not recommended', 'Español', 0, 'hdelgado6');
insert into Profil (nom, ctgagenom, langue, enfant, cmppseudo) values ('Justinn', 'No restrictions: Not recommended', 'English', 1, 'hhacard2m');
insert into Profil (nom, ctgagenom, langue, enfant, cmppseudo) values ('Joelynn', 'No restrictions: Not recommended', 'Deutsch', 0, 'hmilliken20');
insert into Profil (nom, ctgagenom, langue, enfant, cmppseudo) values ('Angelico', 'No restrictions: Parental guidance is suggested', 'Deutsch', 0, 'idenes13');
insert into Profil (nom, ctgagenom, langue, enfant, cmppseudo) values ('Grantham', 'No restrictions: Parental guidance is suggested', 'Español', 1, 'jaspinall1p');
insert into Profil (nom, ctgagenom, langue, enfant, cmppseudo) values ('Claudian', 'No restrictions: Not recommended', 'English', 1, 'jfakeleyu');
insert into Profil (nom, ctgagenom, langue, enfant, cmppseudo) values ('Nat', 'No restrictions: Suitable for all ages', 'Français', 0, 'jhentzer28');
insert into Profil (nom, ctgagenom, langue, enfant, cmppseudo) values ('Lacy', 'No restrictions: Suitable for all ages', 'Italiano', 0, 'jmawd9');
insert into Profil (nom, ctgagenom, langue, enfant, cmppseudo) values ('Morena', 'Prohibitive: Exclusively for older audience', 'Español', 1, 'jmossop21');
insert into Profil (nom, ctgagenom, langue, enfant, cmppseudo) values ('Jobye', 'Restricted: Parental accompaniment required', 'Italiano', 1, 'ksteers1z');
insert into Profil (nom, ctgagenom, langue, enfant, cmppseudo) values ('Shelli', 'Prohibitive: Exclusively for older audience', 'Italiano', 1, 'ktrebbett18');
insert into Profil (nom, ctgagenom, langue, enfant, cmppseudo) values ('Brady', 'Prohibitive: Exclusively for older audience', 'Français', 0, 'lbrownstein7');
insert into Profil (nom, ctgagenom, langue, enfant, cmppseudo) values ('Manfred', 'Prohibitive: Exclusively for older audience', 'Español', 0, 'lcarss1t');
insert into Profil (nom, ctgagenom, langue, enfant, cmppseudo) values ('Nina', 'Prohibitive: Exclusively for older audience', 'Español', 1, 'lcatonnee');
insert into Profil (nom, ctgagenom, langue, enfant, cmppseudo) values ('Hazel', 'No restrictions: Suitable for all ages', 'Français', 0, 'ldovidaitis1o');
insert into Profil (nom, ctgagenom, langue, enfant, cmppseudo) values ('Bale', 'No restrictions: Parental guidance is suggested', 'Italiano', 0, 'lhaistwelln');
insert into Profil (nom, ctgagenom, langue, enfant, cmppseudo) values ('Nataniel', 'Restricted: Parental accompaniment required', 'English', 1, 'ljelleyv');
insert into Profil (nom, ctgagenom, langue, enfant, cmppseudo) values ('Anthia', 'Restricted: Parental accompaniment required', 'Français', 0, 'lshirlaw2n');
insert into Profil (nom, ctgagenom, langue, enfant, cmppseudo) values ('Alessandra', 'No restrictions: Suitable for all ages', 'English', 0, 'mboulden4');
insert into Profil (nom, ctgagenom, langue, enfant, cmppseudo) values ('Kriste', 'Restricted: Parental accompaniment required', 'Português', 1, 'mdanielkiewicz22');
insert into Profil (nom, ctgagenom, langue, enfant, cmppseudo) values ('Jacobo', 'Prohibitive: Exclusively for older audience', 'Español', 0, 'mgowdiem');
insert into Profil (nom, ctgagenom, langue, enfant, cmppseudo) values ('Rafferty', 'Prohibitive: Exclusively for older audience', 'Español', 1, 'mharrild1n');
insert into Profil (nom, ctgagenom, langue, enfant, cmppseudo) values ('Rachael', 'No restrictions: Parental guidance is suggested', 'Italiano', 1, 'mikringill0');
insert into Profil (nom, ctgagenom, langue, enfant, cmppseudo) values ('Mike', 'Prohibitive: Exclusively for older audience', 'Español', 0, 'mkalderonz');
insert into Profil (nom, ctgagenom, langue, enfant, cmppseudo) values ('Kim', 'Restricted: Parental accompaniment required', 'Deutsch', 0, 'mkneesha1w');
insert into Profil (nom, ctgagenom, langue, enfant, cmppseudo) values ('Lazare', 'No restrictions: Not recommended', 'Español', 0, 'mloveitt2f');
insert into Profil (nom, ctgagenom, langue, enfant, cmppseudo) values ('Lonnard', 'Prohibitive: Exclusively for older audience', 'English', 1, 'mpollastrinoi');
insert into Profil (nom, ctgagenom, langue, enfant, cmppseudo) values ('Trueman', 'No restrictions: Parental guidance is suggested', 'Español', 0, 'mprickettk');
insert into Profil (nom, ctgagenom, langue, enfant, cmppseudo) values ('Ulrica', 'No restrictions: Not recommended', 'Français', 1, 'mrainey2k');
insert into Profil (nom, ctgagenom, langue, enfant, cmppseudo) values ('Noelani', 'No restrictions: Suitable for all ages', 'Italiano', 0, 'mranklin8');
insert into Profil (nom, ctgagenom, langue, enfant, cmppseudo) values ('Gayle', 'No restrictions: Suitable for all ages', 'English', 0, 'mshearmur1v');
insert into Profil (nom, ctgagenom, langue, enfant, cmppseudo) values ('Cecilia', 'No restrictions: Not recommended', 'English', 0, 'msullens1b');
insert into Profil (nom, ctgagenom, langue, enfant, cmppseudo) values ('Trumaine', 'No restrictions: Parental guidance is suggested', 'Deutsch', 0, 'mverlanderc');
insert into Profil (nom, ctgagenom, langue, enfant, cmppseudo) values ('Theda', 'Prohibitive: Exclusively for older audience', 'Português', 1, 'mwinsor10');
insert into Profil (nom, ctgagenom, langue, enfant, cmppseudo) values ('Granthem', 'Restricted: Parental accompaniment required', 'English', 1, 'nklageman15');
insert into Profil (nom, ctgagenom, langue, enfant, cmppseudo) values ('Addison', 'Prohibitive: Exclusively for older audience', 'Italiano', 0, 'nmacknight2o');
insert into Profil (nom, ctgagenom, langue, enfant, cmppseudo) values ('Jeremias', 'No restrictions: Parental guidance is suggested', 'Deutsch', 1, 'nmckeighant');
insert into Profil (nom, ctgagenom, langue, enfant, cmppseudo) values ('Deva', 'No restrictions: Parental guidance is suggested', 'Français', 0, 'nmouths');
insert into Profil (nom, ctgagenom, langue, enfant, cmppseudo) values ('Royall', 'Prohibitive: Exclusively for older audience', 'English', 1, 'opetterso');
insert into Profil (nom, ctgagenom, langue, enfant, cmppseudo) values ('Hartwell', 'Prohibitive: Exclusively for older audience', 'Español', 0, 'oquarless1f');
insert into Profil (nom, ctgagenom, langue, enfant, cmppseudo) values ('Fanya', 'No restrictions: Parental guidance is suggested', 'English', 0, 'oroderigo2e');
insert into Profil (nom, ctgagenom, langue, enfant, cmppseudo) values ('Dino', 'Restricted: Parental accompaniment required', 'Italiano', 0, 'oshreenan25');
insert into Profil (nom, ctgagenom, langue, enfant, cmppseudo) values ('Dallas', 'No restrictions: Parental guidance is suggested', 'Português', 0, 'pbrownsword1c');
insert into Profil (nom, ctgagenom, langue, enfant, cmppseudo) values ('Lorain', 'No restrictions: Suitable for all ages', 'Deutsch', 1, 'pleivesley2h');
insert into Profil (nom, ctgagenom, langue, enfant, cmppseudo) values ('Brandyn', 'No restrictions: Not recommended', 'Português', 1, 'rheady5');
insert into Profil (nom, ctgagenom, langue, enfant, cmppseudo) values ('Edlin', 'No restrictions: Suitable for all ages', 'English', 0, 'rhudd1u');
insert into Profil (nom, ctgagenom, langue, enfant, cmppseudo) values ('Vivie', 'Prohibitive: Exclusively for older audience', 'Français', 1, 'rlinnit2g');
insert into Profil (nom, ctgagenom, langue, enfant, cmppseudo) values ('Jobie', 'No restrictions: Suitable for all ages', 'Italiano', 1, 'saloshkin1y');
insert into Profil (nom, ctgagenom, langue, enfant, cmppseudo) values ('Rosaline', 'No restrictions: Suitable for all ages', 'Deutsch', 0, 'sbeddinghamd');
insert into Profil (nom, ctgagenom, langue, enfant, cmppseudo) values ('Creight', 'No restrictions: Not recommended', 'Español', 1, 'sgoolding2b');
insert into Profil (nom, ctgagenom, langue, enfant, cmppseudo) values ('Orly', 'No restrictions: Parental guidance is suggested', 'Português', 1, 'smariyushkin2d');
insert into Profil (nom, ctgagenom, langue, enfant, cmppseudo) values ('Jennette', 'No restrictions: Suitable for all ages', 'Português', 0, 'stavernorp');
insert into Profil (nom, ctgagenom, langue, enfant, cmppseudo) values ('Sigismond', 'No restrictions: Suitable for all ages', 'Italiano', 1, 'tcleverly1g');
insert into Profil (nom, ctgagenom, langue, enfant, cmppseudo) values ('Gregoor', 'Prohibitive: Exclusively for older audience', 'Deutsch', 0, 'tcoultish2q');
insert into Profil (nom, ctgagenom, langue, enfant, cmppseudo) values ('Sianna', 'No restrictions: Suitable for all ages', 'Italiano', 0, 'tgerritzen1q');
insert into Profil (nom, ctgagenom, langue, enfant, cmppseudo) values ('Clerc', 'No restrictions: Suitable for all ages', 'Español', 0, 'tshallo2p');
insert into Profil (nom, ctgagenom, langue, enfant, cmppseudo) values ('Kelsey', 'No restrictions: Suitable for all ages', 'Deutsch', 1, 'twanek3');
insert into Profil (nom, ctgagenom, langue, enfant, cmppseudo) values ('Charlton', 'Restricted: Parental accompaniment required', 'Deutsch', 1, 'vjaumety');
insert into Profil (nom, ctgagenom, langue, enfant, cmppseudo) values ('Ellis', 'No restrictions: Suitable for all ages', 'Français', 0, 'vtollow12');
insert into Profil (nom, ctgagenom, langue, enfant, cmppseudo) values ('Michel', 'No restrictions: Not recommended', 'Italiano', 1, 'wayliffe24');
insert into Profil (nom, ctgagenom, langue, enfant, cmppseudo) values ('Thor', 'No restrictions: Suitable for all ages', 'Español', 1, 'wbatesonf');
insert into Profil (nom, ctgagenom, langue, enfant, cmppseudo) values ('Margaretha', 'Prohibitive: Exclusively for older audience', 'English', 0, 'wpuckett1a');
insert into Profil (nom, ctgagenom, langue, enfant, cmppseudo) values ('Bat', 'Restricted: Parental accompaniment required', 'Español', 1, 'yrubinshtein2i');
insert into Profil (nom, ctgagenom, langue, enfant, cmppseudo) values ('Ashia', 'No restrictions: Parental guidance is suggested', 'Português', 1, 'zcorradeschi11');
insert into Profil (nom, ctgagenom, langue, enfant, cmppseudo) values ('Russell', 'Restricted: Parental accompaniment required', 'English', 1, 'aagglione1');
insert into Profil (nom, ctgagenom, langue, enfant, cmppseudo) values ('Ravi', 'No restrictions: Not recommended', 'Español', 1, 'abartomeux');
insert into Profil (nom, ctgagenom, langue, enfant, cmppseudo) values ('Costa', 'No restrictions: Suitable for all ages', 'Français', 1, 'adominy1e');
insert into Profil (nom, ctgagenom, langue, enfant, cmppseudo) values ('Clem', 'Restricted: Parental accompaniment required', 'Português', 0, 'afallows14');
insert into Profil (nom, ctgagenom, langue, enfant, cmppseudo) values ('Gaultiero', 'No restrictions: Suitable for all ages', 'Español', 0, 'ajillardh');
insert into Profil (nom, ctgagenom, langue, enfant, cmppseudo) values ('Madelon', 'Prohibitive: Exclusively for older audience', 'English', 0, 'alambin1m');
insert into Profil (nom, ctgagenom, langue, enfant, cmppseudo) values ('Elianora', 'Prohibitive: Exclusively for older audience', 'English', 1, 'apopplestone29');
insert into Profil (nom, ctgagenom, langue, enfant, cmppseudo) values ('Sanford', 'Restricted: Parental accompaniment required', 'Português', 1, 'ayoungea');
insert into Profil (nom, ctgagenom, langue, enfant, cmppseudo) values ('Jakie', 'No restrictions: Not recommended', 'Français', 1, 'bbraim2j');
insert into Profil (nom, ctgagenom, langue, enfant, cmppseudo) values ('Shanna', 'No restrictions: Not recommended', 'English', 0, 'bhansier');
insert into Profil (nom, ctgagenom, langue, enfant, cmppseudo) values ('Trudey', 'Prohibitive: Exclusively for older audience', 'Deutsch', 1, 'blanegran1j');
insert into Profil (nom, ctgagenom, langue, enfant, cmppseudo) values ('Rees', 'Restricted: Parental accompaniment required', 'English', 0, 'bscarman2r');
insert into Profil (nom, ctgagenom, langue, enfant, cmppseudo) values ('Beryle', 'No restrictions: Not recommended', 'Português', 0, 'budell19');
insert into Profil (nom, ctgagenom, langue, enfant, cmppseudo) values ('Allan', 'No restrictions: Parental guidance is suggested', 'Português', 0, 'cchampkins2l');
insert into Profil (nom, ctgagenom, langue, enfant, cmppseudo) values ('Lorin', 'Prohibitive: Exclusively for older audience', 'Italiano', 1, 'ccochrane17');
insert into Profil (nom, ctgagenom, langue, enfant, cmppseudo) values ('Anastasie', 'No restrictions: Not recommended', 'Italiano', 0, 'cdorey1s');
insert into Profil (nom, ctgagenom, langue, enfant, cmppseudo) values ('Griffy', 'No restrictions: Not recommended', 'Italiano', 0, 'ceidlerw');
insert into Profil (nom, ctgagenom, langue, enfant, cmppseudo) values ('Moritz', 'Restricted: Parental accompaniment required', 'Deutsch', 1, 'cjobes1r');
insert into Profil (nom, ctgagenom, langue, enfant, cmppseudo) values ('Halsey', 'Restricted: Parental accompaniment required', 'Español', 0, 'ckalderong');
insert into Profil (nom, ctgagenom, langue, enfant, cmppseudo) values ('Garvey', 'No restrictions: Parental guidance is suggested', 'English', 1, 'dcoggings1x');
insert into Profil (nom, ctgagenom, langue, enfant, cmppseudo) values ('Caty', 'Prohibitive: Exclusively for older audience', 'Deutsch', 1, 'dcrookshanks27');
insert into Profil (nom, ctgagenom, langue, enfant, cmppseudo) values ('Bogart', 'No restrictions: Suitable for all ages', 'Français', 0, 'ddirkin2a');
insert into Profil (nom, ctgagenom, langue, enfant, cmppseudo) values ('Pet', 'Restricted: Parental accompaniment required', 'Deutsch', 0, 'dfoulks2c');
insert into Profil (nom, ctgagenom, langue, enfant, cmppseudo) values ('Sharona', 'Prohibitive: Exclusively for older audience', 'Español', 0, 'dkunes23');
insert into Profil (nom, ctgagenom, langue, enfant, cmppseudo) values ('Nevins', 'No restrictions: Parental guidance is suggested', 'Português', 0, 'dsambedgej');
insert into Profil (nom, ctgagenom, langue, enfant, cmppseudo) values ('Alina', 'No restrictions: Not recommended', 'English', 0, 'dwhiteway2');
insert into Profil (nom, ctgagenom, langue, enfant, cmppseudo) values ('Johnnie', 'No restrictions: Suitable for all ages', 'Italiano', 1, 'dwylieq');
insert into Profil (nom, ctgagenom, langue, enfant, cmppseudo) values ('Jerrie', 'Prohibitive: Exclusively for older audience', 'Português', 0, 'ejohanchonb');
insert into Profil (nom, ctgagenom, langue, enfant, cmppseudo) values ('Vicki', 'No restrictions: Not recommended', 'Français', 1, 'elebbern1l');
insert into Profil (nom, ctgagenom, langue, enfant, cmppseudo) values ('Nicko', 'No restrictions: Not recommended', 'Português', 0, 'fchellenham16');
insert into Profil (nom, ctgagenom, langue, enfant, cmppseudo) values ('Micheil', 'Restricted: Parental accompaniment required', 'Deutsch', 1, 'fkarby1k');
insert into Profil (nom, ctgagenom, langue, enfant, cmppseudo) values ('Garald', 'Restricted: Parental accompaniment required', 'Italiano', 1, 'fsaffilll');
insert into Profil (nom, ctgagenom, langue, enfant, cmppseudo) values ('Marjy', 'No restrictions: Not recommended', 'Italiano', 1, 'fwycherley26');
insert into Profil (nom, ctgagenom, langue, enfant, cmppseudo) values ('Faber', 'Prohibitive: Exclusively for older audience', 'Italiano', 0, 'gkasman1h');
insert into Profil (nom, ctgagenom, langue, enfant, cmppseudo) values ('Gerardo', 'No restrictions: Suitable for all ages', 'Français', 1, 'hchastanet1i');
insert into Profil (nom, ctgagenom, langue, enfant, cmppseudo) values ('Luis', 'Restricted: Parental accompaniment required', 'Français', 0, 'hcranston1d');
insert into Profil (nom, ctgagenom, langue, enfant, cmppseudo) values ('Mikey', 'Prohibitive: Exclusively for older audience', 'Português', 0, 'hdelgado6');
insert into Profil (nom, ctgagenom, langue, enfant, cmppseudo) values ('Kinsley', 'No restrictions: Parental guidance is suggested', 'English', 0, 'hhacard2m');
insert into Profil (nom, ctgagenom, langue, enfant, cmppseudo) values ('Janis', 'Prohibitive: Exclusively for older audience', 'English', 0, 'hmilliken20');
insert into Profil (nom, ctgagenom, langue, enfant, cmppseudo) values ('Darbee', 'No restrictions: Suitable for all ages', 'Português', 0, 'idenes13');
insert into Profil (nom, ctgagenom, langue, enfant, cmppseudo) values ('Milt', 'Restricted: Parental accompaniment required', 'Português', 0, 'jaspinall1p');
insert into Profil (nom, ctgagenom, langue, enfant, cmppseudo) values ('Rossy', 'No restrictions: Suitable for all ages', 'English', 1, 'jfakeleyu');
insert into Profil (nom, ctgagenom, langue, enfant, cmppseudo) values ('Karilynn', 'Restricted: Parental accompaniment required', 'Français', 0, 'jhentzer28');
insert into Profil (nom, ctgagenom, langue, enfant, cmppseudo) values ('Son', 'No restrictions: Parental guidance is suggested', 'English', 0, 'jmawd9');
insert into Profil (nom, ctgagenom, langue, enfant, cmppseudo) values ('Christi', 'No restrictions: Not recommended', 'English', 1, 'jmossop21');
insert into Profil (nom, ctgagenom, langue, enfant, cmppseudo) values ('Leicester', 'No restrictions: Not recommended', 'Italiano', 0, 'ksteers1z');
insert into Profil (nom, ctgagenom, langue, enfant, cmppseudo) values ('Francois', 'No restrictions: Parental guidance is suggested', 'Français', 0, 'ktrebbett18');
insert into Profil (nom, ctgagenom, langue, enfant, cmppseudo) values ('Chanda', 'Restricted: Parental accompaniment required', 'Español', 0, 'lbrownstein7');
insert into Profil (nom, ctgagenom, langue, enfant, cmppseudo) values ('Wilton', 'Restricted: Parental accompaniment required', 'Italiano', 1, 'lcarss1t');
insert into Profil (nom, ctgagenom, langue, enfant, cmppseudo) values ('Allissa', 'Prohibitive: Exclusively for older audience', 'Deutsch', 1, 'lcatonnee');
insert into Profil (nom, ctgagenom, langue, enfant, cmppseudo) values ('Hillery', 'No restrictions: Not recommended', 'Deutsch', 1, 'ldovidaitis1o');
insert into Profil (nom, ctgagenom, langue, enfant, cmppseudo) values ('Zaneta', 'No restrictions: Not recommended', 'Italiano', 1, 'lhaistwelln');
insert into Profil (nom, ctgagenom, langue, enfant, cmppseudo) values ('Lucie', 'No restrictions: Suitable for all ages', 'Português', 0, 'ljelleyv');
insert into Profil (nom, ctgagenom, langue, enfant, cmppseudo) values ('Marney', 'Prohibitive: Exclusively for older audience', 'Français', 0, 'lshirlaw2n');
insert into Profil (nom, ctgagenom, langue, enfant, cmppseudo) values ('Broderic', 'No restrictions: Suitable for all ages', 'Español', 0, 'mboulden4');
insert into Profil (nom, ctgagenom, langue, enfant, cmppseudo) values ('Jacob', 'Prohibitive: Exclusively for older audience', 'Français', 0, 'mdanielkiewicz22');
insert into Profil (nom, ctgagenom, langue, enfant, cmppseudo) values ('Sasha', 'Prohibitive: Exclusively for older audience', 'Italiano', 0, 'mgowdiem');
insert into Profil (nom, ctgagenom, langue, enfant, cmppseudo) values ('Filide', 'No restrictions: Not recommended', 'Español', 1, 'mharrild1n');
insert into Profil (nom, ctgagenom, langue, enfant, cmppseudo) values ('Danya', 'No restrictions: Parental guidance is suggested', 'English', 1, 'mikringill0');
insert into Profil (nom, ctgagenom, langue, enfant, cmppseudo) values ('Sandye', 'Restricted: Parental accompaniment required', 'Français', 1, 'mkalderonz');
insert into Profil (nom, ctgagenom, langue, enfant, cmppseudo) values ('Fae', 'No restrictions: Not recommended', 'Português', 0, 'mkneesha1w');
insert into Profil (nom, ctgagenom, langue, enfant, cmppseudo) values ('Flin', 'No restrictions: Not recommended', 'Italiano', 1, 'mloveitt2f');
insert into Profil (nom, ctgagenom, langue, enfant, cmppseudo) values ('Anatollo', 'Restricted: Parental accompaniment required', 'Français', 0, 'mpollastrinoi');
insert into Profil (nom, ctgagenom, langue, enfant, cmppseudo) values ('Chadwick', 'No restrictions: Parental guidance is suggested', 'Italiano', 0, 'mprickettk');
insert into Profil (nom, ctgagenom, langue, enfant, cmppseudo) values ('Niki', 'No restrictions: Parental guidance is suggested', 'Português', 1, 'mrainey2k');
insert into Profil (nom, ctgagenom, langue, enfant, cmppseudo) values ('Ceciley', 'No restrictions: Suitable for all ages', 'Português', 0, 'mranklin8');
insert into Profil (nom, ctgagenom, langue, enfant, cmppseudo) values ('Carmencita', 'Prohibitive: Exclusively for older audience', 'English', 1, 'mshearmur1v');
insert into Profil (nom, ctgagenom, langue, enfant, cmppseudo) values ('Charissa', 'No restrictions: Parental guidance is suggested', 'Português', 0, 'msullens1b');
insert into Profil (nom, ctgagenom, langue, enfant, cmppseudo) values ('Frasco', 'No restrictions: Parental guidance is suggested', 'Italiano', 0, 'mverlanderc');
insert into Profil (nom, ctgagenom, langue, enfant, cmppseudo) values ('Yuri', 'No restrictions: Parental guidance is suggested', 'Français', 0, 'mwinsor10');
insert into Profil (nom, ctgagenom, langue, enfant, cmppseudo) values ('Ulrick', 'No restrictions: Not recommended', 'Français', 0, 'nklageman15');
insert into Profil (nom, ctgagenom, langue, enfant, cmppseudo) values ('Westley', 'No restrictions: Parental guidance is suggested', 'Deutsch', 1, 'nmacknight2o');
insert into Profil (nom, ctgagenom, langue, enfant, cmppseudo) values ('Gallagher', 'No restrictions: Parental guidance is suggested', 'Español', 0, 'nmckeighant');
insert into Profil (nom, ctgagenom, langue, enfant, cmppseudo) values ('Denys', 'No restrictions: Suitable for all ages', 'Français', 1, 'nmouths');
insert into Profil (nom, ctgagenom, langue, enfant, cmppseudo) values ('Holly', 'Restricted: Parental accompaniment required', 'English', 1, 'opetterso');
insert into Profil (nom, ctgagenom, langue, enfant, cmppseudo) values ('Nora', 'No restrictions: Suitable for all ages', 'Italiano', 0, 'oquarless1f');
insert into Profil (nom, ctgagenom, langue, enfant, cmppseudo) values ('Olia', 'No restrictions: Parental guidance is suggested', 'Français', 1, 'oroderigo2e');
insert into Profil (nom, ctgagenom, langue, enfant, cmppseudo) values ('Prentice', 'No restrictions: Suitable for all ages', 'Español', 1, 'oshreenan25');
insert into Profil (nom, ctgagenom, langue, enfant, cmppseudo) values ('Victoir', 'Restricted: Parental accompaniment required', 'Português', 1, 'pbrownsword1c');
insert into Profil (nom, ctgagenom, langue, enfant, cmppseudo) values ('Jacqui', 'Prohibitive: Exclusively for older audience', 'Français', 0, 'pleivesley2h');
insert into Profil (nom, ctgagenom, langue, enfant, cmppseudo) values ('Nappie', 'Prohibitive: Exclusively for older audience', 'Français', 1, 'rheady5');
insert into Profil (nom, ctgagenom, langue, enfant, cmppseudo) values ('Nathanial', 'No restrictions: Suitable for all ages', 'Português', 0, 'rhudd1u');
insert into Profil (nom, ctgagenom, langue, enfant, cmppseudo) values ('Edd', 'Restricted: Parental accompaniment required', 'Español', 0, 'rlinnit2g');
insert into Profil (nom, ctgagenom, langue, enfant, cmppseudo) values ('Roy', 'No restrictions: Not recommended', 'Português', 1, 'saloshkin1y');
insert into Profil (nom, ctgagenom, langue, enfant, cmppseudo) values ('Ingaberg', 'No restrictions: Suitable for all ages', 'Deutsch', 1, 'sbeddinghamd');
insert into Profil (nom, ctgagenom, langue, enfant, cmppseudo) values ('Jerrie', 'No restrictions: Suitable for all ages', 'Português', 0, 'sgoolding2b');
insert into Profil (nom, ctgagenom, langue, enfant, cmppseudo) values ('Demetria', 'Restricted: Parental accompaniment required', 'Français', 1, 'smariyushkin2d');
insert into Profil (nom, ctgagenom, langue, enfant, cmppseudo) values ('Hatty', 'No restrictions: Not recommended', 'English', 1, 'stavernorp');
insert into Profil (nom, ctgagenom, langue, enfant, cmppseudo) values ('Ketty', 'No restrictions: Suitable for all ages', 'English', 0, 'tcleverly1g');
insert into Profil (nom, ctgagenom, langue, enfant, cmppseudo) values ('Lee', 'No restrictions: Parental guidance is suggested', 'Français', 1, 'tcoultish2q');
insert into Profil (nom, ctgagenom, langue, enfant, cmppseudo) values ('Cori', 'No restrictions: Not recommended', 'Français', 0, 'tgerritzen1q');
insert into Profil (nom, ctgagenom, langue, enfant, cmppseudo) values ('Kakalina', 'Restricted: Parental accompaniment required', 'Deutsch', 1, 'tshallo2p');
insert into Profil (nom, ctgagenom, langue, enfant, cmppseudo) values ('Morey', 'Restricted: Parental accompaniment required', 'Français', 1, 'twanek3');
insert into Profil (nom, ctgagenom, langue, enfant, cmppseudo) values ('Rab', 'No restrictions: Parental guidance is suggested', 'Deutsch', 1, 'vjaumety');
insert into Profil (nom, ctgagenom, langue, enfant, cmppseudo) values ('Elfreda', 'No restrictions: Parental guidance is suggested', 'Español', 0, 'vtollow12');
insert into Profil (nom, ctgagenom, langue, enfant, cmppseudo) values ('Joelynn', 'No restrictions: Parental guidance is suggested', 'Español', 1, 'wayliffe24');
insert into Profil (nom, ctgagenom, langue, enfant, cmppseudo) values ('Allyn', 'No restrictions: Parental guidance is suggested', 'Français', 0, 'wbatesonf');
insert into Profil (nom, ctgagenom, langue, enfant, cmppseudo) values ('Berti', 'No restrictions: Suitable for all ages', 'Deutsch', 1, 'wpuckett1a');
insert into Profil (nom, ctgagenom, langue, enfant, cmppseudo) values ('Kimmi', 'Restricted: Parental accompaniment required', 'Português', 1, 'yrubinshtein2i');
insert into Profil (nom, ctgagenom, langue, enfant, cmppseudo) values ('Audi', 'No restrictions: Not recommended', 'Deutsch', 0, 'zcorradeschi11');
insert into Profil (nom, ctgagenom, langue, enfant, cmppseudo) values ('Nehemiah', 'No restrictions: Parental guidance is suggested', 'Français', 1, 'aagglione1');
insert into Profil (nom, ctgagenom, langue, enfant, cmppseudo) values ('Cayla', 'Prohibitive: Exclusively for older audience', 'English', 1, 'abartomeux');
insert into Profil (nom, ctgagenom, langue, enfant, cmppseudo) values ('Eldon', 'Prohibitive: Exclusively for older audience', 'Português', 0, 'adominy1e');
insert into Profil (nom, ctgagenom, langue, enfant, cmppseudo) values ('Federico', 'Restricted: Parental accompaniment required', 'Deutsch', 1, 'afallows14');
insert into Profil (nom, ctgagenom, langue, enfant, cmppseudo) values ('Gerome', 'No restrictions: Not recommended', 'Español', 1, 'ajillardh');
insert into Profil (nom, ctgagenom, langue, enfant, cmppseudo) values ('Roldan', 'Prohibitive: Exclusively for older audience', 'Italiano', 0, 'alambin1m');
insert into Profil (nom, ctgagenom, langue, enfant, cmppseudo) values ('Maryl', 'No restrictions: Not recommended', 'Deutsch', 0, 'apopplestone29');
insert into Profil (nom, ctgagenom, langue, enfant, cmppseudo) values ('Hubey', 'No restrictions: Parental guidance is suggested', 'Português', 1, 'ayoungea');
insert into Profil (nom, ctgagenom, langue, enfant, cmppseudo) values ('Mickie', 'No restrictions: Suitable for all ages', 'Italiano', 0, 'bbraim2j');
insert into Profil (nom, ctgagenom, langue, enfant, cmppseudo) values ('Isaak', 'No restrictions: Suitable for all ages', 'Português', 0, 'bhansier');
insert into Profil (nom, ctgagenom, langue, enfant, cmppseudo) values ('Ina', 'No restrictions: Suitable for all ages', 'Italiano', 0, 'blanegran1j');
insert into Profil (nom, ctgagenom, langue, enfant, cmppseudo) values ('Dacy', 'Prohibitive: Exclusively for older audience', 'Deutsch', 0, 'bscarman2r');
insert into Profil (nom, ctgagenom, langue, enfant, cmppseudo) values ('Starla', 'Prohibitive: Exclusively for older audience', 'English', 0, 'budell19');
insert into Profil (nom, ctgagenom, langue, enfant, cmppseudo) values ('Ruthi', 'No restrictions: Not recommended', 'Español', 1, 'cchampkins2l');
insert into Profil (nom, ctgagenom, langue, enfant, cmppseudo) values ('Win', 'No restrictions: Parental guidance is suggested', 'Français', 0, 'ccochrane17');
insert into Profil (nom, ctgagenom, langue, enfant, cmppseudo) values ('Cobby', 'No restrictions: Not recommended', 'English', 1, 'cdorey1s');
insert into Profil (nom, ctgagenom, langue, enfant, cmppseudo) values ('Wald', 'Restricted: Parental accompaniment required', 'English', 0, 'ceidlerw');
insert into Profil (nom, ctgagenom, langue, enfant, cmppseudo) values ('Archer', 'No restrictions: Not recommended', 'English', 1, 'cjobes1r');
insert into Profil (nom, ctgagenom, langue, enfant, cmppseudo) values ('Delano', 'No restrictions: Suitable for all ages', 'Français', 1, 'ckalderong');
insert into Profil (nom, ctgagenom, langue, enfant, cmppseudo) values ('Ambrose', 'No restrictions: Parental guidance is suggested', 'Español', 1, 'dcoggings1x');
insert into Profil (nom, ctgagenom, langue, enfant, cmppseudo) values ('Temp', 'No restrictions: Parental guidance is suggested', 'Deutsch', 0, 'dcrookshanks27');
insert into Profil (nom, ctgagenom, langue, enfant, cmppseudo) values ('Ulrich', 'Prohibitive: Exclusively for older audience', 'Português', 1, 'ddirkin2a');
insert into Profil (nom, ctgagenom, langue, enfant, cmppseudo) values ('Dominique', 'No restrictions: Parental guidance is suggested', 'English', 1, 'dfoulks2c');
insert into Profil (nom, ctgagenom, langue, enfant, cmppseudo) values ('Maryjane', 'No restrictions: Suitable for all ages', 'Italiano', 0, 'dkunes23');
insert into Profil (nom, ctgagenom, langue, enfant, cmppseudo) values ('Hetty', 'Restricted: Parental accompaniment required', 'Português', 1, 'dsambedgej');
insert into Profil (nom, ctgagenom, langue, enfant, cmppseudo) values ('Thatcher', 'Prohibitive: Exclusively for older audience', 'English', 1, 'dwhiteway2');
insert into Profil (nom, ctgagenom, langue, enfant, cmppseudo) values ('Granville', 'No restrictions: Parental guidance is suggested', 'Italiano', 0, 'dwylieq');
insert into Profil (nom, ctgagenom, langue, enfant, cmppseudo) values ('Tammy', 'Restricted: Parental accompaniment required', 'Português', 0, 'ejohanchonb');
insert into Profil (nom, ctgagenom, langue, enfant, cmppseudo) values ('Judith', 'No restrictions: Parental guidance is suggested', 'Deutsch', 0, 'elebbern1l');
insert into Profil (nom, ctgagenom, langue, enfant, cmppseudo) values ('Rodina', 'Prohibitive: Exclusively for older audience', 'Français', 0, 'fchellenham16');
insert into Profil (nom, ctgagenom, langue, enfant, cmppseudo) values ('Chariot', 'No restrictions: Not recommended', 'English', 1, 'fkarby1k');
insert into Profil (nom, ctgagenom, langue, enfant, cmppseudo) values ('Malchy', 'No restrictions: Suitable for all ages', 'Italiano', 1, 'fsaffilll');
insert into Profil (nom, ctgagenom, langue, enfant, cmppseudo) values ('Crosby', 'No restrictions: Suitable for all ages', 'Português', 1, 'fwycherley26');
insert into Profil (nom, ctgagenom, langue, enfant, cmppseudo) values ('Monique', 'No restrictions: Parental guidance is suggested', 'Português', 0, 'gkasman1h');
insert into Profil (nom, ctgagenom, langue, enfant, cmppseudo) values ('Marylee', 'Restricted: Parental accompaniment required', 'Español', 1, 'hchastanet1i');
insert into Profil (nom, ctgagenom, langue, enfant, cmppseudo) values ('Rutherford', 'Prohibitive: Exclusively for older audience', 'English', 0, 'hcranston1d');
insert into Profil (nom, ctgagenom, langue, enfant, cmppseudo) values ('Nappie', 'Restricted: Parental accompaniment required', 'Español', 1, 'hdelgado6');
insert into Profil (nom, ctgagenom, langue, enfant, cmppseudo) values ('Cooper', 'Restricted: Parental accompaniment required', 'Italiano', 1, 'hhacard2m');
insert into Profil (nom, ctgagenom, langue, enfant, cmppseudo) values ('Jessamine', 'No restrictions: Not recommended', 'Deutsch', 1, 'hmilliken20');
insert into Profil (nom, ctgagenom, langue, enfant, cmppseudo) values ('Dario', 'No restrictions: Suitable for all ages', 'English', 0, 'idenes13');
insert into Profil (nom, ctgagenom, langue, enfant, cmppseudo) values ('Pauly', 'No restrictions: Parental guidance is suggested', 'English', 0, 'jaspinall1p');
insert into Profil (nom, ctgagenom, langue, enfant, cmppseudo) values ('Leigha', 'No restrictions: Not recommended', 'Deutsch', 1, 'jfakeleyu');
insert into Profil (nom, ctgagenom, langue, enfant, cmppseudo) values ('Ruddy', 'No restrictions: Suitable for all ages', 'Italiano', 0, 'jhentzer28');
insert into Profil (nom, ctgagenom, langue, enfant, cmppseudo) values ('Sidonia', 'Restricted: Parental accompaniment required', 'Italiano', 1, 'jmawd9');
insert into Profil (nom, ctgagenom, langue, enfant, cmppseudo) values ('Helga', 'Prohibitive: Exclusively for older audience', 'English', 0, 'jmossop21');
insert into Profil (nom, ctgagenom, langue, enfant, cmppseudo) values ('Cass', 'Prohibitive: Exclusively for older audience', 'Deutsch', 1, 'ksteers1z');
insert into Profil (nom, ctgagenom, langue, enfant, cmppseudo) values ('Kitty', 'No restrictions: Not recommended', 'Deutsch', 1, 'ktrebbett18');
insert into Profil (nom, ctgagenom, langue, enfant, cmppseudo) values ('Kyle', 'No restrictions: Parental guidance is suggested', 'Español', 1, 'lbrownstein7');
insert into Profil (nom, ctgagenom, langue, enfant, cmppseudo) values ('Carline', 'No restrictions: Suitable for all ages', 'Español', 0, 'lcarss1t');
insert into Profil (nom, ctgagenom, langue, enfant, cmppseudo) values ('Donnell', 'Restricted: Parental accompaniment required', 'Deutsch', 1, 'lcatonnee');
insert into Profil (nom, ctgagenom, langue, enfant, cmppseudo) values ('Owen', 'Prohibitive: Exclusively for older audience', 'Español', 0, 'ldovidaitis1o');
insert into Profil (nom, ctgagenom, langue, enfant, cmppseudo) values ('Karlotta', 'No restrictions: Not recommended', 'Deutsch', 1, 'lhaistwelln');
insert into Profil (nom, ctgagenom, langue, enfant, cmppseudo) values ('Danika', 'No restrictions: Not recommended', 'English', 0, 'ljelleyv');
insert into Profil (nom, ctgagenom, langue, enfant, cmppseudo) values ('Faunie', 'No restrictions: Not recommended', 'Português', 1, 'lshirlaw2n');
insert into Profil (nom, ctgagenom, langue, enfant, cmppseudo) values ('Stacy', 'No restrictions: Suitable for all ages', 'English', 0, 'mboulden4');
insert into Profil (nom, ctgagenom, langue, enfant, cmppseudo) values ('Ainslie', 'Prohibitive: Exclusively for older audience', 'Deutsch', 0, 'mdanielkiewicz22');
insert into Profil (nom, ctgagenom, langue, enfant, cmppseudo) values ('Iain', 'Prohibitive: Exclusively for older audience', 'Italiano', 1, 'mgowdiem');
insert into Profil (nom, ctgagenom, langue, enfant, cmppseudo) values ('Adena', 'No restrictions: Suitable for all ages', 'Français', 1, 'mharrild1n');
insert into Profil (nom, ctgagenom, langue, enfant, cmppseudo) values ('Shaw', 'No restrictions: Not recommended', 'Italiano', 0, 'mikringill0');
insert into Profil (nom, ctgagenom, langue, enfant, cmppseudo) values ('Dun', 'No restrictions: Not recommended', 'English', 0, 'mkalderonz');
insert into Profil (nom, ctgagenom, langue, enfant, cmppseudo) values ('Gilberto', 'No restrictions: Parental guidance is suggested', 'Deutsch', 1, 'mkneesha1w');
insert into Profil (nom, ctgagenom, langue, enfant, cmppseudo) values ('Jessalin', 'No restrictions: Parental guidance is suggested', 'Deutsch', 0, 'mloveitt2f');
insert into Profil (nom, ctgagenom, langue, enfant, cmppseudo) values ('Maible', 'No restrictions: Suitable for all ages', 'Português', 0, 'mpollastrinoi');
insert into Profil (nom, ctgagenom, langue, enfant, cmppseudo) values ('Beau', 'No restrictions: Parental guidance is suggested', 'Italiano', 0, 'mprickettk');
insert into Profil (nom, ctgagenom, langue, enfant, cmppseudo) values ('Rhodie', 'Prohibitive: Exclusively for older audience', 'Português', 1, 'mrainey2k');
insert into Profil (nom, ctgagenom, langue, enfant, cmppseudo) values ('Afton', 'Restricted: Parental accompaniment required', 'English', 0, 'mshearmur1v');
insert into Profil (nom, ctgagenom, langue, enfant, cmppseudo) values ('Constantine', 'No restrictions: Suitable for all ages', 'Italiano', 0, 'msullens1b');
insert into Profil (nom, ctgagenom, langue, enfant, cmppseudo) values ('Pippy', 'Restricted: Parental accompaniment required', 'Italiano', 0, 'mverlanderc');
insert into Profil (nom, ctgagenom, langue, enfant, cmppseudo) values ('Morganica', 'No restrictions: Suitable for all ages', 'Deutsch', 1, 'mwinsor10');
insert into Profil (nom, ctgagenom, langue, enfant, cmppseudo) values ('Dasie', 'No restrictions: Parental guidance is suggested', 'Français', 0, 'nklageman15');
insert into Profil (nom, ctgagenom, langue, enfant, cmppseudo) values ('Petronille', 'No restrictions: Suitable for all ages', 'Français', 1, 'nmacknight2o');
insert into Profil (nom, ctgagenom, langue, enfant, cmppseudo) values ('Britteny', 'No restrictions: Parental guidance is suggested', 'Français', 0, 'nmckeighant');
insert into Profil (nom, ctgagenom, langue, enfant, cmppseudo) values ('Bryanty', 'No restrictions: Suitable for all ages', 'Português', 1, 'nmouths');
insert into Profil (nom, ctgagenom, langue, enfant, cmppseudo) values ('Archambault', 'Restricted: Parental accompaniment required', 'Português', 1, 'opetterso');
insert into Profil (nom, ctgagenom, langue, enfant, cmppseudo) values ('Billi', 'No restrictions: Not recommended', 'Deutsch', 0, 'oquarless1f');
insert into Profil (nom, ctgagenom, langue, enfant, cmppseudo) values ('Bernie', 'No restrictions: Parental guidance is suggested', 'Deutsch', 1, 'oroderigo2e');
insert into Profil (nom, ctgagenom, langue, enfant, cmppseudo) values ('Finn', 'Restricted: Parental accompaniment required', 'Português', 1, 'oshreenan25');
insert into Profil (nom, ctgagenom, langue, enfant, cmppseudo) values ('Darby', 'No restrictions: Suitable for all ages', 'Español', 1, 'pbrownsword1c');
insert into Profil (nom, ctgagenom, langue, enfant, cmppseudo) values ('Adria', 'No restrictions: Parental guidance is suggested', 'Português', 0, 'pleivesley2h');
insert into Profil (nom, ctgagenom, langue, enfant, cmppseudo) values ('Burke', 'No restrictions: Not recommended', 'Deutsch', 0, 'rheady5');
insert into Profil (nom, ctgagenom, langue, enfant, cmppseudo) values ('Hi', 'Restricted: Parental accompaniment required', 'Español', 1, 'rhudd1u');
insert into Profil (nom, ctgagenom, langue, enfant, cmppseudo) values ('Elspeth', 'Restricted: Parental accompaniment required', 'Français', 1, 'rlinnit2g');
insert into Profil (nom, ctgagenom, langue, enfant, cmppseudo) values ('Avictor', 'No restrictions: Not recommended', 'Français', 1, 'saloshkin1y');
insert into Profil (nom, ctgagenom, langue, enfant, cmppseudo) values ('Ely', 'No restrictions: Not recommended', 'English', 1, 'sbeddinghamd');
insert into Profil (nom, ctgagenom, langue, enfant, cmppseudo) values ('Karon', 'No restrictions: Parental guidance is suggested', 'Français', 0, 'sgoolding2b');
insert into Profil (nom, ctgagenom, langue, enfant, cmppseudo) values ('Rhett', 'No restrictions: Suitable for all ages', 'English', 1, 'smariyushkin2d');
insert into Profil (nom, ctgagenom, langue, enfant, cmppseudo) values ('Mignonne', 'No restrictions: Suitable for all ages', 'English', 0, 'stavernorp');
insert into Profil (nom, ctgagenom, langue, enfant, cmppseudo) values ('Sam', 'No restrictions: Suitable for all ages', 'Italiano', 0, 'tcleverly1g');
insert into Profil (nom, ctgagenom, langue, enfant, cmppseudo) values ('Darelle', 'No restrictions: Parental guidance is suggested', 'Español', 0, 'tcoultish2q');
insert into Profil (nom, ctgagenom, langue, enfant, cmppseudo) values ('Belvia', 'No restrictions: Suitable for all ages', 'English', 1, 'tgerritzen1q');
insert into Profil (nom, ctgagenom, langue, enfant, cmppseudo) values ('Marita', 'No restrictions: Not recommended', 'Italiano', 0, 'tshallo2p');
insert into Profil (nom, ctgagenom, langue, enfant, cmppseudo) values ('Melisent', 'No restrictions: Parental guidance is suggested', 'Español', 0, 'twanek3');
insert into Profil (nom, ctgagenom, langue, enfant, cmppseudo) values ('Mellie', 'No restrictions: Parental guidance is suggested', 'Italiano', 0, 'vjaumety');
insert into Profil (nom, ctgagenom, langue, enfant, cmppseudo) values ('El', 'No restrictions: Not recommended', 'Français', 1, 'vtollow12');
insert into Profil (nom, ctgagenom, langue, enfant, cmppseudo) values ('Andromache', 'No restrictions: Not recommended', 'Italiano', 1, 'wayliffe24');
insert into Profil (nom, ctgagenom, langue, enfant, cmppseudo) values ('Ange', 'No restrictions: Parental guidance is suggested', 'English', 0, 'wbatesonf');
insert into Profil (nom, ctgagenom, langue, enfant, cmppseudo) values ('Anne-marie', 'No restrictions: Parental guidance is suggested', 'Italiano', 1, 'wpuckett1a');
insert into Profil (nom, ctgagenom, langue, enfant, cmppseudo) values ('Harrie', 'No restrictions: Suitable for all ages', 'Português', 1, 'yrubinshtein2i');
insert into Profil (nom, ctgagenom, langue, enfant, cmppseudo) values ('Tremain', 'Prohibitive: Exclusively for older audience', 'English', 0, 'zcorradeschi11');


-- Table Review
INSERT INTO "Review" ("Sujet", "CntTitre", "CmpPseudo", "Texte", "NbEtoiles", "DatePublication") VALUES
	('Aenean auctor gravida sem.', 'Farmer''s Wife, The', 'ckalderong', 'Aenean fermentum. Donec ut mauris eget massa tempor convallis. Nulla neque libero, convallis eget, eleifend luctus, ultricies eu, nibh.

Quisque id justo sit amet sapien dignissim vestibulum. Vestibulum ante ipsum primis in faucibus orci luctus et ultrices posuere cubilia Curae; Nulla dapibus dolor vel est. Donec odio justo, sollicitudin ut, suscipit a, feugiat et, eros.', 3, '2018-02-14'),
	('Aenean auctor gravida sem.', 'Return of Martin Guerre, The (Retour de Martin Guerre, Le)', 'mkneesha1w', 'Aenean fermentum. Donec ut mauris eget massa tempor convallis. Nulla neque libero, convallis eget, eleifend luctus, ultricies eu, nibh.', 1, '2017-11-21'),
	('Aenean auctor gravida sem.', 'The Hunters', 'tcleverly1g', 'Nam ultrices, libero non mattis pulvinar, nulla pede ullamcorper augue, a suscipit nulla elit ac nulla. Sed vel enim sit amet nunc viverra dapibus. Nulla suscipit ligula in lacus.

Curabitur at ipsum ac tellus semper interdum. Mauris ullamcorper purus sit amet nulla. Quisque arcu libero, rutrum ac, lobortis vel, dapibus at, diam.', 5, '2017-05-12'),
	('Aenean fermentum.', 'Colt 38 Special Squad', 'lcarss1t', 'Etiam vel augue. Vestibulum rutrum rutrum neque. Aenean auctor gravida sem.

Praesent id massa id nisl venenatis lacinia. Aenean sit amet justo. Morbi ut odio.', 2, '2014-03-24'),
	('Aenean fermentum.', 'Five Graves to Cairo', 'ddirkin2a', 'Vestibulum quam sapien, varius ut, blandit non, interdum in, ante. Vestibulum ante ipsum primis in faucibus orci luctus et ultrices posuere cubilia Curae; Duis faucibus accumsan odio. Curabitur convallis.

Duis consequat dui nec nisi volutpat eleifend. Donec ut dolor. Morbi vel lectus in quam fringilla rhoncus.', 4, '2018-10-27'),
	('Aenean fermentum.', 'Heroic Ones, The (Shi san tai bao)', 'wayliffe24', 'Fusce consequat. Nulla nisl. Nunc nisl.

Duis bibendum, felis sed interdum venenatis, turpis enim blandit mi, in porttitor pede justo eu massa. Donec dapibus. Duis at velit eu est congue elementum.', 1, '2012-11-29'),
	('Aenean fermentum.', 'I giorni contati', 'jmossop21', 'Maecenas tristique, est et tempus semper, est quam pharetra magna, ac consequat metus sapien ut nunc. Vestibulum ante ipsum primis in faucibus orci luctus et ultrices posuere cubilia Curae; Mauris viverra diam vitae quam. Suspendisse potenti.', 3, '2017-08-08'),
	('Aenean fermentum.', 'MVP: Most Valuable Primate', 'afallows14', 'Integer tincidunt ante vel ipsum. Praesent blandit lacinia erat. Vestibulum sed magna at nunc commodo placerat.', 5, '2018-06-06'),
	('Aenean fermentum.', 'Return of Martin Guerre, The (Retour de Martin Guerre, Le)', 'wpuckett1a', 'Maecenas tristique, est et tempus semper, est quam pharetra magna, ac consequat metus sapien ut nunc. Vestibulum ante ipsum primis in faucibus orci luctus et ultrices posuere cubilia Curae; Mauris viverra diam vitae quam. Suspendisse potenti.', 5, '2018-01-22'),
	('Aenean fermentum.', 'Tactical Force', 'zcorradeschi11', 'Phasellus in felis. Donec semper sapien a libero. Nam dui.', 4, '2011-12-30'),
	('Aenean lectus.', 'Bachelor Party Vegas', 'rhudd1u', 'Donec diam neque, vestibulum eget, vulputate ut, ultrices vel, augue. Vestibulum ante ipsum primis in faucibus orci luctus et ultrices posuere cubilia Curae; Donec pharetra, magna vestibulum aliquet ultrices, erat tortor sollicitudin mi, sit amet lobortis sapien sapien non mi. Integer ac neque.', 5, '2013-08-27'),
	('Aenean lectus.', 'Golden Thread, The (Subarnarekha)', 'dwhiteway2', 'Mauris enim leo, rhoncus sed, vestibulum sit amet, cursus id, turpis. Integer aliquet, massa id lobortis convallis, tortor risus dapibus augue, vel accumsan tellus nisi eu orci. Mauris lacinia sapien quis libero.

Nullam sit amet turpis elementum ligula vehicula consequat. Morbi a ipsum. Integer a nibh.', 1, '2013-08-08'),
	('Aenean lectus.', 'Meet the Deedles', 'abartomeux', 'Cras mi pede, malesuada in, imperdiet et, commodo vulputate, justo. In blandit ultrices enim. Lorem ipsum dolor sit amet, consectetuer adipiscing elit.', 1, '2011-11-18'),
	('Aenean lectus.', 'Network', 'nklageman15', 'Aliquam quis turpis eget elit sodales scelerisque. Mauris sit amet eros. Suspendisse accumsan tortor quis turpis.', 3, '2011-01-25'),
	('Aenean lectus.', 'Quest for Fire (Guerre du feu, La)', 'rhudd1u', 'Proin eu mi. Nulla ac enim. In tempor, turpis nec euismod scelerisque, quam turpis adipiscing lorem, vitae mattis nibh ligula nec sem.

Duis aliquam convallis nunc. Proin at turpis a pede posuere nonummy. Integer non velit.', 1, '2012-10-24'),
	('Aenean lectus.', 'Red Baron, The (Der rote Baron)', 'pleivesley2h', 'Duis bibendum. Morbi non quam nec dui luctus rutrum. Nulla tellus.

In sagittis dui vel nisl. Duis ac nibh. Fusce lacus purus, aliquet at, feugiat non, pretium quis, lectus.', 1, '2016-02-26'),
	('Aenean lectus.', 'The Uninvited Guest', 'abartomeux', 'Fusce posuere felis sed lacus. Morbi sem mauris, laoreet ut, rhoncus aliquet, pulvinar sed, nisl. Nunc rhoncus dui vel sem.', 4, '2017-12-29'),
	('Aenean sit amet justo.', 'Gendernauts', 'mgowdiem', 'Nullam porttitor lacus at turpis. Donec posuere metus vitae ipsum. Aliquam non mauris.

Morbi non lectus. Aliquam sit amet diam in magna bibendum imperdiet. Nullam orci pede, venenatis non, sodales sed, tincidunt eu, felis.', 2, '2014-01-30'),
	('Aenean sit amet justo.', 'Hundred and One Nights, A (Cent et une nuits de Simon Cinéma, Les)', 'ktrebbett18', 'Proin eu mi. Nulla ac enim. In tempor, turpis nec euismod scelerisque, quam turpis adipiscing lorem, vitae mattis nibh ligula nec sem.', 5, '2017-03-28'),
	('Aenean sit amet justo.', 'Last Call at the Oasis', 'mharrild1n', 'In congue. Etiam justo. Etiam pretium iaculis justo.', 5, '2011-10-13'),
	('Aenean sit amet justo.', 'Machete Maidens Unleashed!', 'mboulden4', 'Morbi porttitor lorem id ligula. Suspendisse ornare consequat lectus. In est risus, auctor sed, tristique in, tempus sit amet, sem.

Fusce consequat. Nulla nisl. Nunc nisl.', 3, '2012-12-12'),
	('Aenean sit amet justo.', 'Network', 'elebbern1l', 'Nulla ut erat id mauris vulputate elementum. Nullam varius. Nulla facilisi.

Cras non velit nec nisi vulputate nonummy. Maecenas tincidunt lacus at velit. Vivamus vel nulla eget eros elementum pellentesque.', 5, '2015-08-25'),
	('Aenean sit amet justo.', 'Shadow Dancer, The (Shadows in the Sun)', 'abartomeux', 'Maecenas ut massa quis augue luctus tincidunt. Nulla mollis molestie lorem. Quisque ut erat.

Curabitur gravida nisi at nibh. In hac habitasse platea dictumst. Aliquam augue quam, sollicitudin vitae, consectetuer eget, rutrum at, lorem.', 1, '2014-05-31'),
	('Aenean sit amet justo.', 'The Hunters', 'cjobes1r', 'Duis aliquam convallis nunc. Proin at turpis a pede posuere nonummy. Integer non velit.

Donec diam neque, vestibulum eget, vulputate ut, ultrices vel, augue. Vestibulum ante ipsum primis in faucibus orci luctus et ultrices posuere cubilia Curae; Donec pharetra, magna vestibulum aliquet ultrices, erat tortor sollicitudin mi, sit amet lobortis sapien sapien non mi. Integer ac neque.', 4, '2017-10-03'),
	('Aenean sit amet justo.', 'Urusei Yatsura Movie 2: Beautiful Dreamer (Urusei Yatsura 2: Byûtifuru dorîmâ)', 'rlinnit2g', 'Aenean lectus. Pellentesque eget nunc. Donec quis orci eget orci vehicula condimentum.

Curabitur in libero ut massa volutpat convallis. Morbi odio odio, elementum eu, interdum eu, tincidunt in, leo. Maecenas pulvinar lobortis est.', 4, '2017-01-25'),
	('Aenean sit amet justo.', 'Zombies on Broadway', 'nmckeighant', 'Maecenas ut massa quis augue luctus tincidunt. Nulla mollis molestie lorem. Quisque ut erat.', 5, '2019-10-13'),
	('Aliquam augue quam, sollicitudin vitae, consectetuer eget, rutrum at, lorem.', '2:13', 'elebbern1l', 'Nullam porttitor lacus at turpis. Donec posuere metus vitae ipsum. Aliquam non mauris.

Morbi non lectus. Aliquam sit amet diam in magna bibendum imperdiet. Nullam orci pede, venenatis non, sodales sed, tincidunt eu, felis.', 2, '2018-05-25'),
	('Aliquam augue quam, sollicitudin vitae, consectetuer eget, rutrum at, lorem.', 'Astronaut''s Wife, The', 'fwycherley26', 'Mauris enim leo, rhoncus sed, vestibulum sit amet, cursus id, turpis. Integer aliquet, massa id lobortis convallis, tortor risus dapibus augue, vel accumsan tellus nisi eu orci. Mauris lacinia sapien quis libero.', 3, '2015-07-31'),
	('Aliquam augue quam, sollicitudin vitae, consectetuer eget, rutrum at, lorem.', 'Awakening, The', 'dkunes23', 'Duis aliquam convallis nunc. Proin at turpis a pede posuere nonummy. Integer non velit.

Donec diam neque, vestibulum eget, vulputate ut, ultrices vel, augue. Vestibulum ante ipsum primis in faucibus orci luctus et ultrices posuere cubilia Curae; Donec pharetra, magna vestibulum aliquet ultrices, erat tortor sollicitudin mi, sit amet lobortis sapien sapien non mi. Integer ac neque.', 4, '2019-03-16'),
	('Aliquam augue quam, sollicitudin vitae, consectetuer eget, rutrum at, lorem.', 'Dreamers, The', 'jhentzer28', 'Duis consequat dui nec nisi volutpat eleifend. Donec ut dolor. Morbi vel lectus in quam fringilla rhoncus.

Mauris enim leo, rhoncus sed, vestibulum sit amet, cursus id, turpis. Integer aliquet, massa id lobortis convallis, tortor risus dapibus augue, vel accumsan tellus nisi eu orci. Mauris lacinia sapien quis libero.', 1, '2016-01-15'),
	('Aliquam augue quam, sollicitudin vitae, consectetuer eget, rutrum at, lorem.', 'Food, Inc.', 'saloshkin1y', 'Quisque porta volutpat erat. Quisque erat eros, viverra eget, congue eget, semper rutrum, nulla. Nunc purus.', 3, '2011-04-24'),
	('Aliquam augue quam, sollicitudin vitae, consectetuer eget, rutrum at, lorem.', 'Hercules', 'mkalderonz', 'Mauris enim leo, rhoncus sed, vestibulum sit amet, cursus id, turpis. Integer aliquet, massa id lobortis convallis, tortor risus dapibus augue, vel accumsan tellus nisi eu orci. Mauris lacinia sapien quis libero.', 2, '2013-08-21'),
	('Aliquam augue quam, sollicitudin vitae, consectetuer eget, rutrum at, lorem.', 'Lady Oscar', 'jaspinall1p', 'Pellentesque at nulla. Suspendisse potenti. Cras in purus eu magna vulputate luctus.', 5, '2015-08-26'),
	('Aliquam augue quam, sollicitudin vitae, consectetuer eget, rutrum at, lorem.', 'No Direction Home: Bob Dylan', 'smariyushkin2d', 'Morbi non lectus. Aliquam sit amet diam in magna bibendum imperdiet. Nullam orci pede, venenatis non, sodales sed, tincidunt eu, felis.

Fusce posuere felis sed lacus. Morbi sem mauris, laoreet ut, rhoncus aliquet, pulvinar sed, nisl. Nunc rhoncus dui vel sem.', 3, '2013-01-20'),
	('Aliquam augue quam, sollicitudin vitae, consectetuer eget, rutrum at, lorem.', 'Stranger by the Lake (L''inconnu du lac)', 'fwycherley26', 'Sed ante. Vivamus tortor. Duis mattis egestas metus.

Aenean fermentum. Donec ut mauris eget massa tempor convallis. Nulla neque libero, convallis eget, eleifend luctus, ultricies eu, nibh.', 2, '2015-09-29'),
	('Aliquam erat volutpat.', 'All in a Night''s Work', 'twanek3', 'Duis bibendum. Morbi non quam nec dui luctus rutrum. Nulla tellus.', 4, '2019-08-21'),
	('Aliquam erat volutpat.', 'Brimstone and Treacle', 'jaspinall1p', 'Nullam sit amet turpis elementum ligula vehicula consequat. Morbi a ipsum. Integer a nibh.', 4, '2014-01-10'),
	('Aliquam erat volutpat.', 'Firewalker', 'mkneesha1w', 'Curabitur gravida nisi at nibh. In hac habitasse platea dictumst. Aliquam augue quam, sollicitudin vitae, consectetuer eget, rutrum at, lorem.

Integer tincidunt ante vel ipsum. Praesent blandit lacinia erat. Vestibulum sed magna at nunc commodo placerat.', 5, '2012-10-18'),
	('Aliquam erat volutpat.', 'Green Ice', 'fkarby1k', 'Duis bibendum, felis sed interdum venenatis, turpis enim blandit mi, in porttitor pede justo eu massa. Donec dapibus. Duis at velit eu est congue elementum.

In hac habitasse platea dictumst. Morbi vestibulum, velit id pretium iaculis, diam erat fermentum justo, nec condimentum neque sapien placerat ante. Nulla justo.', 2, '2012-09-29'),
	('Aliquam erat volutpat.', 'In Name Only', 'tcoultish2q', 'Duis bibendum, felis sed interdum venenatis, turpis enim blandit mi, in porttitor pede justo eu massa. Donec dapibus. Duis at velit eu est congue elementum.', 3, '2016-12-02'),
	('Aliquam erat volutpat.', 'Kagi (Odd Obsession)', 'mranklin8', 'Proin interdum mauris non ligula pellentesque ultrices. Phasellus id sapien in sapien iaculis congue. Vivamus metus arcu, adipiscing molestie, hendrerit at, vulputate vitae, nisl.

Aenean lectus. Pellentesque eget nunc. Donec quis orci eget orci vehicula condimentum.', 4, '2017-05-11'),
	('Aliquam erat volutpat.', 'Notorious', 'lbrownstein7', 'Cum sociis natoque penatibus et magnis dis parturient montes, nascetur ridiculus mus. Vivamus vestibulum sagittis sapien. Cum sociis natoque penatibus et magnis dis parturient montes, nascetur ridiculus mus.

Etiam vel augue. Vestibulum rutrum rutrum neque. Aenean auctor gravida sem.', 2, '2011-10-21'),
	('Aliquam erat volutpat.', 'Pekko ja unissakävelijä', 'rhudd1u', 'In congue. Etiam justo. Etiam pretium iaculis justo.

In hac habitasse platea dictumst. Etiam faucibus cursus urna. Ut tellus.', 3, '2018-07-07'),
	('Aliquam erat volutpat.', 'Still Breathing', 'mkalderonz', 'Vestibulum quam sapien, varius ut, blandit non, interdum in, ante. Vestibulum ante ipsum primis in faucibus orci luctus et ultrices posuere cubilia Curae; Duis faucibus accumsan odio. Curabitur convallis.', 2, '2019-06-07'),
	('Aliquam non mauris.', 'Possession, The', 'mpollastrinoi', 'Duis aliquam convallis nunc. Proin at turpis a pede posuere nonummy. Integer non velit.', 2, '2018-09-08'),
	('Aliquam non mauris.', 'The Boys', 'dcrookshanks27', 'In hac habitasse platea dictumst. Etiam faucibus cursus urna. Ut tellus.

Nulla ut erat id mauris vulputate elementum. Nullam varius. Nulla facilisi.', 1, '2013-05-12'),
	('Aliquam non mauris.', 'Zombies on Broadway', 'sgoolding2b', 'In quis justo. Maecenas rhoncus aliquam lacus. Morbi quis tortor id nulla ultrices aliquet.', 5, '2019-08-31'),
	('Aliquam quis turpis eget elit sodales scelerisque.', 'Altered Carbon', 'afallows14', 'In sagittis dui vel nisl. Duis ac nibh. Fusce lacus purus, aliquet at, feugiat non, pretium quis, lectus.

Suspendisse potenti. In eleifend quam a odio. In hac habitasse platea dictumst.', 4, '2017-09-01'),
	('Aliquam quis turpis eget elit sodales scelerisque.', 'Deadline - U.S.A.', 'bhansier', 'Mauris enim leo, rhoncus sed, vestibulum sit amet, cursus id, turpis. Integer aliquet, massa id lobortis convallis, tortor risus dapibus augue, vel accumsan tellus nisi eu orci. Mauris lacinia sapien quis libero.', 1, '2010-11-28'),
	('Aliquam quis turpis eget elit sodales scelerisque.', 'Gendernauts', 'saloshkin1y', 'Lorem ipsum dolor sit amet, consectetuer adipiscing elit. Proin risus. Praesent lectus.

Vestibulum quam sapien, varius ut, blandit non, interdum in, ante. Vestibulum ante ipsum primis in faucibus orci luctus et ultrices posuere cubilia Curae; Duis faucibus accumsan odio. Curabitur convallis.', 3, '2014-03-19'),
	('Aliquam quis turpis eget elit sodales scelerisque.', 'Guilty (Présumé coupable)', 'sgoolding2b', 'Nullam porttitor lacus at turpis. Donec posuere metus vitae ipsum. Aliquam non mauris.

Morbi non lectus. Aliquam sit amet diam in magna bibendum imperdiet. Nullam orci pede, venenatis non, sodales sed, tincidunt eu, felis.', 3, '2015-10-04'),
	('Aliquam quis turpis eget elit sodales scelerisque.', 'Hercules', 'ajillardh', 'Vestibulum quam sapien, varius ut, blandit non, interdum in, ante. Vestibulum ante ipsum primis in faucibus orci luctus et ultrices posuere cubilia Curae; Duis faucibus accumsan odio. Curabitur convallis.

Duis consequat dui nec nisi volutpat eleifend. Donec ut dolor. Morbi vel lectus in quam fringilla rhoncus.', 4, '2018-09-09'),
	('Aliquam quis turpis eget elit sodales scelerisque.', 'Heroic Ones, The (Shi san tai bao)', 'lhaistwelln', 'Duis aliquam convallis nunc. Proin at turpis a pede posuere nonummy. Integer non velit.

Donec diam neque, vestibulum eget, vulputate ut, ultrices vel, augue. Vestibulum ante ipsum primis in faucibus orci luctus et ultrices posuere cubilia Curae; Donec pharetra, magna vestibulum aliquet ultrices, erat tortor sollicitudin mi, sit amet lobortis sapien sapien non mi. Integer ac neque.', 5, '2017-10-02'),
	('Aliquam sit amet diam in magna bibendum imperdiet.', 'Astronaut''s Wife, The', 'apopplestone29', 'Maecenas tristique, est et tempus semper, est quam pharetra magna, ac consequat metus sapien ut nunc. Vestibulum ante ipsum primis in faucibus orci luctus et ultrices posuere cubilia Curae; Mauris viverra diam vitae quam. Suspendisse potenti.', 3, '2017-06-09'),
	('Aliquam sit amet diam in magna bibendum imperdiet.', 'Danny Deckchair', 'ksteers1z', 'Donec diam neque, vestibulum eget, vulputate ut, ultrices vel, augue. Vestibulum ante ipsum primis in faucibus orci luctus et ultrices posuere cubilia Curae; Donec pharetra, magna vestibulum aliquet ultrices, erat tortor sollicitudin mi, sit amet lobortis sapien sapien non mi. Integer ac neque.', 2, '2014-10-27'),
	('Aliquam sit amet diam in magna bibendum imperdiet.', 'Dream Demon', 'tcoultish2q', 'Duis consequat dui nec nisi volutpat eleifend. Donec ut dolor. Morbi vel lectus in quam fringilla rhoncus.', 5, '2019-01-26'),
	('Aliquam sit amet diam in magna bibendum imperdiet.', 'Firewalker', 'nmouths', 'Proin interdum mauris non ligula pellentesque ultrices. Phasellus id sapien in sapien iaculis congue. Vivamus metus arcu, adipiscing molestie, hendrerit at, vulputate vitae, nisl.', 2, '2016-07-07'),
	('Aliquam sit amet diam in magna bibendum imperdiet.', 'Food, Inc.', 'nmckeighant', 'Sed ante. Vivamus tortor. Duis mattis egestas metus.', 5, '2014-06-16'),
	('Aliquam sit amet diam in magna bibendum imperdiet.', 'Golden Thread, The (Subarnarekha)', 'wayliffe24', 'Cras mi pede, malesuada in, imperdiet et, commodo vulputate, justo. In blandit ultrices enim. Lorem ipsum dolor sit amet, consectetuer adipiscing elit.', 5, '2017-09-15'),
	('Aliquam sit amet diam in magna bibendum imperdiet.', 'History of Hell (Rosas Höllenfahrt)', 'dwylieq', 'Cras mi pede, malesuada in, imperdiet et, commodo vulputate, justo. In blandit ultrices enim. Lorem ipsum dolor sit amet, consectetuer adipiscing elit.', 3, '2013-05-12'),
	('Aliquam sit amet diam in magna bibendum imperdiet.', 'Simpatico', 'opetterso', 'Praesent blandit. Nam nulla. Integer pede justo, lacinia eget, tincidunt eget, tempus vel, pede.

Morbi porttitor lorem id ligula. Suspendisse ornare consequat lectus. In est risus, auctor sed, tristique in, tempus sit amet, sem.', 1, '2014-08-05'),
	('Aliquam sit amet diam in magna bibendum imperdiet.', 'Snakes and Earrings (Hebi ni piasu)', 'cdorey1s', 'Quisque id justo sit amet sapien dignissim vestibulum. Vestibulum ante ipsum primis in faucibus orci luctus et ultrices posuere cubilia Curae; Nulla dapibus dolor vel est. Donec odio justo, sollicitudin ut, suscipit a, feugiat et, eros.', 4, '2015-05-23'),
	('Aliquam sit amet diam in magna bibendum imperdiet.', 'The Boogens', 'ckalderong', 'Aenean fermentum. Donec ut mauris eget massa tempor convallis. Nulla neque libero, convallis eget, eleifend luctus, ultricies eu, nibh.', 5, '2017-11-25'),
	('Cras in purus eu magna vulputate luctus.', 'Another Harvest Moon', 'aagglione1', 'In hac habitasse platea dictumst. Etiam faucibus cursus urna. Ut tellus.

Nulla ut erat id mauris vulputate elementum. Nullam varius. Nulla facilisi.', 5, '2018-03-30'),
	('Cras in purus eu magna vulputate luctus.', 'Kid, The', 'mkalderonz', 'In hac habitasse platea dictumst. Etiam faucibus cursus urna. Ut tellus.', 1, '2016-12-10'),
	('Cras in purus eu magna vulputate luctus.', 'Pearls of the Crown, The (Les perles de la couronne)', 'mpollastrinoi', 'Sed ante. Vivamus tortor. Duis mattis egestas metus.', 4, '2011-07-27'),
	('Cras in purus eu magna vulputate luctus.', 'Rulers of the City', 'ktrebbett18', 'Morbi porttitor lorem id ligula. Suspendisse ornare consequat lectus. In est risus, auctor sed, tristique in, tempus sit amet, sem.

Fusce consequat. Nulla nisl. Nunc nisl.', 2, '2014-12-07'),
	('Cras in purus eu magna vulputate luctus.', 'Rulers of the City', 'nmckeighant', 'Cras mi pede, malesuada in, imperdiet et, commodo vulputate, justo. In blandit ultrices enim. Lorem ipsum dolor sit amet, consectetuer adipiscing elit.

Proin interdum mauris non ligula pellentesque ultrices. Phasellus id sapien in sapien iaculis congue. Vivamus metus arcu, adipiscing molestie, hendrerit at, vulputate vitae, nisl.', 5, '2014-12-08'),
	('Cras mi pede, malesuada in, imperdiet et, commodo vulputate, justo.', 'Champion, The', 'ddirkin2a', 'Duis aliquam convallis nunc. Proin at turpis a pede posuere nonummy. Integer non velit.', 3, '2019-02-05'),
	('Cras mi pede, malesuada in, imperdiet et, commodo vulputate, justo.', 'Fat Head', 'tshallo2p', 'Aliquam quis turpis eget elit sodales scelerisque. Mauris sit amet eros. Suspendisse accumsan tortor quis turpis.

Sed ante. Vivamus tortor. Duis mattis egestas metus.', 1, '2013-01-05'),
	('Cras mi pede, malesuada in, imperdiet et, commodo vulputate, justo.', 'Man Called Gannon, A', 'wpuckett1a', 'Quisque porta volutpat erat. Quisque erat eros, viverra eget, congue eget, semper rutrum, nulla. Nunc purus.', 3, '2017-07-01'),
	('Cras mi pede, malesuada in, imperdiet et, commodo vulputate, justo.', 'Riff-Raff', 'mgowdiem', 'Aliquam quis turpis eget elit sodales scelerisque. Mauris sit amet eros. Suspendisse accumsan tortor quis turpis.

Sed ante. Vivamus tortor. Duis mattis egestas metus.', 2, '2018-02-24'),
	('Cras mi pede, malesuada in, imperdiet et, commodo vulputate, justo.', 'Simpatico', 'opetterso', 'Fusce consequat. Nulla nisl. Nunc nisl.

Duis bibendum, felis sed interdum venenatis, turpis enim blandit mi, in porttitor pede justo eu massa. Donec dapibus. Duis at velit eu est congue elementum.', 3, '2014-12-31'),
	('Cras mi pede, malesuada in, imperdiet et, commodo vulputate, justo.', 'Skin Game, The', 'sgoolding2b', 'Nam ultrices, libero non mattis pulvinar, nulla pede ullamcorper augue, a suscipit nulla elit ac nulla. Sed vel enim sit amet nunc viverra dapibus. Nulla suscipit ligula in lacus.', 1, '2011-02-05'),
	('Cras non velit nec nisi vulputate nonummy.', 'Food, Inc.', 'vtollow12', 'In hac habitasse platea dictumst. Morbi vestibulum, velit id pretium iaculis, diam erat fermentum justo, nec condimentum neque sapien placerat ante. Nulla justo.', 4, '2017-04-22'),
	('Cras non velit nec nisi vulputate nonummy.', 'Funeral Parade of Roses (Bara no sôretsu)', 'vjaumety', 'Proin eu mi. Nulla ac enim. In tempor, turpis nec euismod scelerisque, quam turpis adipiscing lorem, vitae mattis nibh ligula nec sem.

Duis aliquam convallis nunc. Proin at turpis a pede posuere nonummy. Integer non velit.', 5, '2014-04-12'),
	('Cras non velit nec nisi vulputate nonummy.', 'Happy End', 'oroderigo2e', 'Nullam sit amet turpis elementum ligula vehicula consequat. Morbi a ipsum. Integer a nibh.

In quis justo. Maecenas rhoncus aliquam lacus. Morbi quis tortor id nulla ultrices aliquet.', 1, '2011-05-24'),
	('Cras pellentesque volutpat dui.', 'Brand Upon the Brain!', 'dcrookshanks27', 'Curabitur gravida nisi at nibh. In hac habitasse platea dictumst. Aliquam augue quam, sollicitudin vitae, consectetuer eget, rutrum at, lorem.', 1, '2014-12-15'),
	('Cras pellentesque volutpat dui.', 'Cheerleaders, The', 'mharrild1n', 'Integer ac leo. Pellentesque ultrices mattis odio. Donec vitae nisi.

Nam ultrices, libero non mattis pulvinar, nulla pede ullamcorper augue, a suscipit nulla elit ac nulla. Sed vel enim sit amet nunc viverra dapibus. Nulla suscipit ligula in lacus.', 3, '2010-12-09'),
	('Cras pellentesque volutpat dui.', 'Power of One, The', 'nmacknight2o', 'In hac habitasse platea dictumst. Etiam faucibus cursus urna. Ut tellus.

Nulla ut erat id mauris vulputate elementum. Nullam varius. Nulla facilisi.', 3, '2013-12-06'),
	('Cras pellentesque volutpat dui.', 'Urusei Yatsura Movie 2: Beautiful Dreamer (Urusei Yatsura 2: Byûtifuru dorîmâ)', 'bbraim2j', 'Fusce consequat. Nulla nisl. Nunc nisl.

Duis bibendum, felis sed interdum venenatis, turpis enim blandit mi, in porttitor pede justo eu massa. Donec dapibus. Duis at velit eu est congue elementum.', 1, '2014-02-06'),
	('Cras pellentesque volutpat dui.', 'Wildflowers', 'ktrebbett18', 'Maecenas leo odio, condimentum id, luctus nec, molestie sed, justo. Pellentesque viverra pede ac diam. Cras pellentesque volutpat dui.

Maecenas tristique, est et tempus semper, est quam pharetra magna, ac consequat metus sapien ut nunc. Vestibulum ante ipsum primis in faucibus orci luctus et ultrices posuere cubilia Curae; Mauris viverra diam vitae quam. Suspendisse potenti.', 4, '2016-06-10'),
	('Cras pellentesque volutpat dui.', 'World Unseen, The', 'mboulden4', 'Aenean lectus. Pellentesque eget nunc. Donec quis orci eget orci vehicula condimentum.

Curabitur in libero ut massa volutpat convallis. Morbi odio odio, elementum eu, interdum eu, tincidunt in, leo. Maecenas pulvinar lobortis est.', 1, '2012-02-06'),
	('Cum sociis natoque penatibus et magnis dis parturient montes, nascetur ridiculus mus.', 'Assault, The (Aanslag, De)', 'ceidlerw', 'Integer tincidunt ante vel ipsum. Praesent blandit lacinia erat. Vestibulum sed magna at nunc commodo placerat.', 5, '2011-04-22'),
	('Cum sociis natoque penatibus et magnis dis parturient montes, nascetur ridiculus mus.', 'Born American', 'hdelgado6', 'Aenean fermentum. Donec ut mauris eget massa tempor convallis. Nulla neque libero, convallis eget, eleifend luctus, ultricies eu, nibh.', 2, '2015-12-25'),
	('Cum sociis natoque penatibus et magnis dis parturient montes, nascetur ridiculus mus.', 'Bubba Ho-tep', 'tcoultish2q', 'Mauris enim leo, rhoncus sed, vestibulum sit amet, cursus id, turpis. Integer aliquet, massa id lobortis convallis, tortor risus dapibus augue, vel accumsan tellus nisi eu orci. Mauris lacinia sapien quis libero.', 5, '2011-02-24'),
	('Cum sociis natoque penatibus et magnis dis parturient montes, nascetur ridiculus mus.', 'Cross of Iron', 'tshallo2p', 'Proin eu mi. Nulla ac enim. In tempor, turpis nec euismod scelerisque, quam turpis adipiscing lorem, vitae mattis nibh ligula nec sem.

Duis aliquam convallis nunc. Proin at turpis a pede posuere nonummy. Integer non velit.', 2, '2014-02-16'),
	('Cum sociis natoque penatibus et magnis dis parturient montes, nascetur ridiculus mus.', 'Gladiator', 'fsaffilll', 'Cras mi pede, malesuada in, imperdiet et, commodo vulputate, justo. In blandit ultrices enim. Lorem ipsum dolor sit amet, consectetuer adipiscing elit.', 4, '2014-10-27'),
	('Cum sociis natoque penatibus et magnis dis parturient montes, nascetur ridiculus mus.', 'Hundred and One Nights, A (Cent et une nuits de Simon Cinéma, Les)', 'abartomeux', 'In congue. Etiam justo. Etiam pretium iaculis justo.', 5, '2016-06-01'),
	('Cum sociis natoque penatibus et magnis dis parturient montes, nascetur ridiculus mus.', 'Kid, The', 'sgoolding2b', 'Sed sagittis. Nam congue, risus semper porta volutpat, quam pede lobortis ligula, sit amet eleifend pede libero quis orci. Nullam molestie nibh in lectus.

Pellentesque at nulla. Suspendisse potenti. Cras in purus eu magna vulputate luctus.', 5, '2017-10-15'),
	('Cum sociis natoque penatibus et magnis dis parturient montes, nascetur ridiculus mus.', 'Mean Girls 2', 'budell19', 'Quisque porta volutpat erat. Quisque erat eros, viverra eget, congue eget, semper rutrum, nulla. Nunc purus.', 1, '2018-07-21'),
	('Cum sociis natoque penatibus et magnis dis parturient montes, nascetur ridiculus mus.', 'Meet the Deedles', 'ljelleyv', 'Praesent blandit. Nam nulla. Integer pede justo, lacinia eget, tincidunt eget, tempus vel, pede.', 5, '2019-01-29'),
	('Cum sociis natoque penatibus et magnis dis parturient montes, nascetur ridiculus mus.', 'MVP: Most Valuable Primate', 'jfakeleyu', 'Vestibulum quam sapien, varius ut, blandit non, interdum in, ante. Vestibulum ante ipsum primis in faucibus orci luctus et ultrices posuere cubilia Curae; Duis faucibus accumsan odio. Curabitur convallis.', 2, '2014-06-17'),
	('Cum sociis natoque penatibus et magnis dis parturient montes, nascetur ridiculus mus.', 'Return of the Living Dead, The', 'hchastanet1i', 'Curabitur in libero ut massa volutpat convallis. Morbi odio odio, elementum eu, interdum eu, tincidunt in, leo. Maecenas pulvinar lobortis est.

Phasellus sit amet erat. Nulla tempus. Vivamus in felis eu sapien cursus vestibulum.', 1, '2016-10-31'),
	('Cum sociis natoque penatibus et magnis dis parturient montes, nascetur ridiculus mus.', 'Sinbad: Legend of the Seven Seas', 'jaspinall1p', 'Maecenas tristique, est et tempus semper, est quam pharetra magna, ac consequat metus sapien ut nunc. Vestibulum ante ipsum primis in faucibus orci luctus et ultrices posuere cubilia Curae; Mauris viverra diam vitae quam. Suspendisse potenti.', 5, '2018-11-19'),
	('Cum sociis natoque penatibus et magnis dis parturient montes, nascetur ridiculus mus.', 'Son of Lassie', 'oshreenan25', 'Cras non velit nec nisi vulputate nonummy. Maecenas tincidunt lacus at velit. Vivamus vel nulla eget eros elementum pellentesque.

Quisque porta volutpat erat. Quisque erat eros, viverra eget, congue eget, semper rutrum, nulla. Nunc purus.', 2, '2014-06-08'),
	('Cum sociis natoque penatibus et magnis dis parturient montes, nascetur ridiculus mus.', 'The Dust Bowl', 'msullens1b', 'Duis aliquam convallis nunc. Proin at turpis a pede posuere nonummy. Integer non velit.

Donec diam neque, vestibulum eget, vulputate ut, ultrices vel, augue. Vestibulum ante ipsum primis in faucibus orci luctus et ultrices posuere cubilia Curae; Donec pharetra, magna vestibulum aliquet ultrices, erat tortor sollicitudin mi, sit amet lobortis sapien sapien non mi. Integer ac neque.', 1, '2013-11-29'),
	('Cum sociis natoque penatibus et magnis dis parturient montes, nascetur ridiculus mus.', 'Until Death', 'mwinsor10', 'In sagittis dui vel nisl. Duis ac nibh. Fusce lacus purus, aliquet at, feugiat non, pretium quis, lectus.', 2, '2014-02-17'),
	('Cum sociis natoque penatibus et magnis dis parturient montes, nascetur ridiculus mus.', 'Wildflowers', 'jmawd9', 'Curabitur in libero ut massa volutpat convallis. Morbi odio odio, elementum eu, interdum eu, tincidunt in, leo. Maecenas pulvinar lobortis est.', 5, '2011-10-06'),
	('Curabitur at ipsum ac tellus semper interdum.', 'Baby Take a Bow', 'hdelgado6', 'Nulla ut erat id mauris vulputate elementum. Nullam varius. Nulla facilisi.

Cras non velit nec nisi vulputate nonummy. Maecenas tincidunt lacus at velit. Vivamus vel nulla eget eros elementum pellentesque.', 1, '2015-03-10'),
	('Curabitur at ipsum ac tellus semper interdum.', 'Four Christmases', 'vtollow12', 'Praesent id massa id nisl venenatis lacinia. Aenean sit amet justo. Morbi ut odio.

Cras mi pede, malesuada in, imperdiet et, commodo vulputate, justo. In blandit ultrices enim. Lorem ipsum dolor sit amet, consectetuer adipiscing elit.', 3, '2019-10-22'),
	('Curabitur at ipsum ac tellus semper interdum.', 'Funeral Parade of Roses (Bara no sôretsu)', 'adominy1e', 'Curabitur gravida nisi at nibh. In hac habitasse platea dictumst. Aliquam augue quam, sollicitudin vitae, consectetuer eget, rutrum at, lorem.', 3, '2014-01-23'),
	('Curabitur at ipsum ac tellus semper interdum.', 'Jailbait', 'hdelgado6', 'Maecenas ut massa quis augue luctus tincidunt. Nulla mollis molestie lorem. Quisque ut erat.', 3, '2012-08-19'),
	('Curabitur at ipsum ac tellus semper interdum.', 'Machete Maidens Unleashed!', 'ckalderong', 'Quisque porta volutpat erat. Quisque erat eros, viverra eget, congue eget, semper rutrum, nulla. Nunc purus.

Phasellus in felis. Donec semper sapien a libero. Nam dui.', 2, '2017-02-10'),
	('Curabitur at ipsum ac tellus semper interdum.', 'Nomad (Köshpendiler)', 'vtollow12', 'Maecenas tristique, est et tempus semper, est quam pharetra magna, ac consequat metus sapien ut nunc. Vestibulum ante ipsum primis in faucibus orci luctus et ultrices posuere cubilia Curae; Mauris viverra diam vitae quam. Suspendisse potenti.

Nullam porttitor lacus at turpis. Donec posuere metus vitae ipsum. Aliquam non mauris.', 3, '2011-02-10'),
	('Curabitur at ipsum ac tellus semper interdum.', 'Quest for Fire (Guerre du feu, La)', 'gkasman1h', 'Duis consequat dui nec nisi volutpat eleifend. Donec ut dolor. Morbi vel lectus in quam fringilla rhoncus.

Mauris enim leo, rhoncus sed, vestibulum sit amet, cursus id, turpis. Integer aliquet, massa id lobortis convallis, tortor risus dapibus augue, vel accumsan tellus nisi eu orci. Mauris lacinia sapien quis libero.', 1, '2016-05-17'),
	('Curabitur at ipsum ac tellus semper interdum.', 'Seaside (Bord de Mer)', 'adominy1e', 'In hac habitasse platea dictumst. Morbi vestibulum, velit id pretium iaculis, diam erat fermentum justo, nec condimentum neque sapien placerat ante. Nulla justo.

Aliquam quis turpis eget elit sodales scelerisque. Mauris sit amet eros. Suspendisse accumsan tortor quis turpis.', 4, '2018-01-28'),
	('Curabitur at ipsum ac tellus semper interdum.', 'The Boys', 'hdelgado6', 'Maecenas leo odio, condimentum id, luctus nec, molestie sed, justo. Pellentesque viverra pede ac diam. Cras pellentesque volutpat dui.

Maecenas tristique, est et tempus semper, est quam pharetra magna, ac consequat metus sapien ut nunc. Vestibulum ante ipsum primis in faucibus orci luctus et ultrices posuere cubilia Curae; Mauris viverra diam vitae quam. Suspendisse potenti.', 5, '2013-10-20'),
	('Curabitur at ipsum ac tellus semper interdum.', 'Tunes of Glory', 'ayoungea', 'Nam ultrices, libero non mattis pulvinar, nulla pede ullamcorper augue, a suscipit nulla elit ac nulla. Sed vel enim sit amet nunc viverra dapibus. Nulla suscipit ligula in lacus.', 5, '2016-04-05'),
	('Curabitur at ipsum ac tellus semper interdum.', 'Tunes of Glory', 'hhacard2m', 'Praesent id massa id nisl venenatis lacinia. Aenean sit amet justo. Morbi ut odio.

Cras mi pede, malesuada in, imperdiet et, commodo vulputate, justo. In blandit ultrices enim. Lorem ipsum dolor sit amet, consectetuer adipiscing elit.', 4, '2015-09-18'),
	('Curabitur convallis.', 'Crips and Bloods: Made in America', 'lcarss1t', 'Sed sagittis. Nam congue, risus semper porta volutpat, quam pede lobortis ligula, sit amet eleifend pede libero quis orci. Nullam molestie nibh in lectus.

Pellentesque at nulla. Suspendisse potenti. Cras in purus eu magna vulputate luctus.', 5, '2016-12-15'),
	('Curabitur convallis.', 'Dream Demon', 'fkarby1k', 'Sed sagittis. Nam congue, risus semper porta volutpat, quam pede lobortis ligula, sit amet eleifend pede libero quis orci. Nullam molestie nibh in lectus.

Pellentesque at nulla. Suspendisse potenti. Cras in purus eu magna vulputate luctus.', 2, '2013-12-21'),
	('Curabitur convallis.', 'Firewalker', 'ayoungea', 'Phasellus sit amet erat. Nulla tempus. Vivamus in felis eu sapien cursus vestibulum.

Proin eu mi. Nulla ac enim. In tempor, turpis nec euismod scelerisque, quam turpis adipiscing lorem, vitae mattis nibh ligula nec sem.', 3, '2012-10-26'),
	('Curabitur convallis.', 'Gendernauts', 'ljelleyv', 'Maecenas ut massa quis augue luctus tincidunt. Nulla mollis molestie lorem. Quisque ut erat.', 2, '2015-09-17'),
	('Curabitur convallis.', 'Happy End', 'bbraim2j', 'Integer ac leo. Pellentesque ultrices mattis odio. Donec vitae nisi.

Nam ultrices, libero non mattis pulvinar, nulla pede ullamcorper augue, a suscipit nulla elit ac nulla. Sed vel enim sit amet nunc viverra dapibus. Nulla suscipit ligula in lacus.', 5, '2014-03-24'),
	('Curabitur convallis.', 'Mean Girls 2', 'vjaumety', 'Vestibulum ac est lacinia nisi venenatis tristique. Fusce congue, diam id ornare imperdiet, sapien urna pretium nisl, ut volutpat sapien arcu sed augue. Aliquam erat volutpat.

In congue. Etiam justo. Etiam pretium iaculis justo.', 5, '2019-05-31'),
	('Curabitur convallis.', 'The Hunters', 'cdorey1s', 'Integer ac leo. Pellentesque ultrices mattis odio. Donec vitae nisi.

Nam ultrices, libero non mattis pulvinar, nulla pede ullamcorper augue, a suscipit nulla elit ac nulla. Sed vel enim sit amet nunc viverra dapibus. Nulla suscipit ligula in lacus.', 3, '2015-06-24'),
	('Curabitur gravida nisi at nibh.', 'High Tension (Haute tension) (Switchblade Romance)', 'jmawd9', 'Etiam vel augue. Vestibulum rutrum rutrum neque. Aenean auctor gravida sem.

Praesent id massa id nisl venenatis lacinia. Aenean sit amet justo. Morbi ut odio.', 4, '2012-04-21'),
	('Curabitur gravida nisi at nibh.', 'Jetsons: The Movie', 'lshirlaw2n', 'Duis bibendum, felis sed interdum venenatis, turpis enim blandit mi, in porttitor pede justo eu massa. Donec dapibus. Duis at velit eu est congue elementum.

In hac habitasse platea dictumst. Morbi vestibulum, velit id pretium iaculis, diam erat fermentum justo, nec condimentum neque sapien placerat ante. Nulla justo.', 2, '2018-10-01'),
	('Curabitur gravida nisi at nibh.', 'Leatherheads', 'rlinnit2g', 'Nullam porttitor lacus at turpis. Donec posuere metus vitae ipsum. Aliquam non mauris.

Morbi non lectus. Aliquam sit amet diam in magna bibendum imperdiet. Nullam orci pede, venenatis non, sodales sed, tincidunt eu, felis.', 2, '2017-05-30'),
	('Curabitur gravida nisi at nibh.', 'Man Called Gannon, A', 'opetterso', 'Praesent id massa id nisl venenatis lacinia. Aenean sit amet justo. Morbi ut odio.

Cras mi pede, malesuada in, imperdiet et, commodo vulputate, justo. In blandit ultrices enim. Lorem ipsum dolor sit amet, consectetuer adipiscing elit.', 1, '2015-04-10'),
	('Curabitur gravida nisi at nibh.', 'Rainmaker, The', 'mikringill0', 'Quisque id justo sit amet sapien dignissim vestibulum. Vestibulum ante ipsum primis in faucibus orci luctus et ultrices posuere cubilia Curae; Nulla dapibus dolor vel est. Donec odio justo, sollicitudin ut, suscipit a, feugiat et, eros.

Vestibulum ac est lacinia nisi venenatis tristique. Fusce congue, diam id ornare imperdiet, sapien urna pretium nisl, ut volutpat sapien arcu sed augue. Aliquam erat volutpat.', 2, '2018-05-19'),
	('Curabitur gravida nisi at nibh.', 'Return of the Living Dead, The', 'nmacknight2o', 'Duis aliquam convallis nunc. Proin at turpis a pede posuere nonummy. Integer non velit.

Donec diam neque, vestibulum eget, vulputate ut, ultrices vel, augue. Vestibulum ante ipsum primis in faucibus orci luctus et ultrices posuere cubilia Curae; Donec pharetra, magna vestibulum aliquet ultrices, erat tortor sollicitudin mi, sit amet lobortis sapien sapien non mi. Integer ac neque.', 5, '2011-12-07'),
	('Curabitur gravida nisi at nibh.', 'To the Sea (Alamar)', 'hchastanet1i', 'Phasellus sit amet erat. Nulla tempus. Vivamus in felis eu sapien cursus vestibulum.

Proin eu mi. Nulla ac enim. In tempor, turpis nec euismod scelerisque, quam turpis adipiscing lorem, vitae mattis nibh ligula nec sem.', 5, '2013-08-17'),
	('Curabitur in libero ut massa volutpat convallis.', 'Desert Rats, The', 'nmckeighant', 'Integer tincidunt ante vel ipsum. Praesent blandit lacinia erat. Vestibulum sed magna at nunc commodo placerat.', 4, '2013-11-26'),
	('Curabitur in libero ut massa volutpat convallis.', 'Dream Demon', 'ddirkin2a', 'Duis bibendum. Morbi non quam nec dui luctus rutrum. Nulla tellus.', 1, '2017-01-31'),
	('Curabitur in libero ut massa volutpat convallis.', 'Grimm Love (Rohtenburg)', 'tcoultish2q', 'Nullam sit amet turpis elementum ligula vehicula consequat. Morbi a ipsum. Integer a nibh.', 2, '2014-07-21'),
	('Curabitur in libero ut massa volutpat convallis.', 'Hercules', 'twanek3', 'Mauris enim leo, rhoncus sed, vestibulum sit amet, cursus id, turpis. Integer aliquet, massa id lobortis convallis, tortor risus dapibus augue, vel accumsan tellus nisi eu orci. Mauris lacinia sapien quis libero.', 4, '2011-06-01'),
	('Curabitur in libero ut massa volutpat convallis.', 'Kagi (Odd Obsession)', 'cjobes1r', 'Nulla ut erat id mauris vulputate elementum. Nullam varius. Nulla facilisi.

Cras non velit nec nisi vulputate nonummy. Maecenas tincidunt lacus at velit. Vivamus vel nulla eget eros elementum pellentesque.', 4, '2018-06-09'),
	('Curabitur in libero ut massa volutpat convallis.', 'Machete Maidens Unleashed!', 'abartomeux', 'Fusce posuere felis sed lacus. Morbi sem mauris, laoreet ut, rhoncus aliquet, pulvinar sed, nisl. Nunc rhoncus dui vel sem.

Sed sagittis. Nam congue, risus semper porta volutpat, quam pede lobortis ligula, sit amet eleifend pede libero quis orci. Nullam molestie nibh in lectus.', 4, '2013-01-09'),
	('Curabitur in libero ut massa volutpat convallis.', 'Notorious', 'ckalderong', 'Aenean fermentum. Donec ut mauris eget massa tempor convallis. Nulla neque libero, convallis eget, eleifend luctus, ultricies eu, nibh.

Quisque id justo sit amet sapien dignissim vestibulum. Vestibulum ante ipsum primis in faucibus orci luctus et ultrices posuere cubilia Curae; Nulla dapibus dolor vel est. Donec odio justo, sollicitudin ut, suscipit a, feugiat et, eros.', 2, '2018-09-15'),
	('Curabitur in libero ut massa volutpat convallis.', 'Queen: Days of Our Lives', 'lhaistwelln', 'Phasellus sit amet erat. Nulla tempus. Vivamus in felis eu sapien cursus vestibulum.

Proin eu mi. Nulla ac enim. In tempor, turpis nec euismod scelerisque, quam turpis adipiscing lorem, vitae mattis nibh ligula nec sem.', 4, '2011-07-01'),
	('Curabitur in libero ut massa volutpat convallis.', 'Red Baron, The (Der rote Baron)', 'twanek3', 'Morbi porttitor lorem id ligula. Suspendisse ornare consequat lectus. In est risus, auctor sed, tristique in, tempus sit amet, sem.

Fusce consequat. Nulla nisl. Nunc nisl.', 4, '2012-08-12'),
	('Curabitur in libero ut massa volutpat convallis.', 'Red Garters', 'oshreenan25', 'Duis aliquam convallis nunc. Proin at turpis a pede posuere nonummy. Integer non velit.

Donec diam neque, vestibulum eget, vulputate ut, ultrices vel, augue. Vestibulum ante ipsum primis in faucibus orci luctus et ultrices posuere cubilia Curae; Donec pharetra, magna vestibulum aliquet ultrices, erat tortor sollicitudin mi, sit amet lobortis sapien sapien non mi. Integer ac neque.', 5, '2019-07-23'),
	('Curabitur in libero ut massa volutpat convallis.', 'Tactical Force', 'ckalderong', 'Praesent id massa id nisl venenatis lacinia. Aenean sit amet justo. Morbi ut odio.

Cras mi pede, malesuada in, imperdiet et, commodo vulputate, justo. In blandit ultrices enim. Lorem ipsum dolor sit amet, consectetuer adipiscing elit.', 4, '2013-05-03'),
	('Curabitur in libero ut massa volutpat convallis.', 'World on a Wire (Welt am Draht)', 'saloshkin1y', 'In sagittis dui vel nisl. Duis ac nibh. Fusce lacus purus, aliquet at, feugiat non, pretium quis, lectus.

Suspendisse potenti. In eleifend quam a odio. In hac habitasse platea dictumst.', 5, '2014-01-01'),
	('Donec dapibus.', 'Another Harvest Moon', 'gkasman1h', 'Maecenas tristique, est et tempus semper, est quam pharetra magna, ac consequat metus sapien ut nunc. Vestibulum ante ipsum primis in faucibus orci luctus et ultrices posuere cubilia Curae; Mauris viverra diam vitae quam. Suspendisse potenti.', 2, '2015-05-01'),
	('Donec dapibus.', 'Dead Like Me: Life After Death', 'ceidlerw', 'Quisque porta volutpat erat. Quisque erat eros, viverra eget, congue eget, semper rutrum, nulla. Nunc purus.', 1, '2011-01-24'),
	('Donec dapibus.', 'Kagi (Odd Obsession)', 'wbatesonf', 'Cras non velit nec nisi vulputate nonummy. Maecenas tincidunt lacus at velit. Vivamus vel nulla eget eros elementum pellentesque.

Quisque porta volutpat erat. Quisque erat eros, viverra eget, congue eget, semper rutrum, nulla. Nunc purus.', 1, '2011-11-04'),
	('Donec dapibus.', 'Rembrandt''s J''accuse', 'nmckeighant', 'In quis justo. Maecenas rhoncus aliquam lacus. Morbi quis tortor id nulla ultrices aliquet.

Maecenas leo odio, condimentum id, luctus nec, molestie sed, justo. Pellentesque viverra pede ac diam. Cras pellentesque volutpat dui.', 4, '2019-08-20'),
	('Donec dapibus.', 'The Expanse', 'mikringill0', 'In sagittis dui vel nisl. Duis ac nibh. Fusce lacus purus, aliquet at, feugiat non, pretium quis, lectus.

Suspendisse potenti. In eleifend quam a odio. In hac habitasse platea dictumst.', 4, '2012-06-23'),
	('Donec diam neque, vestibulum eget, vulputate ut, ultrices vel, augue.', 'Dark Dungeons', 'mharrild1n', 'Duis consequat dui nec nisi volutpat eleifend. Donec ut dolor. Morbi vel lectus in quam fringilla rhoncus.

Mauris enim leo, rhoncus sed, vestibulum sit amet, cursus id, turpis. Integer aliquet, massa id lobortis convallis, tortor risus dapibus augue, vel accumsan tellus nisi eu orci. Mauris lacinia sapien quis libero.', 2, '2013-05-26'),
	('Donec diam neque, vestibulum eget, vulputate ut, ultrices vel, augue.', 'Louis C.K.: Chewed Up', 'saloshkin1y', 'Praesent id massa id nisl venenatis lacinia. Aenean sit amet justo. Morbi ut odio.', 5, '2012-07-22'),
	('Donec diam neque, vestibulum eget, vulputate ut, ultrices vel, augue.', 'Marci X', 'ljelleyv', 'Integer ac leo. Pellentesque ultrices mattis odio. Donec vitae nisi.', 4, '2014-04-20'),
	('Donec diam neque, vestibulum eget, vulputate ut, ultrices vel, augue.', 'Shot in the Heart', 'adominy1e', 'Proin leo odio, porttitor id, consequat in, consequat ut, nulla. Sed accumsan felis. Ut at dolor quis odio consequat varius.', 2, '2015-05-03'),
	('Donec diam neque, vestibulum eget, vulputate ut, ultrices vel, augue.', 'The Big Flame', 'mshearmur1v', 'Etiam vel augue. Vestibulum rutrum rutrum neque. Aenean auctor gravida sem.', 5, '2019-02-01'),
	('Donec diam neque, vestibulum eget, vulputate ut, ultrices vel, augue.', 'Tunes of Glory', 'mkneesha1w', 'Sed sagittis. Nam congue, risus semper porta volutpat, quam pede lobortis ligula, sit amet eleifend pede libero quis orci. Nullam molestie nibh in lectus.

Pellentesque at nulla. Suspendisse potenti. Cras in purus eu magna vulputate luctus.', 5, '2018-01-15'),
	('Donec diam neque, vestibulum eget, vulputate ut, ultrices vel, augue.', 'Urusei Yatsura Movie 2: Beautiful Dreamer (Urusei Yatsura 2: Byûtifuru dorîmâ)', 'jmawd9', 'Etiam vel augue. Vestibulum rutrum rutrum neque. Aenean auctor gravida sem.', 3, '2016-05-09'),
	('Donec odio justo, sollicitudin ut, suscipit a, feugiat et, eros.', 'Braddock: Missing in Action III', 'vjaumety', 'In hac habitasse platea dictumst. Morbi vestibulum, velit id pretium iaculis, diam erat fermentum justo, nec condimentum neque sapien placerat ante. Nulla justo.

Aliquam quis turpis eget elit sodales scelerisque. Mauris sit amet eros. Suspendisse accumsan tortor quis turpis.', 1, '2016-03-17'),
	('Donec odio justo, sollicitudin ut, suscipit a, feugiat et, eros.', 'Machete Maidens Unleashed!', 'apopplestone29', 'Duis consequat dui nec nisi volutpat eleifend. Donec ut dolor. Morbi vel lectus in quam fringilla rhoncus.', 2, '2017-07-03'),
	('Donec odio justo, sollicitudin ut, suscipit a, feugiat et, eros.', 'Skin Game, The', 'mboulden4', 'Duis bibendum. Morbi non quam nec dui luctus rutrum. Nulla tellus.', 2, '2018-11-01'),
	('Donec posuere metus vitae ipsum.', '2:13', 'stavernorp', 'In hac habitasse platea dictumst. Etiam faucibus cursus urna. Ut tellus.', 3, '2013-09-28'),
	('Donec posuere metus vitae ipsum.', 'Black Mirror', 'tshallo2p', 'In quis justo. Maecenas rhoncus aliquam lacus. Morbi quis tortor id nulla ultrices aliquet.

Maecenas leo odio, condimentum id, luctus nec, molestie sed, justo. Pellentesque viverra pede ac diam. Cras pellentesque volutpat dui.', 4, '2019-04-01'),
	('Donec posuere metus vitae ipsum.', 'Firewalker', 'pbrownsword1c', 'Donec diam neque, vestibulum eget, vulputate ut, ultrices vel, augue. Vestibulum ante ipsum primis in faucibus orci luctus et ultrices posuere cubilia Curae; Donec pharetra, magna vestibulum aliquet ultrices, erat tortor sollicitudin mi, sit amet lobortis sapien sapien non mi. Integer ac neque.

Duis bibendum. Morbi non quam nec dui luctus rutrum. Nulla tellus.', 5, '2019-06-24'),
	('Donec posuere metus vitae ipsum.', 'Gendernauts', 'hchastanet1i', 'Aenean fermentum. Donec ut mauris eget massa tempor convallis. Nulla neque libero, convallis eget, eleifend luctus, ultricies eu, nibh.', 3, '2012-08-28'),
	('Donec posuere metus vitae ipsum.', 'Key, The', 'mwinsor10', 'Curabitur at ipsum ac tellus semper interdum. Mauris ullamcorper purus sit amet nulla. Quisque arcu libero, rutrum ac, lobortis vel, dapibus at, diam.', 3, '2017-04-07'),
	('Donec posuere metus vitae ipsum.', 'Land That Time Forgot, The', 'lbrownstein7', 'Praesent id massa id nisl venenatis lacinia. Aenean sit amet justo. Morbi ut odio.', 2, '2011-07-01'),
	('Donec posuere metus vitae ipsum.', 'London River', 'ajillardh', 'Maecenas tristique, est et tempus semper, est quam pharetra magna, ac consequat metus sapien ut nunc. Vestibulum ante ipsum primis in faucibus orci luctus et ultrices posuere cubilia Curae; Mauris viverra diam vitae quam. Suspendisse potenti.', 1, '2011-02-06'),
	('Donec posuere metus vitae ipsum.', 'New Year''s Eve', 'mloveitt2f', 'Quisque id justo sit amet sapien dignissim vestibulum. Vestibulum ante ipsum primis in faucibus orci luctus et ultrices posuere cubilia Curae; Nulla dapibus dolor vel est. Donec odio justo, sollicitudin ut, suscipit a, feugiat et, eros.

Vestibulum ac est lacinia nisi venenatis tristique. Fusce congue, diam id ornare imperdiet, sapien urna pretium nisl, ut volutpat sapien arcu sed augue. Aliquam erat volutpat.', 1, '2011-09-04'),
	('Donec posuere metus vitae ipsum.', 'Our Vines Have Tender Grapes', 'lcarss1t', 'Nulla ut erat id mauris vulputate elementum. Nullam varius. Nulla facilisi.

Cras non velit nec nisi vulputate nonummy. Maecenas tincidunt lacus at velit. Vivamus vel nulla eget eros elementum pellentesque.', 2, '2012-02-03'),
	('Donec posuere metus vitae ipsum.', 'Red Garters', 'lshirlaw2n', 'Duis consequat dui nec nisi volutpat eleifend. Donec ut dolor. Morbi vel lectus in quam fringilla rhoncus.

Mauris enim leo, rhoncus sed, vestibulum sit amet, cursus id, turpis. Integer aliquet, massa id lobortis convallis, tortor risus dapibus augue, vel accumsan tellus nisi eu orci. Mauris lacinia sapien quis libero.', 5, '2011-06-13'),
	('Donec posuere metus vitae ipsum.', 'Still Breathing', 'ckalderong', 'Sed ante. Vivamus tortor. Duis mattis egestas metus.', 4, '2018-03-24'),
	('Donec quis orci eget orci vehicula condimentum.', 'Beauty Is Embarrassing', 'ejohanchonb', 'Curabitur at ipsum ac tellus semper interdum. Mauris ullamcorper purus sit amet nulla. Quisque arcu libero, rutrum ac, lobortis vel, dapibus at, diam.', 5, '2011-08-02'),
	('Donec quis orci eget orci vehicula condimentum.', 'Mystery (Fu cheng mi shi)', 'jmossop21', 'Pellentesque at nulla. Suspendisse potenti. Cras in purus eu magna vulputate luctus.

Cum sociis natoque penatibus et magnis dis parturient montes, nascetur ridiculus mus. Vivamus vestibulum sagittis sapien. Cum sociis natoque penatibus et magnis dis parturient montes, nascetur ridiculus mus.', 1, '2011-10-16'),
	('Donec quis orci eget orci vehicula condimentum.', 'Shaft', 'hchastanet1i', 'Maecenas ut massa quis augue luctus tincidunt. Nulla mollis molestie lorem. Quisque ut erat.', 3, '2011-09-24'),
	('Donec quis orci eget orci vehicula condimentum.', 'Tai Chi Hero', 'stavernorp', 'Morbi non lectus. Aliquam sit amet diam in magna bibendum imperdiet. Nullam orci pede, venenatis non, sodales sed, tincidunt eu, felis.', 2, '2017-08-28'),
	('Donec semper sapien a libero.', 'Dream Demon', 'ajillardh', 'Sed ante. Vivamus tortor. Duis mattis egestas metus.

Aenean fermentum. Donec ut mauris eget massa tempor convallis. Nulla neque libero, convallis eget, eleifend luctus, ultricies eu, nibh.', 3, '2019-11-02'),
	('Donec semper sapien a libero.', 'Louis C.K.: Chewed Up', 'nklageman15', 'Phasellus in felis. Donec semper sapien a libero. Nam dui.

Proin leo odio, porttitor id, consequat in, consequat ut, nulla. Sed accumsan felis. Ut at dolor quis odio consequat varius.', 4, '2014-08-19'),
	('Donec semper sapien a libero.', 'Son of Lassie', 'fchellenham16', 'Integer tincidunt ante vel ipsum. Praesent blandit lacinia erat. Vestibulum sed magna at nunc commodo placerat.

Praesent blandit. Nam nulla. Integer pede justo, lacinia eget, tincidunt eget, tempus vel, pede.', 5, '2011-09-15'),
	('Donec semper sapien a libero.', 'Stranger by the Lake (L''inconnu du lac)', 'dfoulks2c', 'Maecenas leo odio, condimentum id, luctus nec, molestie sed, justo. Pellentesque viverra pede ac diam. Cras pellentesque volutpat dui.', 5, '2011-02-11'),
	('Donec semper sapien a libero.', 'The Devil Thumbs a Ride', 'jmawd9', 'Vestibulum ac est lacinia nisi venenatis tristique. Fusce congue, diam id ornare imperdiet, sapien urna pretium nisl, ut volutpat sapien arcu sed augue. Aliquam erat volutpat.', 2, '2011-07-06'),
	('Donec ut dolor.', 'Four Ways Out', 'ddirkin2a', 'Morbi non lectus. Aliquam sit amet diam in magna bibendum imperdiet. Nullam orci pede, venenatis non, sodales sed, tincidunt eu, felis.', 5, '2011-09-05'),
	('Donec ut dolor.', 'Grimm Love (Rohtenburg)', 'ksteers1z', 'Mauris enim leo, rhoncus sed, vestibulum sit amet, cursus id, turpis. Integer aliquet, massa id lobortis convallis, tortor risus dapibus augue, vel accumsan tellus nisi eu orci. Mauris lacinia sapien quis libero.

Nullam sit amet turpis elementum ligula vehicula consequat. Morbi a ipsum. Integer a nibh.', 4, '2013-07-01'),
	('Donec ut dolor.', 'Tai Chi Hero', 'pleivesley2h', 'Morbi non lectus. Aliquam sit amet diam in magna bibendum imperdiet. Nullam orci pede, venenatis non, sodales sed, tincidunt eu, felis.

Fusce posuere felis sed lacus. Morbi sem mauris, laoreet ut, rhoncus aliquet, pulvinar sed, nisl. Nunc rhoncus dui vel sem.', 2, '2019-11-02'),
	('Donec ut dolor.', 'Zeisters (Fat Guy Goes Nutzoid)', 'cjobes1r', 'Proin interdum mauris non ligula pellentesque ultrices. Phasellus id sapien in sapien iaculis congue. Vivamus metus arcu, adipiscing molestie, hendrerit at, vulputate vitae, nisl.', 4, '2015-12-11'),
	('Donec ut mauris eget massa tempor convallis.', 'Brimstone and Treacle', 'saloshkin1y', 'Fusce consequat. Nulla nisl. Nunc nisl.', 4, '2017-10-05'),
	('Donec ut mauris eget massa tempor convallis.', 'Desi Boyz', 'ksteers1z', 'Curabitur at ipsum ac tellus semper interdum. Mauris ullamcorper purus sit amet nulla. Quisque arcu libero, rutrum ac, lobortis vel, dapibus at, diam.', 4, '2019-02-10'),
	('Donec ut mauris eget massa tempor convallis.', 'Gothika', 'abartomeux', 'Mauris enim leo, rhoncus sed, vestibulum sit amet, cursus id, turpis. Integer aliquet, massa id lobortis convallis, tortor risus dapibus augue, vel accumsan tellus nisi eu orci. Mauris lacinia sapien quis libero.

Nullam sit amet turpis elementum ligula vehicula consequat. Morbi a ipsum. Integer a nibh.', 2, '2017-06-12'),
	('Donec ut mauris eget massa tempor convallis.', 'Laffghanistan: Comedy Down Range', 'dwhiteway2', 'Cras non velit nec nisi vulputate nonummy. Maecenas tincidunt lacus at velit. Vivamus vel nulla eget eros elementum pellentesque.

Quisque porta volutpat erat. Quisque erat eros, viverra eget, congue eget, semper rutrum, nulla. Nunc purus.', 4, '2013-04-29'),
	('Donec ut mauris eget massa tempor convallis.', 'Urusei Yatsura Movie 2: Beautiful Dreamer (Urusei Yatsura 2: Byûtifuru dorîmâ)', 'dfoulks2c', 'Phasellus sit amet erat. Nulla tempus. Vivamus in felis eu sapien cursus vestibulum.

Proin eu mi. Nulla ac enim. In tempor, turpis nec euismod scelerisque, quam turpis adipiscing lorem, vitae mattis nibh ligula nec sem.', 1, '2016-10-06'),
	('Donec vitae nisi.', 'Another Harvest Moon', 'mshearmur1v', 'Aliquam quis turpis eget elit sodales scelerisque. Mauris sit amet eros. Suspendisse accumsan tortor quis turpis.

Sed ante. Vivamus tortor. Duis mattis egestas metus.', 1, '2014-09-18'),
	('Donec vitae nisi.', 'Four Ways Out', 'lhaistwelln', 'Maecenas tristique, est et tempus semper, est quam pharetra magna, ac consequat metus sapien ut nunc. Vestibulum ante ipsum primis in faucibus orci luctus et ultrices posuere cubilia Curae; Mauris viverra diam vitae quam. Suspendisse potenti.

Nullam porttitor lacus at turpis. Donec posuere metus vitae ipsum. Aliquam non mauris.', 1, '2019-04-07'),
	('Donec vitae nisi.', 'Kid, The', 'dwylieq', 'Proin eu mi. Nulla ac enim. In tempor, turpis nec euismod scelerisque, quam turpis adipiscing lorem, vitae mattis nibh ligula nec sem.

Duis aliquam convallis nunc. Proin at turpis a pede posuere nonummy. Integer non velit.', 3, '2017-04-28'),
	('Donec vitae nisi.', 'Possession, The', 'blanegran1j', 'Phasellus in felis. Donec semper sapien a libero. Nam dui.

Proin leo odio, porttitor id, consequat in, consequat ut, nulla. Sed accumsan felis. Ut at dolor quis odio consequat varius.', 4, '2018-06-05'),
	('Donec vitae nisi.', 'Seaside (Bord de Mer)', 'jmawd9', 'Cum sociis natoque penatibus et magnis dis parturient montes, nascetur ridiculus mus. Vivamus vestibulum sagittis sapien. Cum sociis natoque penatibus et magnis dis parturient montes, nascetur ridiculus mus.', 2, '2015-07-18'),
	('Donec vitae nisi.', 'World on a Wire (Welt am Draht)', 'afallows14', 'Praesent id massa id nisl venenatis lacinia. Aenean sit amet justo. Morbi ut odio.', 1, '2015-04-26'),
	('Duis ac nibh.', '2:13', 'mshearmur1v', 'Fusce posuere felis sed lacus. Morbi sem mauris, laoreet ut, rhoncus aliquet, pulvinar sed, nisl. Nunc rhoncus dui vel sem.', 4, '2012-07-28'),
	('Duis ac nibh.', 'Chaos', 'pbrownsword1c', 'Maecenas leo odio, condimentum id, luctus nec, molestie sed, justo. Pellentesque viverra pede ac diam. Cras pellentesque volutpat dui.', 2, '2011-09-25'),
	('Duis ac nibh.', 'Farmer''s Wife, The', 'pbrownsword1c', 'Vestibulum ac est lacinia nisi venenatis tristique. Fusce congue, diam id ornare imperdiet, sapien urna pretium nisl, ut volutpat sapien arcu sed augue. Aliquam erat volutpat.

In congue. Etiam justo. Etiam pretium iaculis justo.', 4, '2017-08-03'),
	('Duis ac nibh.', 'Five Graves to Cairo', 'mpollastrinoi', 'In congue. Etiam justo. Etiam pretium iaculis justo.

In hac habitasse platea dictumst. Etiam faucibus cursus urna. Ut tellus.', 5, '2012-03-27'),
	('Duis ac nibh.', 'High Tension (Haute tension) (Switchblade Romance)', 'cchampkins2l', 'Proin leo odio, porttitor id, consequat in, consequat ut, nulla. Sed accumsan felis. Ut at dolor quis odio consequat varius.', 1, '2011-09-13'),
	('Duis ac nibh.', 'Love In the Time of Money', 'mkalderonz', 'Aenean lectus. Pellentesque eget nunc. Donec quis orci eget orci vehicula condimentum.

Curabitur in libero ut massa volutpat convallis. Morbi odio odio, elementum eu, interdum eu, tincidunt in, leo. Maecenas pulvinar lobortis est.', 2, '2017-11-08'),
	('Duis ac nibh.', 'Paraíso Travel', 'sgoolding2b', 'Fusce consequat. Nulla nisl. Nunc nisl.', 4, '2019-06-29'),
	('Duis ac nibh.', 'Self-Made Hero, A (Un héros très discret)', 'alambin1m', 'In sagittis dui vel nisl. Duis ac nibh. Fusce lacus purus, aliquet at, feugiat non, pretium quis, lectus.', 4, '2016-05-30'),
	('Duis ac nibh.', 'Skin Game, The', 'apopplestone29', 'Duis bibendum. Morbi non quam nec dui luctus rutrum. Nulla tellus.', 5, '2017-02-24'),
	('Duis ac nibh.', 'The Uninvited Guest', 'gkasman1h', 'Aenean fermentum. Donec ut mauris eget massa tempor convallis. Nulla neque libero, convallis eget, eleifend luctus, ultricies eu, nibh.

Quisque id justo sit amet sapien dignissim vestibulum. Vestibulum ante ipsum primis in faucibus orci luctus et ultrices posuere cubilia Curae; Nulla dapibus dolor vel est. Donec odio justo, sollicitudin ut, suscipit a, feugiat et, eros.', 3, '2015-07-18'),
	('Duis aliquam convallis nunc.', 'Chaos', 'mpollastrinoi', 'Etiam vel augue. Vestibulum rutrum rutrum neque. Aenean auctor gravida sem.

Praesent id massa id nisl venenatis lacinia. Aenean sit amet justo. Morbi ut odio.', 2, '2011-07-18'),
	('Duis aliquam convallis nunc.', 'Gothika', 'ljelleyv', 'In hac habitasse platea dictumst. Etiam faucibus cursus urna. Ut tellus.', 5, '2015-12-11'),
	('Duis aliquam convallis nunc.', 'Mental', 'adominy1e', 'Cum sociis natoque penatibus et magnis dis parturient montes, nascetur ridiculus mus. Vivamus vestibulum sagittis sapien. Cum sociis natoque penatibus et magnis dis parturient montes, nascetur ridiculus mus.', 2, '2018-10-05'),
	('Duis aliquam convallis nunc.', 'Sparkle', 'tcoultish2q', 'Duis bibendum, felis sed interdum venenatis, turpis enim blandit mi, in porttitor pede justo eu massa. Donec dapibus. Duis at velit eu est congue elementum.

In hac habitasse platea dictumst. Morbi vestibulum, velit id pretium iaculis, diam erat fermentum justo, nec condimentum neque sapien placerat ante. Nulla justo.', 2, '2016-11-18'),
	('Duis aliquam convallis nunc.', 'The Expanse', 'mloveitt2f', 'Duis bibendum, felis sed interdum venenatis, turpis enim blandit mi, in porttitor pede justo eu massa. Donec dapibus. Duis at velit eu est congue elementum.', 5, '2011-05-08'),
	('Duis at velit eu est congue elementum.', 'Awful Truth, The', 'mranklin8', 'Pellentesque at nulla. Suspendisse potenti. Cras in purus eu magna vulputate luctus.

Cum sociis natoque penatibus et magnis dis parturient montes, nascetur ridiculus mus. Vivamus vestibulum sagittis sapien. Cum sociis natoque penatibus et magnis dis parturient montes, nascetur ridiculus mus.', 3, '2014-03-19'),
	('Duis at velit eu est congue elementum.', 'Brand Upon the Brain!', 'mloveitt2f', 'Curabitur in libero ut massa volutpat convallis. Morbi odio odio, elementum eu, interdum eu, tincidunt in, leo. Maecenas pulvinar lobortis est.

Phasellus sit amet erat. Nulla tempus. Vivamus in felis eu sapien cursus vestibulum.', 5, '2017-03-15'),
	('Duis at velit eu est congue elementum.', 'Floods of Fear', 'nmckeighant', 'Nullam porttitor lacus at turpis. Donec posuere metus vitae ipsum. Aliquam non mauris.

Morbi non lectus. Aliquam sit amet diam in magna bibendum imperdiet. Nullam orci pede, venenatis non, sodales sed, tincidunt eu, felis.', 4, '2011-07-11'),
	('Duis at velit eu est congue elementum.', 'Mean Girls 2', 'fsaffilll', 'In hac habitasse platea dictumst. Etiam faucibus cursus urna. Ut tellus.

Nulla ut erat id mauris vulputate elementum. Nullam varius. Nulla facilisi.', 1, '2012-08-18'),
	('Duis at velit eu est congue elementum.', 'Pearls of the Crown, The (Les perles de la couronne)', 'pbrownsword1c', 'Vestibulum ac est lacinia nisi venenatis tristique. Fusce congue, diam id ornare imperdiet, sapien urna pretium nisl, ut volutpat sapien arcu sed augue. Aliquam erat volutpat.

In congue. Etiam justo. Etiam pretium iaculis justo.', 5, '2014-05-29'),
	('Duis at velit eu est congue elementum.', 'Real McCoy, The', 'mwinsor10', 'Maecenas ut massa quis augue luctus tincidunt. Nulla mollis molestie lorem. Quisque ut erat.

Curabitur gravida nisi at nibh. In hac habitasse platea dictumst. Aliquam augue quam, sollicitudin vitae, consectetuer eget, rutrum at, lorem.', 2, '2011-09-25'),
	('Duis at velit eu est congue elementum.', 'Sinbad: Legend of the Seven Seas', 'oroderigo2e', 'In congue. Etiam justo. Etiam pretium iaculis justo.

In hac habitasse platea dictumst. Etiam faucibus cursus urna. Ut tellus.', 3, '2014-08-11'),
	('Duis at velit eu est congue elementum.', 'The Expanse', 'ejohanchonb', 'Cras non velit nec nisi vulputate nonummy. Maecenas tincidunt lacus at velit. Vivamus vel nulla eget eros elementum pellentesque.', 3, '2016-08-16'),
	('Duis at velit eu est congue elementum.', 'The Expanse', 'mharrild1n', 'Maecenas tristique, est et tempus semper, est quam pharetra magna, ac consequat metus sapien ut nunc. Vestibulum ante ipsum primis in faucibus orci luctus et ultrices posuere cubilia Curae; Mauris viverra diam vitae quam. Suspendisse potenti.

Nullam porttitor lacus at turpis. Donec posuere metus vitae ipsum. Aliquam non mauris.', 5, '2012-05-13'),
	('Duis bibendum, felis sed interdum venenatis, turpis enim blandit mi, in porttitor pede justo eu massa.', 'Big Deal on Madonna Street (I Soliti Ignoti)', 'mloveitt2f', 'Cum sociis natoque penatibus et magnis dis parturient montes, nascetur ridiculus mus. Vivamus vestibulum sagittis sapien. Cum sociis natoque penatibus et magnis dis parturient montes, nascetur ridiculus mus.

Etiam vel augue. Vestibulum rutrum rutrum neque. Aenean auctor gravida sem.', 3, '2012-12-05'),
	('Duis bibendum, felis sed interdum venenatis, turpis enim blandit mi, in porttitor pede justo eu massa.', 'Born American', 'wayliffe24', 'In hac habitasse platea dictumst. Morbi vestibulum, velit id pretium iaculis, diam erat fermentum justo, nec condimentum neque sapien placerat ante. Nulla justo.', 3, '2013-02-27'),
	('Duis bibendum, felis sed interdum venenatis, turpis enim blandit mi, in porttitor pede justo eu massa.', 'Brother Orchid', 'dkunes23', 'Duis aliquam convallis nunc. Proin at turpis a pede posuere nonummy. Integer non velit.', 5, '2019-09-15'),
	('Duis bibendum, felis sed interdum venenatis, turpis enim blandit mi, in porttitor pede justo eu massa.', 'Inconvenient Tax, An', 'lbrownstein7', 'Cras non velit nec nisi vulputate nonummy. Maecenas tincidunt lacus at velit. Vivamus vel nulla eget eros elementum pellentesque.', 4, '2013-02-02'),
	('Duis bibendum, felis sed interdum venenatis, turpis enim blandit mi, in porttitor pede justo eu massa.', 'MVP: Most Valuable Primate', 'fchellenham16', 'Proin eu mi. Nulla ac enim. In tempor, turpis nec euismod scelerisque, quam turpis adipiscing lorem, vitae mattis nibh ligula nec sem.

Duis aliquam convallis nunc. Proin at turpis a pede posuere nonummy. Integer non velit.', 3, '2019-03-29'),
	('Duis bibendum, felis sed interdum venenatis, turpis enim blandit mi, in porttitor pede justo eu massa.', 'Panic', 'pbrownsword1c', 'Morbi non lectus. Aliquam sit amet diam in magna bibendum imperdiet. Nullam orci pede, venenatis non, sodales sed, tincidunt eu, felis.

Fusce posuere felis sed lacus. Morbi sem mauris, laoreet ut, rhoncus aliquet, pulvinar sed, nisl. Nunc rhoncus dui vel sem.', 1, '2015-03-10'),
	('Duis bibendum, felis sed interdum venenatis, turpis enim blandit mi, in porttitor pede justo eu massa.', 'Shaft', 'pleivesley2h', 'Maecenas leo odio, condimentum id, luctus nec, molestie sed, justo. Pellentesque viverra pede ac diam. Cras pellentesque volutpat dui.

Maecenas tristique, est et tempus semper, est quam pharetra magna, ac consequat metus sapien ut nunc. Vestibulum ante ipsum primis in faucibus orci luctus et ultrices posuere cubilia Curae; Mauris viverra diam vitae quam. Suspendisse potenti.', 4, '2014-08-18'),
	('Duis bibendum, felis sed interdum venenatis, turpis enim blandit mi, in porttitor pede justo eu massa.', 'Tactical Force', 'pleivesley2h', 'Proin eu mi. Nulla ac enim. In tempor, turpis nec euismod scelerisque, quam turpis adipiscing lorem, vitae mattis nibh ligula nec sem.

Duis aliquam convallis nunc. Proin at turpis a pede posuere nonummy. Integer non velit.', 3, '2019-01-22'),
	('Duis bibendum.', '2:13', 'ljelleyv', 'Cum sociis natoque penatibus et magnis dis parturient montes, nascetur ridiculus mus. Vivamus vestibulum sagittis sapien. Cum sociis natoque penatibus et magnis dis parturient montes, nascetur ridiculus mus.', 2, '2013-09-24'),
	('Duis bibendum.', 'Colt 38 Special Squad', 'nmckeighant', 'Lorem ipsum dolor sit amet, consectetuer adipiscing elit. Proin risus. Praesent lectus.', 5, '2015-10-25'),
	('Duis bibendum.', 'Gendernauts', 'dfoulks2c', 'Etiam vel augue. Vestibulum rutrum rutrum neque. Aenean auctor gravida sem.', 4, '2014-12-19'),
	('Duis bibendum.', 'Inconvenient Tax, An', 'ldovidaitis1o', 'Duis bibendum. Morbi non quam nec dui luctus rutrum. Nulla tellus.', 3, '2012-01-26'),
	('Duis bibendum.', 'Mental', 'stavernorp', 'Etiam vel augue. Vestibulum rutrum rutrum neque. Aenean auctor gravida sem.', 5, '2018-03-23'),
	('Duis bibendum.', 'Naked Jungle, The', 'budell19', 'Proin leo odio, porttitor id, consequat in, consequat ut, nulla. Sed accumsan felis. Ut at dolor quis odio consequat varius.

Integer ac leo. Pellentesque ultrices mattis odio. Donec vitae nisi.', 4, '2013-08-05'),
	('Duis consequat dui nec nisi volutpat eleifend.', '13th Warrior, The', 'gkasman1h', 'Duis bibendum, felis sed interdum venenatis, turpis enim blandit mi, in porttitor pede justo eu massa. Donec dapibus. Duis at velit eu est congue elementum.

In hac habitasse platea dictumst. Morbi vestibulum, velit id pretium iaculis, diam erat fermentum justo, nec condimentum neque sapien placerat ante. Nulla justo.', 1, '2016-05-26'),
	('Duis consequat dui nec nisi volutpat eleifend.', 'Crips and Bloods: Made in America', 'wpuckett1a', 'Suspendisse potenti. In eleifend quam a odio. In hac habitasse platea dictumst.', 1, '2014-02-24'),
	('Duis consequat dui nec nisi volutpat eleifend.', 'Five Star Final', 'ceidlerw', 'Duis aliquam convallis nunc. Proin at turpis a pede posuere nonummy. Integer non velit.

Donec diam neque, vestibulum eget, vulputate ut, ultrices vel, augue. Vestibulum ante ipsum primis in faucibus orci luctus et ultrices posuere cubilia Curae; Donec pharetra, magna vestibulum aliquet ultrices, erat tortor sollicitudin mi, sit amet lobortis sapien sapien non mi. Integer ac neque.', 1, '2019-01-31'),
	('Duis consequat dui nec nisi volutpat eleifend.', 'Gothika', 'jaspinall1p', 'Fusce posuere felis sed lacus. Morbi sem mauris, laoreet ut, rhoncus aliquet, pulvinar sed, nisl. Nunc rhoncus dui vel sem.

Sed sagittis. Nam congue, risus semper porta volutpat, quam pede lobortis ligula, sit amet eleifend pede libero quis orci. Nullam molestie nibh in lectus.', 3, '2013-08-13'),
	('Duis consequat dui nec nisi volutpat eleifend.', 'Jetsons: The Movie', 'oshreenan25', 'Suspendisse potenti. In eleifend quam a odio. In hac habitasse platea dictumst.

Maecenas ut massa quis augue luctus tincidunt. Nulla mollis molestie lorem. Quisque ut erat.', 3, '2016-07-07'),
	('Duis consequat dui nec nisi volutpat eleifend.', 'Once Upon a Time in Anatolia (Bir zamanlar Anadolu''da)', 'hmilliken20', 'Duis bibendum. Morbi non quam nec dui luctus rutrum. Nulla tellus.', 2, '2013-07-12'),
	('Duis consequat dui nec nisi volutpat eleifend.', 'Power of One, The', 'cjobes1r', 'Nulla ut erat id mauris vulputate elementum. Nullam varius. Nulla facilisi.', 5, '2013-11-10'),
	('Duis consequat dui nec nisi volutpat eleifend.', 'Self-Made Hero, A (Un héros très discret)', 'fsaffilll', 'Fusce consequat. Nulla nisl. Nunc nisl.', 4, '2013-04-27'),
	('Duis consequat dui nec nisi volutpat eleifend.', 'Simpatico', 'mverlanderc', 'Integer tincidunt ante vel ipsum. Praesent blandit lacinia erat. Vestibulum sed magna at nunc commodo placerat.

Praesent blandit. Nam nulla. Integer pede justo, lacinia eget, tincidunt eget, tempus vel, pede.', 3, '2012-10-01'),
	('Duis consequat dui nec nisi volutpat eleifend.', 'Until Death', 'oquarless1f', 'Maecenas leo odio, condimentum id, luctus nec, molestie sed, justo. Pellentesque viverra pede ac diam. Cras pellentesque volutpat dui.', 5, '2013-05-11'),
	('Duis mattis egestas metus.', 'Are All Men Pedophiles', 'hchastanet1i', 'Lorem ipsum dolor sit amet, consectetuer adipiscing elit. Proin risus. Praesent lectus.

Vestibulum quam sapien, varius ut, blandit non, interdum in, ante. Vestibulum ante ipsum primis in faucibus orci luctus et ultrices posuere cubilia Curae; Duis faucibus accumsan odio. Curabitur convallis.', 1, '2014-07-13'),
	('Duis mattis egestas metus.', 'Breach', 'dfoulks2c', 'Nulla ut erat id mauris vulputate elementum. Nullam varius. Nulla facilisi.

Cras non velit nec nisi vulputate nonummy. Maecenas tincidunt lacus at velit. Vivamus vel nulla eget eros elementum pellentesque.', 5, '2019-08-21'),
	('Duis mattis egestas metus.', 'Crips and Bloods: Made in America', 'wbatesonf', 'Phasellus in felis. Donec semper sapien a libero. Nam dui.

Proin leo odio, porttitor id, consequat in, consequat ut, nulla. Sed accumsan felis. Ut at dolor quis odio consequat varius.', 1, '2017-02-07'),
	('Duis mattis egestas metus.', 'Enemy Below, The', 'budell19', 'Vestibulum quam sapien, varius ut, blandit non, interdum in, ante. Vestibulum ante ipsum primis in faucibus orci luctus et ultrices posuere cubilia Curae; Duis faucibus accumsan odio. Curabitur convallis.

Duis consequat dui nec nisi volutpat eleifend. Donec ut dolor. Morbi vel lectus in quam fringilla rhoncus.', 3, '2013-02-18'),
	('Duis mattis egestas metus.', 'Friends with Benefits', 'zcorradeschi11', 'Quisque porta volutpat erat. Quisque erat eros, viverra eget, congue eget, semper rutrum, nulla. Nunc purus.

Phasellus in felis. Donec semper sapien a libero. Nam dui.', 5, '2017-07-09'),
	('Duis mattis egestas metus.', 'Jive Turkey', 'dwhiteway2', 'Cum sociis natoque penatibus et magnis dis parturient montes, nascetur ridiculus mus. Vivamus vestibulum sagittis sapien. Cum sociis natoque penatibus et magnis dis parturient montes, nascetur ridiculus mus.', 5, '2015-03-29'),
	('Duis mattis egestas metus.', 'Meet the Deedles', 'rheady5', 'Maecenas ut massa quis augue luctus tincidunt. Nulla mollis molestie lorem. Quisque ut erat.', 1, '2010-12-14'),
	('Duis mattis egestas metus.', 'Once Upon a Time in Anatolia (Bir zamanlar Anadolu''da)', 'dkunes23', 'Maecenas tristique, est et tempus semper, est quam pharetra magna, ac consequat metus sapien ut nunc. Vestibulum ante ipsum primis in faucibus orci luctus et ultrices posuere cubilia Curae; Mauris viverra diam vitae quam. Suspendisse potenti.', 4, '2012-11-06'),
	('Duis mattis egestas metus.', 'Simpatico', 'lhaistwelln', 'Curabitur gravida nisi at nibh. In hac habitasse platea dictumst. Aliquam augue quam, sollicitudin vitae, consectetuer eget, rutrum at, lorem.', 1, '2015-01-16'),
	('Duis mattis egestas metus.', 'Super Capers', 'fchellenham16', 'In quis justo. Maecenas rhoncus aliquam lacus. Morbi quis tortor id nulla ultrices aliquet.', 1, '2012-06-09'),
	('Etiam faucibus cursus urna.', 'Assault, The (Aanslag, De)', 'tcleverly1g', 'Duis consequat dui nec nisi volutpat eleifend. Donec ut dolor. Morbi vel lectus in quam fringilla rhoncus.

Mauris enim leo, rhoncus sed, vestibulum sit amet, cursus id, turpis. Integer aliquet, massa id lobortis convallis, tortor risus dapibus augue, vel accumsan tellus nisi eu orci. Mauris lacinia sapien quis libero.', 5, '2014-03-31'),
	('Etiam faucibus cursus urna.', 'Each Dawn I Die', 'fchellenham16', 'Sed sagittis. Nam congue, risus semper porta volutpat, quam pede lobortis ligula, sit amet eleifend pede libero quis orci. Nullam molestie nibh in lectus.', 4, '2011-02-09'),
	('Etiam faucibus cursus urna.', 'High Tension (Haute tension) (Switchblade Romance)', 'saloshkin1y', 'Morbi non lectus. Aliquam sit amet diam in magna bibendum imperdiet. Nullam orci pede, venenatis non, sodales sed, tincidunt eu, felis.

Fusce posuere felis sed lacus. Morbi sem mauris, laoreet ut, rhoncus aliquet, pulvinar sed, nisl. Nunc rhoncus dui vel sem.', 3, '2013-07-04'),
	('Etiam faucibus cursus urna.', 'MVP: Most Valuable Primate', 'mdanielkiewicz22', 'Duis aliquam convallis nunc. Proin at turpis a pede posuere nonummy. Integer non velit.

Donec diam neque, vestibulum eget, vulputate ut, ultrices vel, augue. Vestibulum ante ipsum primis in faucibus orci luctus et ultrices posuere cubilia Curae; Donec pharetra, magna vestibulum aliquet ultrices, erat tortor sollicitudin mi, sit amet lobortis sapien sapien non mi. Integer ac neque.', 4, '2011-07-14'),
	('Etiam faucibus cursus urna.', 'Taqwacore: The Birth of Punk Islam', 'jfakeleyu', 'Integer ac leo. Pellentesque ultrices mattis odio. Donec vitae nisi.

Nam ultrices, libero non mattis pulvinar, nulla pede ullamcorper augue, a suscipit nulla elit ac nulla. Sed vel enim sit amet nunc viverra dapibus. Nulla suscipit ligula in lacus.', 3, '2019-09-25'),
	('Etiam justo.', 'Born Romantic', 'idenes13', 'Fusce posuere felis sed lacus. Morbi sem mauris, laoreet ut, rhoncus aliquet, pulvinar sed, nisl. Nunc rhoncus dui vel sem.

Sed sagittis. Nam congue, risus semper porta volutpat, quam pede lobortis ligula, sit amet eleifend pede libero quis orci. Nullam molestie nibh in lectus.', 3, '2013-08-19'),
	('Etiam justo.', 'Citizen Dog (Mah nakorn)', 'jmawd9', 'Donec diam neque, vestibulum eget, vulputate ut, ultrices vel, augue. Vestibulum ante ipsum primis in faucibus orci luctus et ultrices posuere cubilia Curae; Donec pharetra, magna vestibulum aliquet ultrices, erat tortor sollicitudin mi, sit amet lobortis sapien sapien non mi. Integer ac neque.

Duis bibendum. Morbi non quam nec dui luctus rutrum. Nulla tellus.', 4, '2014-05-13'),
	('Etiam justo.', 'Dreamers, The', 'rlinnit2g', 'Curabitur gravida nisi at nibh. In hac habitasse platea dictumst. Aliquam augue quam, sollicitudin vitae, consectetuer eget, rutrum at, lorem.', 2, '2015-11-24'),
	('Etiam justo.', 'Floods of Fear', 'msullens1b', 'Aenean lectus. Pellentesque eget nunc. Donec quis orci eget orci vehicula condimentum.

Curabitur in libero ut massa volutpat convallis. Morbi odio odio, elementum eu, interdum eu, tincidunt in, leo. Maecenas pulvinar lobortis est.', 2, '2014-01-29'),
	('Etiam justo.', 'Inconvenient Tax, An', 'dwhiteway2', 'Maecenas leo odio, condimentum id, luctus nec, molestie sed, justo. Pellentesque viverra pede ac diam. Cras pellentesque volutpat dui.', 3, '2015-06-15'),
	('Etiam justo.', 'Rembrandt''s J''accuse', 'tgerritzen1q', 'Duis aliquam convallis nunc. Proin at turpis a pede posuere nonummy. Integer non velit.', 4, '2011-04-22'),
	('Etiam justo.', 'Zero de conduite (Zero for Conduct) (Zéro de conduite: Jeunes diables au collège)', 'jhentzer28', 'In quis justo. Maecenas rhoncus aliquam lacus. Morbi quis tortor id nulla ultrices aliquet.', 2, '2011-03-15'),
	('Etiam pretium iaculis justo.', 'Desert Rats, The', 'adominy1e', 'Praesent id massa id nisl venenatis lacinia. Aenean sit amet justo. Morbi ut odio.', 5, '2015-07-13'),
	('Etiam pretium iaculis justo.', 'Fullmetal Alchemist: The Sacred Star of Milos', 'fsaffilll', 'Lorem ipsum dolor sit amet, consectetuer adipiscing elit. Proin risus. Praesent lectus.', 1, '2017-12-12'),
	('Etiam pretium iaculis justo.', 'Haunting, The', 'opetterso', 'Proin leo odio, porttitor id, consequat in, consequat ut, nulla. Sed accumsan felis. Ut at dolor quis odio consequat varius.

Integer ac leo. Pellentesque ultrices mattis odio. Donec vitae nisi.', 3, '2013-08-21'),
	('Etiam pretium iaculis justo.', 'Kagi (Odd Obsession)', 'ljelleyv', 'Integer tincidunt ante vel ipsum. Praesent blandit lacinia erat. Vestibulum sed magna at nunc commodo placerat.

Praesent blandit. Nam nulla. Integer pede justo, lacinia eget, tincidunt eget, tempus vel, pede.', 1, '2016-08-24'),
	('Etiam pretium iaculis justo.', 'Pekko ja unissakävelijä', 'rhudd1u', 'Quisque porta volutpat erat. Quisque erat eros, viverra eget, congue eget, semper rutrum, nulla. Nunc purus.

Phasellus in felis. Donec semper sapien a libero. Nam dui.', 2, '2012-12-25'),
	('Etiam pretium iaculis justo.', 'Rainmaker, The', 'ajillardh', 'Pellentesque at nulla. Suspendisse potenti. Cras in purus eu magna vulputate luctus.', 3, '2017-05-16'),
	('Etiam pretium iaculis justo.', 'Simpatico', 'ddirkin2a', 'Cras non velit nec nisi vulputate nonummy. Maecenas tincidunt lacus at velit. Vivamus vel nulla eget eros elementum pellentesque.

Quisque porta volutpat erat. Quisque erat eros, viverra eget, congue eget, semper rutrum, nulla. Nunc purus.', 3, '2018-03-08'),
	('Etiam pretium iaculis justo.', 'Tactical Force', 'lbrownstein7', 'Duis bibendum, felis sed interdum venenatis, turpis enim blandit mi, in porttitor pede justo eu massa. Donec dapibus. Duis at velit eu est congue elementum.', 1, '2019-01-01'),
	('Etiam pretium iaculis justo.', 'To the Sea (Alamar)', 'ldovidaitis1o', 'Cras mi pede, malesuada in, imperdiet et, commodo vulputate, justo. In blandit ultrices enim. Lorem ipsum dolor sit amet, consectetuer adipiscing elit.', 4, '2019-01-31'),
	('Etiam vel augue.', '13th Warrior, The', 'vjaumety', 'Curabitur gravida nisi at nibh. In hac habitasse platea dictumst. Aliquam augue quam, sollicitudin vitae, consectetuer eget, rutrum at, lorem.

Integer tincidunt ante vel ipsum. Praesent blandit lacinia erat. Vestibulum sed magna at nunc commodo placerat.', 2, '2012-02-04'),
	('Etiam vel augue.', 'Bachelor Party Vegas', 'wpuckett1a', 'Pellentesque at nulla. Suspendisse potenti. Cras in purus eu magna vulputate luctus.', 3, '2017-01-16'),
	('Etiam vel augue.', 'Red Garters', 'mboulden4', 'Morbi porttitor lorem id ligula. Suspendisse ornare consequat lectus. In est risus, auctor sed, tristique in, tempus sit amet, sem.

Fusce consequat. Nulla nisl. Nunc nisl.', 5, '2011-11-04'),
	('Etiam vel augue.', 'Tai Chi Hero', 'mkneesha1w', 'Duis aliquam convallis nunc. Proin at turpis a pede posuere nonummy. Integer non velit.

Donec diam neque, vestibulum eget, vulputate ut, ultrices vel, augue. Vestibulum ante ipsum primis in faucibus orci luctus et ultrices posuere cubilia Curae; Donec pharetra, magna vestibulum aliquet ultrices, erat tortor sollicitudin mi, sit amet lobortis sapien sapien non mi. Integer ac neque.', 2, '2017-02-03'),
	('Etiam vel augue.', 'Tai Chi Hero', 'yrubinshtein2i', 'Duis consequat dui nec nisi volutpat eleifend. Donec ut dolor. Morbi vel lectus in quam fringilla rhoncus.', 3, '2018-10-21'),
	('Fusce congue, diam id ornare imperdiet, sapien urna pretium nisl, ut volutpat sapien arcu sed augue.', 'Are All Men Pedophiles', 'cjobes1r', 'Phasellus sit amet erat. Nulla tempus. Vivamus in felis eu sapien cursus vestibulum.

Proin eu mi. Nulla ac enim. In tempor, turpis nec euismod scelerisque, quam turpis adipiscing lorem, vitae mattis nibh ligula nec sem.', 3, '2018-02-17'),
	('Fusce congue, diam id ornare imperdiet, sapien urna pretium nisl, ut volutpat sapien arcu sed augue.', 'I''m the One That I Want', 'mdanielkiewicz22', 'Quisque porta volutpat erat. Quisque erat eros, viverra eget, congue eget, semper rutrum, nulla. Nunc purus.

Phasellus in felis. Donec semper sapien a libero. Nam dui.', 4, '2013-11-03'),
	('Fusce congue, diam id ornare imperdiet, sapien urna pretium nisl, ut volutpat sapien arcu sed augue.', 'Jailbait', 'mloveitt2f', 'Quisque id justo sit amet sapien dignissim vestibulum. Vestibulum ante ipsum primis in faucibus orci luctus et ultrices posuere cubilia Curae; Nulla dapibus dolor vel est. Donec odio justo, sollicitudin ut, suscipit a, feugiat et, eros.

Vestibulum ac est lacinia nisi venenatis tristique. Fusce congue, diam id ornare imperdiet, sapien urna pretium nisl, ut volutpat sapien arcu sed augue. Aliquam erat volutpat.', 2, '2015-08-05'),
	('Fusce congue, diam id ornare imperdiet, sapien urna pretium nisl, ut volutpat sapien arcu sed augue.', 'Land That Time Forgot, The', 'nmouths', 'Sed sagittis. Nam congue, risus semper porta volutpat, quam pede lobortis ligula, sit amet eleifend pede libero quis orci. Nullam molestie nibh in lectus.', 5, '2013-02-19'),
	('Fusce congue, diam id ornare imperdiet, sapien urna pretium nisl, ut volutpat sapien arcu sed augue.', 'Mental', 'elebbern1l', 'Curabitur in libero ut massa volutpat convallis. Morbi odio odio, elementum eu, interdum eu, tincidunt in, leo. Maecenas pulvinar lobortis est.

Phasellus sit amet erat. Nulla tempus. Vivamus in felis eu sapien cursus vestibulum.', 5, '2019-11-03'),
	('Fusce consequat.', '247°F ', 'ejohanchonb', 'Curabitur in libero ut massa volutpat convallis. Morbi odio odio, elementum eu, interdum eu, tincidunt in, leo. Maecenas pulvinar lobortis est.', 5, '2012-05-27'),
	('Fusce consequat.', 'Friends with Benefits', 'fkarby1k', 'Suspendisse potenti. In eleifend quam a odio. In hac habitasse platea dictumst.

Maecenas ut massa quis augue luctus tincidunt. Nulla mollis molestie lorem. Quisque ut erat.', 4, '2018-04-17'),
	('Fusce consequat.', 'High Tension (Haute tension) (Switchblade Romance)', 'afallows14', 'Donec diam neque, vestibulum eget, vulputate ut, ultrices vel, augue. Vestibulum ante ipsum primis in faucibus orci luctus et ultrices posuere cubilia Curae; Donec pharetra, magna vestibulum aliquet ultrices, erat tortor sollicitudin mi, sit amet lobortis sapien sapien non mi. Integer ac neque.', 5, '2016-02-19'),
	('Fusce consequat.', 'Naked Jungle, The', 'mkalderonz', 'Etiam vel augue. Vestibulum rutrum rutrum neque. Aenean auctor gravida sem.

Praesent id massa id nisl venenatis lacinia. Aenean sit amet justo. Morbi ut odio.', 3, '2018-05-12'),
	('Fusce consequat.', 'Paraíso Travel', 'lhaistwelln', 'In quis justo. Maecenas rhoncus aliquam lacus. Morbi quis tortor id nulla ultrices aliquet.

Maecenas leo odio, condimentum id, luctus nec, molestie sed, justo. Pellentesque viverra pede ac diam. Cras pellentesque volutpat dui.', 3, '2018-03-06'),
	('Fusce consequat.', 'Wildflowers', 'pleivesley2h', 'Cras mi pede, malesuada in, imperdiet et, commodo vulputate, justo. In blandit ultrices enim. Lorem ipsum dolor sit amet, consectetuer adipiscing elit.

Proin interdum mauris non ligula pellentesque ultrices. Phasellus id sapien in sapien iaculis congue. Vivamus metus arcu, adipiscing molestie, hendrerit at, vulputate vitae, nisl.', 2, '2012-05-30'),
	('Fusce lacus purus, aliquet at, feugiat non, pretium quis, lectus.', 'Astronaut''s Wife, The', 'lshirlaw2n', 'Aenean lectus. Pellentesque eget nunc. Donec quis orci eget orci vehicula condimentum.

Curabitur in libero ut massa volutpat convallis. Morbi odio odio, elementum eu, interdum eu, tincidunt in, leo. Maecenas pulvinar lobortis est.', 5, '2016-03-26'),
	('Fusce lacus purus, aliquet at, feugiat non, pretium quis, lectus.', 'Battle for Marjah, The', 'aagglione1', 'In sagittis dui vel nisl. Duis ac nibh. Fusce lacus purus, aliquet at, feugiat non, pretium quis, lectus.', 5, '2019-07-07'),
	('Fusce lacus purus, aliquet at, feugiat non, pretium quis, lectus.', 'Farmer''s Wife, The', 'mkneesha1w', 'Sed ante. Vivamus tortor. Duis mattis egestas metus.

Aenean fermentum. Donec ut mauris eget massa tempor convallis. Nulla neque libero, convallis eget, eleifend luctus, ultricies eu, nibh.', 1, '2014-11-04'),
	('Fusce lacus purus, aliquet at, feugiat non, pretium quis, lectus.', 'Jetsons: The Movie', 'lcatonnee', 'Mauris enim leo, rhoncus sed, vestibulum sit amet, cursus id, turpis. Integer aliquet, massa id lobortis convallis, tortor risus dapibus augue, vel accumsan tellus nisi eu orci. Mauris lacinia sapien quis libero.

Nullam sit amet turpis elementum ligula vehicula consequat. Morbi a ipsum. Integer a nibh.', 5, '2015-01-02'),
	('Fusce lacus purus, aliquet at, feugiat non, pretium quis, lectus.', 'Love In the Time of Money', 'bhansier', 'Proin interdum mauris non ligula pellentesque ultrices. Phasellus id sapien in sapien iaculis congue. Vivamus metus arcu, adipiscing molestie, hendrerit at, vulputate vitae, nisl.

Aenean lectus. Pellentesque eget nunc. Donec quis orci eget orci vehicula condimentum.', 5, '2017-01-28'),
	('Fusce lacus purus, aliquet at, feugiat non, pretium quis, lectus.', 'MVP: Most Valuable Primate', 'apopplestone29', 'Sed ante. Vivamus tortor. Duis mattis egestas metus.', 3, '2013-03-21'),
	('Fusce lacus purus, aliquet at, feugiat non, pretium quis, lectus.', 'Network', 'dwhiteway2', 'Aliquam quis turpis eget elit sodales scelerisque. Mauris sit amet eros. Suspendisse accumsan tortor quis turpis.

Sed ante. Vivamus tortor. Duis mattis egestas metus.', 2, '2018-03-15'),
	('Fusce lacus purus, aliquet at, feugiat non, pretium quis, lectus.', 'Shadow Dancer, The (Shadows in the Sun)', 'mranklin8', 'In quis justo. Maecenas rhoncus aliquam lacus. Morbi quis tortor id nulla ultrices aliquet.', 4, '2011-05-14'),
	('Fusce lacus purus, aliquet at, feugiat non, pretium quis, lectus.', 'Son of Lassie', 'hchastanet1i', 'Sed ante. Vivamus tortor. Duis mattis egestas metus.

Aenean fermentum. Donec ut mauris eget massa tempor convallis. Nulla neque libero, convallis eget, eleifend luctus, ultricies eu, nibh.', 4, '2019-08-04'),
	('Fusce lacus purus, aliquet at, feugiat non, pretium quis, lectus.', 'The Big Flame', 'hmilliken20', 'Morbi non lectus. Aliquam sit amet diam in magna bibendum imperdiet. Nullam orci pede, venenatis non, sodales sed, tincidunt eu, felis.', 4, '2019-01-08'),
	('Fusce lacus purus, aliquet at, feugiat non, pretium quis, lectus.', 'Wishmaster 3: Beyond the Gates of Hell', 'bbraim2j', 'Quisque porta volutpat erat. Quisque erat eros, viverra eget, congue eget, semper rutrum, nulla. Nunc purus.', 3, '2014-11-07'),
	('Fusce lacus purus, aliquet at, feugiat non, pretium quis, lectus.', 'World Unseen, The', 'mrainey2k', 'Proin interdum mauris non ligula pellentesque ultrices. Phasellus id sapien in sapien iaculis congue. Vivamus metus arcu, adipiscing molestie, hendrerit at, vulputate vitae, nisl.', 5, '2018-03-26'),
	('Fusce posuere felis sed lacus.', 'Fat Head', 'blanegran1j', 'Curabitur in libero ut massa volutpat convallis. Morbi odio odio, elementum eu, interdum eu, tincidunt in, leo. Maecenas pulvinar lobortis est.

Phasellus sit amet erat. Nulla tempus. Vivamus in felis eu sapien cursus vestibulum.', 5, '2017-01-31'),
	('Fusce posuere felis sed lacus.', 'Heroic Ones, The (Shi san tai bao)', 'abartomeux', 'Phasellus sit amet erat. Nulla tempus. Vivamus in felis eu sapien cursus vestibulum.

Proin eu mi. Nulla ac enim. In tempor, turpis nec euismod scelerisque, quam turpis adipiscing lorem, vitae mattis nibh ligula nec sem.', 4, '2011-02-19'),
	('Fusce posuere felis sed lacus.', 'Pekko ja unissakävelijä', 'ccochrane17', 'Vestibulum quam sapien, varius ut, blandit non, interdum in, ante. Vestibulum ante ipsum primis in faucibus orci luctus et ultrices posuere cubilia Curae; Duis faucibus accumsan odio. Curabitur convallis.', 5, '2013-06-17'),
	('Fusce posuere felis sed lacus.', 'Queen: Days of Our Lives', 'ejohanchonb', 'Aenean fermentum. Donec ut mauris eget massa tempor convallis. Nulla neque libero, convallis eget, eleifend luctus, ultricies eu, nibh.

Quisque id justo sit amet sapien dignissim vestibulum. Vestibulum ante ipsum primis in faucibus orci luctus et ultrices posuere cubilia Curae; Nulla dapibus dolor vel est. Donec odio justo, sollicitudin ut, suscipit a, feugiat et, eros.', 2, '2017-08-28'),
	('Fusce posuere felis sed lacus.', 'Wildflowers', 'twanek3', 'Praesent blandit. Nam nulla. Integer pede justo, lacinia eget, tincidunt eget, tempus vel, pede.

Morbi porttitor lorem id ligula. Suspendisse ornare consequat lectus. In est risus, auctor sed, tristique in, tempus sit amet, sem.', 4, '2011-10-22'),
	('In blandit ultrices enim.', 'Awakening, The', 'bhansier', 'Duis bibendum. Morbi non quam nec dui luctus rutrum. Nulla tellus.', 5, '2019-08-13'),
	('In blandit ultrices enim.', 'Battle for Marjah, The', 'nmacknight2o', 'Pellentesque at nulla. Suspendisse potenti. Cras in purus eu magna vulputate luctus.

Cum sociis natoque penatibus et magnis dis parturient montes, nascetur ridiculus mus. Vivamus vestibulum sagittis sapien. Cum sociis natoque penatibus et magnis dis parturient montes, nascetur ridiculus mus.', 4, '2018-07-17'),
	('In blandit ultrices enim.', 'Chernobyl', 'tshallo2p', 'Fusce consequat. Nulla nisl. Nunc nisl.', 4, '2010-12-13'),
	('In blandit ultrices enim.', 'Edvard Munch', 'dfoulks2c', 'Duis bibendum, felis sed interdum venenatis, turpis enim blandit mi, in porttitor pede justo eu massa. Donec dapibus. Duis at velit eu est congue elementum.

In hac habitasse platea dictumst. Morbi vestibulum, velit id pretium iaculis, diam erat fermentum justo, nec condimentum neque sapien placerat ante. Nulla justo.', 2, '2015-07-04'),
	('In blandit ultrices enim.', 'Flash Point (a.k.a. Flashpoint) (Dou fo sin)', 'oquarless1f', 'Donec diam neque, vestibulum eget, vulputate ut, ultrices vel, augue. Vestibulum ante ipsum primis in faucibus orci luctus et ultrices posuere cubilia Curae; Donec pharetra, magna vestibulum aliquet ultrices, erat tortor sollicitudin mi, sit amet lobortis sapien sapien non mi. Integer ac neque.', 5, '2015-08-22'),
	('In blandit ultrices enim.', 'Sparkle', 'mkalderonz', 'Maecenas leo odio, condimentum id, luctus nec, molestie sed, justo. Pellentesque viverra pede ac diam. Cras pellentesque volutpat dui.

Maecenas tristique, est et tempus semper, est quam pharetra magna, ac consequat metus sapien ut nunc. Vestibulum ante ipsum primis in faucibus orci luctus et ultrices posuere cubilia Curae; Mauris viverra diam vitae quam. Suspendisse potenti.', 5, '2015-05-07'),
	('In blandit ultrices enim.', 'The Trap', 'tcoultish2q', 'Aenean fermentum. Donec ut mauris eget massa tempor convallis. Nulla neque libero, convallis eget, eleifend luctus, ultricies eu, nibh.

Quisque id justo sit amet sapien dignissim vestibulum. Vestibulum ante ipsum primis in faucibus orci luctus et ultrices posuere cubilia Curae; Nulla dapibus dolor vel est. Donec odio justo, sollicitudin ut, suscipit a, feugiat et, eros.', 4, '2014-11-05'),
	('In blandit ultrices enim.', 'The Uninvited Guest', 'gkasman1h', 'Proin leo odio, porttitor id, consequat in, consequat ut, nulla. Sed accumsan felis. Ut at dolor quis odio consequat varius.', 5, '2019-10-11'),
	('In blandit ultrices enim.', 'Tunes of Glory', 'lshirlaw2n', 'Aenean lectus. Pellentesque eget nunc. Donec quis orci eget orci vehicula condimentum.', 2, '2017-07-27'),
	('In congue.', 'Altered Carbon', 'ddirkin2a', 'Phasellus in felis. Donec semper sapien a libero. Nam dui.', 5, '2015-01-06'),
	('In congue.', 'I giorni contati', 'mrainey2k', 'In hac habitasse platea dictumst. Morbi vestibulum, velit id pretium iaculis, diam erat fermentum justo, nec condimentum neque sapien placerat ante. Nulla justo.

Aliquam quis turpis eget elit sodales scelerisque. Mauris sit amet eros. Suspendisse accumsan tortor quis turpis.', 1, '2019-07-01'),
	('In congue.', 'Shadow Dancer, The (Shadows in the Sun)', 'cjobes1r', 'Integer tincidunt ante vel ipsum. Praesent blandit lacinia erat. Vestibulum sed magna at nunc commodo placerat.

Praesent blandit. Nam nulla. Integer pede justo, lacinia eget, tincidunt eget, tempus vel, pede.', 3, '2019-08-25'),
	('In congue.', 'Sinbad: Legend of the Seven Seas', 'rlinnit2g', 'In hac habitasse platea dictumst. Morbi vestibulum, velit id pretium iaculis, diam erat fermentum justo, nec condimentum neque sapien placerat ante. Nulla justo.

Aliquam quis turpis eget elit sodales scelerisque. Mauris sit amet eros. Suspendisse accumsan tortor quis turpis.', 5, '2013-12-29'),
	('In congue.', 'Still Breathing', 'dwhiteway2', 'Integer tincidunt ante vel ipsum. Praesent blandit lacinia erat. Vestibulum sed magna at nunc commodo placerat.

Praesent blandit. Nam nulla. Integer pede justo, lacinia eget, tincidunt eget, tempus vel, pede.', 3, '2016-02-17'),
	('In congue.', 'Thunderbolt and Lightfoot', 'fchellenham16', 'Pellentesque at nulla. Suspendisse potenti. Cras in purus eu magna vulputate luctus.

Cum sociis natoque penatibus et magnis dis parturient montes, nascetur ridiculus mus. Vivamus vestibulum sagittis sapien. Cum sociis natoque penatibus et magnis dis parturient montes, nascetur ridiculus mus.', 2, '2011-04-06'),
	('In congue.', 'World Unseen, The', 'blanegran1j', 'Lorem ipsum dolor sit amet, consectetuer adipiscing elit. Proin risus. Praesent lectus.', 2, '2016-12-19'),
	('In congue.', 'Zombies on Broadway', 'cjobes1r', 'Quisque porta volutpat erat. Quisque erat eros, viverra eget, congue eget, semper rutrum, nulla. Nunc purus.', 4, '2015-04-06'),
	('In eleifend quam a odio.', 'Cheerleaders, The', 'lshirlaw2n', 'Cum sociis natoque penatibus et magnis dis parturient montes, nascetur ridiculus mus. Vivamus vestibulum sagittis sapien. Cum sociis natoque penatibus et magnis dis parturient montes, nascetur ridiculus mus.

Etiam vel augue. Vestibulum rutrum rutrum neque. Aenean auctor gravida sem.', 4, '2017-01-12'),
	('In eleifend quam a odio.', 'Louis C.K.: Chewed Up', 'bbraim2j', 'Praesent blandit. Nam nulla. Integer pede justo, lacinia eget, tincidunt eget, tempus vel, pede.', 4, '2014-08-29'),
	('In eleifend quam a odio.', 'Once a Thief (Zong heng si hai)', 'cdorey1s', 'Integer ac leo. Pellentesque ultrices mattis odio. Donec vitae nisi.', 3, '2019-04-21'),
	('In eleifend quam a odio.', 'Pearls of the Crown, The (Les perles de la couronne)', 'cdorey1s', 'Aenean fermentum. Donec ut mauris eget massa tempor convallis. Nulla neque libero, convallis eget, eleifend luctus, ultricies eu, nibh.', 3, '2011-12-11'),
	('In eleifend quam a odio.', 'Power of One, The', 'pbrownsword1c', 'Fusce posuere felis sed lacus. Morbi sem mauris, laoreet ut, rhoncus aliquet, pulvinar sed, nisl. Nunc rhoncus dui vel sem.', 4, '2011-09-29'),
	('In eleifend quam a odio.', 'Taqwacore: The Birth of Punk Islam', 'opetterso', 'Fusce posuere felis sed lacus. Morbi sem mauris, laoreet ut, rhoncus aliquet, pulvinar sed, nisl. Nunc rhoncus dui vel sem.', 3, '2014-10-29'),
	('In eleifend quam a odio.', 'The Boogens', 'jhentzer28', 'Maecenas tristique, est et tempus semper, est quam pharetra magna, ac consequat metus sapien ut nunc. Vestibulum ante ipsum primis in faucibus orci luctus et ultrices posuere cubilia Curae; Mauris viverra diam vitae quam. Suspendisse potenti.', 3, '2019-01-24'),
	('In est risus, auctor sed, tristique in, tempus sit amet, sem.', 'Beauty Is Embarrassing', 'tgerritzen1q', 'Vestibulum ac est lacinia nisi venenatis tristique. Fusce congue, diam id ornare imperdiet, sapien urna pretium nisl, ut volutpat sapien arcu sed augue. Aliquam erat volutpat.', 2, '2012-01-30'),
	('In est risus, auctor sed, tristique in, tempus sit amet, sem.', 'Black Heaven (L''autre monde) (Other World, The)', 'ceidlerw', 'Curabitur at ipsum ac tellus semper interdum. Mauris ullamcorper purus sit amet nulla. Quisque arcu libero, rutrum ac, lobortis vel, dapibus at, diam.', 4, '2013-09-08'),
	('In est risus, auctor sed, tristique in, tempus sit amet, sem.', 'Chernobyl', 'vtollow12', 'In hac habitasse platea dictumst. Etiam faucibus cursus urna. Ut tellus.

Nulla ut erat id mauris vulputate elementum. Nullam varius. Nulla facilisi.', 3, '2017-01-27'),
	('In est risus, auctor sed, tristique in, tempus sit amet, sem.', 'Four Ways Out', 'nklageman15', 'Nullam sit amet turpis elementum ligula vehicula consequat. Morbi a ipsum. Integer a nibh.

In quis justo. Maecenas rhoncus aliquam lacus. Morbi quis tortor id nulla ultrices aliquet.', 2, '2018-02-06'),
	('In est risus, auctor sed, tristique in, tempus sit amet, sem.', 'Kagi (Odd Obsession)', 'nklageman15', 'Nulla ut erat id mauris vulputate elementum. Nullam varius. Nulla facilisi.', 1, '2015-08-12'),
	('In hac habitasse platea dictumst.', 'Battle for Marjah, The', 'gkasman1h', 'Vestibulum ac est lacinia nisi venenatis tristique. Fusce congue, diam id ornare imperdiet, sapien urna pretium nisl, ut volutpat sapien arcu sed augue. Aliquam erat volutpat.

In congue. Etiam justo. Etiam pretium iaculis justo.', 2, '2015-11-17'),
	('In hac habitasse platea dictumst.', 'Chaos', 'ceidlerw', 'In hac habitasse platea dictumst. Etiam faucibus cursus urna. Ut tellus.', 1, '2015-10-30'),
	('In hac habitasse platea dictumst.', 'Danny Deckchair', 'mverlanderc', 'Donec diam neque, vestibulum eget, vulputate ut, ultrices vel, augue. Vestibulum ante ipsum primis in faucibus orci luctus et ultrices posuere cubilia Curae; Donec pharetra, magna vestibulum aliquet ultrices, erat tortor sollicitudin mi, sit amet lobortis sapien sapien non mi. Integer ac neque.

Duis bibendum. Morbi non quam nec dui luctus rutrum. Nulla tellus.', 5, '2015-03-02'),
	('In hac habitasse platea dictumst.', 'Delicatessen', 'mkneesha1w', 'Duis bibendum. Morbi non quam nec dui luctus rutrum. Nulla tellus.

In sagittis dui vel nisl. Duis ac nibh. Fusce lacus purus, aliquet at, feugiat non, pretium quis, lectus.', 2, '2011-12-28'),
	('In hac habitasse platea dictumst.', 'Four Ways Out', 'ljelleyv', 'Morbi non lectus. Aliquam sit amet diam in magna bibendum imperdiet. Nullam orci pede, venenatis non, sodales sed, tincidunt eu, felis.', 5, '2019-06-13'),
	('In hac habitasse platea dictumst.', 'Gendernauts', 'rhudd1u', 'Vestibulum ac est lacinia nisi venenatis tristique. Fusce congue, diam id ornare imperdiet, sapien urna pretium nisl, ut volutpat sapien arcu sed augue. Aliquam erat volutpat.', 1, '2015-07-10'),
	('In hac habitasse platea dictumst.', 'Love In the Time of Money', 'mranklin8', 'Lorem ipsum dolor sit amet, consectetuer adipiscing elit. Proin risus. Praesent lectus.

Vestibulum quam sapien, varius ut, blandit non, interdum in, ante. Vestibulum ante ipsum primis in faucibus orci luctus et ultrices posuere cubilia Curae; Duis faucibus accumsan odio. Curabitur convallis.', 2, '2012-08-27'),
	('In hac habitasse platea dictumst.', 'Machete Maidens Unleashed!', 'cjobes1r', 'Proin leo odio, porttitor id, consequat in, consequat ut, nulla. Sed accumsan felis. Ut at dolor quis odio consequat varius.', 4, '2019-09-16'),
	('In hac habitasse platea dictumst.', 'Mystery (Fu cheng mi shi)', 'gkasman1h', 'Duis bibendum. Morbi non quam nec dui luctus rutrum. Nulla tellus.

In sagittis dui vel nisl. Duis ac nibh. Fusce lacus purus, aliquet at, feugiat non, pretium quis, lectus.', 3, '2015-03-06'),
	('In hac habitasse platea dictumst.', 'Naked Jungle, The', 'dwhiteway2', 'Maecenas tristique, est et tempus semper, est quam pharetra magna, ac consequat metus sapien ut nunc. Vestibulum ante ipsum primis in faucibus orci luctus et ultrices posuere cubilia Curae; Mauris viverra diam vitae quam. Suspendisse potenti.

Nullam porttitor lacus at turpis. Donec posuere metus vitae ipsum. Aliquam non mauris.', 3, '2013-03-05'),
	('In hac habitasse platea dictumst.', 'Pearls of the Crown, The (Les perles de la couronne)', 'mwinsor10', 'Duis aliquam convallis nunc. Proin at turpis a pede posuere nonummy. Integer non velit.

Donec diam neque, vestibulum eget, vulputate ut, ultrices vel, augue. Vestibulum ante ipsum primis in faucibus orci luctus et ultrices posuere cubilia Curae; Donec pharetra, magna vestibulum aliquet ultrices, erat tortor sollicitudin mi, sit amet lobortis sapien sapien non mi. Integer ac neque.', 4, '2015-10-15'),
	('In hac habitasse platea dictumst.', 'Possession, The', 'ldovidaitis1o', 'Cras non velit nec nisi vulputate nonummy. Maecenas tincidunt lacus at velit. Vivamus vel nulla eget eros elementum pellentesque.', 1, '2014-01-23'),
	('In hac habitasse platea dictumst.', 'Real McCoy, The', 'hchastanet1i', 'Aenean fermentum. Donec ut mauris eget massa tempor convallis. Nulla neque libero, convallis eget, eleifend luctus, ultricies eu, nibh.

Quisque id justo sit amet sapien dignissim vestibulum. Vestibulum ante ipsum primis in faucibus orci luctus et ultrices posuere cubilia Curae; Nulla dapibus dolor vel est. Donec odio justo, sollicitudin ut, suscipit a, feugiat et, eros.', 5, '2019-05-07'),
	('In hac habitasse platea dictumst.', 'Red Baron, The (Der rote Baron)', 'mloveitt2f', 'In congue. Etiam justo. Etiam pretium iaculis justo.', 5, '2014-04-16'),
	('In hac habitasse platea dictumst.', 'Red Garters', 'dfoulks2c', 'Integer ac leo. Pellentesque ultrices mattis odio. Donec vitae nisi.

Nam ultrices, libero non mattis pulvinar, nulla pede ullamcorper augue, a suscipit nulla elit ac nulla. Sed vel enim sit amet nunc viverra dapibus. Nulla suscipit ligula in lacus.', 3, '2013-05-13'),
	('In hac habitasse platea dictumst.', 'Shaft', 'cchampkins2l', 'Duis bibendum. Morbi non quam nec dui luctus rutrum. Nulla tellus.', 3, '2011-10-21'),
	('In hac habitasse platea dictumst.', 'Snakes and Earrings (Hebi ni piasu)', 'lhaistwelln', 'In congue. Etiam justo. Etiam pretium iaculis justo.', 4, '2017-03-26'),
	('In hac habitasse platea dictumst.', 'The Uninvited Guest', 'mrainey2k', 'Phasellus in felis. Donec semper sapien a libero. Nam dui.

Proin leo odio, porttitor id, consequat in, consequat ut, nulla. Sed accumsan felis. Ut at dolor quis odio consequat varius.', 4, '2013-06-19'),
	('In hac habitasse platea dictumst.', 'Way We Laughed, The (Così Ridevano)', 'mgowdiem', 'Duis consequat dui nec nisi volutpat eleifend. Donec ut dolor. Morbi vel lectus in quam fringilla rhoncus.

Mauris enim leo, rhoncus sed, vestibulum sit amet, cursus id, turpis. Integer aliquet, massa id lobortis convallis, tortor risus dapibus augue, vel accumsan tellus nisi eu orci. Mauris lacinia sapien quis libero.', 2, '2011-10-27'),
	('In hac habitasse platea dictumst.', 'Zombies on Broadway', 'zcorradeschi11', 'Aenean lectus. Pellentesque eget nunc. Donec quis orci eget orci vehicula condimentum.', 2, '2017-04-14'),
	('In quis justo.', 'Battle for Marjah, The', 'afallows14', 'Morbi non lectus. Aliquam sit amet diam in magna bibendum imperdiet. Nullam orci pede, venenatis non, sodales sed, tincidunt eu, felis.', 2, '2011-11-02'),
	('In quis justo.', 'City by the Sea', 'dfoulks2c', 'Fusce consequat. Nulla nisl. Nunc nisl.', 2, '2016-10-20'),
	('In quis justo.', 'Farmer''s Wife, The', 'cdorey1s', 'Duis aliquam convallis nunc. Proin at turpis a pede posuere nonummy. Integer non velit.', 3, '2014-12-25'),
	('In quis justo.', 'Kagi (Odd Obsession)', 'ldovidaitis1o', 'Praesent id massa id nisl venenatis lacinia. Aenean sit amet justo. Morbi ut odio.

Cras mi pede, malesuada in, imperdiet et, commodo vulputate, justo. In blandit ultrices enim. Lorem ipsum dolor sit amet, consectetuer adipiscing elit.', 5, '2016-06-03'),
	('In quis justo.', 'Still Breathing', 'wbatesonf', 'Donec diam neque, vestibulum eget, vulputate ut, ultrices vel, augue. Vestibulum ante ipsum primis in faucibus orci luctus et ultrices posuere cubilia Curae; Donec pharetra, magna vestibulum aliquet ultrices, erat tortor sollicitudin mi, sit amet lobortis sapien sapien non mi. Integer ac neque.', 2, '2018-09-17'),
	('In quis justo.', 'Way We Laughed, The (Così Ridevano)', 'mkalderonz', 'In hac habitasse platea dictumst. Etiam faucibus cursus urna. Ut tellus.', 1, '2017-07-02'),
	('In sagittis dui vel nisl.', 'Danny Deckchair', 'jfakeleyu', 'Nam ultrices, libero non mattis pulvinar, nulla pede ullamcorper augue, a suscipit nulla elit ac nulla. Sed vel enim sit amet nunc viverra dapibus. Nulla suscipit ligula in lacus.

Curabitur at ipsum ac tellus semper interdum. Mauris ullamcorper purus sit amet nulla. Quisque arcu libero, rutrum ac, lobortis vel, dapibus at, diam.', 5, '2012-12-10'),
	('In sagittis dui vel nisl.', 'Five Graves to Cairo', 'dfoulks2c', 'In congue. Etiam justo. Etiam pretium iaculis justo.', 2, '2016-02-10'),
	('In sagittis dui vel nisl.', 'The Boogens', 'mloveitt2f', 'Aliquam quis turpis eget elit sodales scelerisque. Mauris sit amet eros. Suspendisse accumsan tortor quis turpis.

Sed ante. Vivamus tortor. Duis mattis egestas metus.', 2, '2012-01-06'),
	('In tempor, turpis nec euismod scelerisque, quam turpis adipiscing lorem, vitae mattis nibh ligula nec sem.', '12', 'hmilliken20', 'Cum sociis natoque penatibus et magnis dis parturient montes, nascetur ridiculus mus. Vivamus vestibulum sagittis sapien. Cum sociis natoque penatibus et magnis dis parturient montes, nascetur ridiculus mus.', 5, '2017-01-19'),
	('In tempor, turpis nec euismod scelerisque, quam turpis adipiscing lorem, vitae mattis nibh ligula nec sem.', '12', 'mikringill0', 'Cras mi pede, malesuada in, imperdiet et, commodo vulputate, justo. In blandit ultrices enim. Lorem ipsum dolor sit amet, consectetuer adipiscing elit.

Proin interdum mauris non ligula pellentesque ultrices. Phasellus id sapien in sapien iaculis congue. Vivamus metus arcu, adipiscing molestie, hendrerit at, vulputate vitae, nisl.', 5, '2011-06-25'),
	('In tempor, turpis nec euismod scelerisque, quam turpis adipiscing lorem, vitae mattis nibh ligula nec sem.', 'Four Ways Out', 'ljelleyv', 'Fusce posuere felis sed lacus. Morbi sem mauris, laoreet ut, rhoncus aliquet, pulvinar sed, nisl. Nunc rhoncus dui vel sem.', 1, '2016-08-07'),
	('In tempor, turpis nec euismod scelerisque, quam turpis adipiscing lorem, vitae mattis nibh ligula nec sem.', 'Fullmetal Alchemist: The Sacred Star of Milos', 'cdorey1s', 'Maecenas ut massa quis augue luctus tincidunt. Nulla mollis molestie lorem. Quisque ut erat.

Curabitur gravida nisi at nibh. In hac habitasse platea dictumst. Aliquam augue quam, sollicitudin vitae, consectetuer eget, rutrum at, lorem.', 3, '2017-03-13'),
	('In tempor, turpis nec euismod scelerisque, quam turpis adipiscing lorem, vitae mattis nibh ligula nec sem.', 'Kid, The', 'sgoolding2b', 'Phasellus in felis. Donec semper sapien a libero. Nam dui.', 1, '2015-12-31'),
	('In tempor, turpis nec euismod scelerisque, quam turpis adipiscing lorem, vitae mattis nibh ligula nec sem.', 'Last Call at the Oasis', 'bscarman2r', 'In congue. Etiam justo. Etiam pretium iaculis justo.

In hac habitasse platea dictumst. Etiam faucibus cursus urna. Ut tellus.', 4, '2014-03-24'),
	('In tempor, turpis nec euismod scelerisque, quam turpis adipiscing lorem, vitae mattis nibh ligula nec sem.', 'Will', 'nmacknight2o', 'Cum sociis natoque penatibus et magnis dis parturient montes, nascetur ridiculus mus. Vivamus vestibulum sagittis sapien. Cum sociis natoque penatibus et magnis dis parturient montes, nascetur ridiculus mus.', 1, '2011-03-18'),
	('Integer a nibh.', 'Big Deal on Madonna Street (I Soliti Ignoti)', 'mshearmur1v', 'Duis consequat dui nec nisi volutpat eleifend. Donec ut dolor. Morbi vel lectus in quam fringilla rhoncus.

Mauris enim leo, rhoncus sed, vestibulum sit amet, cursus id, turpis. Integer aliquet, massa id lobortis convallis, tortor risus dapibus augue, vel accumsan tellus nisi eu orci. Mauris lacinia sapien quis libero.', 4, '2012-12-25'),
	('Integer a nibh.', 'Born Romantic', 'ljelleyv', 'Cras non velit nec nisi vulputate nonummy. Maecenas tincidunt lacus at velit. Vivamus vel nulla eget eros elementum pellentesque.', 5, '2015-05-07'),
	('Integer a nibh.', 'Each Dawn I Die', 'nklageman15', 'Mauris enim leo, rhoncus sed, vestibulum sit amet, cursus id, turpis. Integer aliquet, massa id lobortis convallis, tortor risus dapibus augue, vel accumsan tellus nisi eu orci. Mauris lacinia sapien quis libero.

Nullam sit amet turpis elementum ligula vehicula consequat. Morbi a ipsum. Integer a nibh.', 3, '2018-05-06'),
	('Integer a nibh.', 'Four Ways Out', 'mprickettk', 'Morbi non lectus. Aliquam sit amet diam in magna bibendum imperdiet. Nullam orci pede, venenatis non, sodales sed, tincidunt eu, felis.', 4, '2019-08-09'),
	('Integer a nibh.', 'Gendernauts', 'apopplestone29', 'Vestibulum ac est lacinia nisi venenatis tristique. Fusce congue, diam id ornare imperdiet, sapien urna pretium nisl, ut volutpat sapien arcu sed augue. Aliquam erat volutpat.', 3, '2015-06-10'),
	('Integer a nibh.', 'New Year''s Eve', 'hhacard2m', 'Donec diam neque, vestibulum eget, vulputate ut, ultrices vel, augue. Vestibulum ante ipsum primis in faucibus orci luctus et ultrices posuere cubilia Curae; Donec pharetra, magna vestibulum aliquet ultrices, erat tortor sollicitudin mi, sit amet lobortis sapien sapien non mi. Integer ac neque.

Duis bibendum. Morbi non quam nec dui luctus rutrum. Nulla tellus.', 4, '2016-04-19'),
	('Integer a nibh.', 'New Year''s Eve', 'tcleverly1g', 'In hac habitasse platea dictumst. Etiam faucibus cursus urna. Ut tellus.', 4, '2011-06-19'),
	('Integer a nibh.', 'Way We Laughed, The (Così Ridevano)', 'adominy1e', 'Integer tincidunt ante vel ipsum. Praesent blandit lacinia erat. Vestibulum sed magna at nunc commodo placerat.

Praesent blandit. Nam nulla. Integer pede justo, lacinia eget, tincidunt eget, tempus vel, pede.', 4, '2013-06-02'),
	('Integer ac leo.', 'Five Graves to Cairo', 'ldovidaitis1o', 'Curabitur in libero ut massa volutpat convallis. Morbi odio odio, elementum eu, interdum eu, tincidunt in, leo. Maecenas pulvinar lobortis est.', 1, '2019-04-29'),
	('Integer ac leo.', 'King Is Dancing, The (Le roi danse)', 'budell19', 'Praesent id massa id nisl venenatis lacinia. Aenean sit amet justo. Morbi ut odio.', 4, '2018-10-13'),
	('Integer ac leo.', 'Nomad (Köshpendiler)', 'sgoolding2b', 'Fusce posuere felis sed lacus. Morbi sem mauris, laoreet ut, rhoncus aliquet, pulvinar sed, nisl. Nunc rhoncus dui vel sem.

Sed sagittis. Nam congue, risus semper porta volutpat, quam pede lobortis ligula, sit amet eleifend pede libero quis orci. Nullam molestie nibh in lectus.', 2, '2017-02-10'),
	('Integer ac leo.', 'Stranger by the Lake (L''inconnu du lac)', 'cchampkins2l', 'Duis bibendum. Morbi non quam nec dui luctus rutrum. Nulla tellus.

In sagittis dui vel nisl. Duis ac nibh. Fusce lacus purus, aliquet at, feugiat non, pretium quis, lectus.', 2, '2011-12-06'),
	('Integer ac neque.', 'Citizen Dog (Mah nakorn)', 'vtollow12', 'Cras non velit nec nisi vulputate nonummy. Maecenas tincidunt lacus at velit. Vivamus vel nulla eget eros elementum pellentesque.

Quisque porta volutpat erat. Quisque erat eros, viverra eget, congue eget, semper rutrum, nulla. Nunc purus.', 5, '2019-05-04'),
	('Integer ac neque.', 'Enemy Below, The', 'fsaffilll', 'Curabitur gravida nisi at nibh. In hac habitasse platea dictumst. Aliquam augue quam, sollicitudin vitae, consectetuer eget, rutrum at, lorem.', 3, '2015-04-18'),
	('Integer ac neque.', 'History of Hell (Rosas Höllenfahrt)', 'tcleverly1g', 'Fusce posuere felis sed lacus. Morbi sem mauris, laoreet ut, rhoncus aliquet, pulvinar sed, nisl. Nunc rhoncus dui vel sem.

Sed sagittis. Nam congue, risus semper porta volutpat, quam pede lobortis ligula, sit amet eleifend pede libero quis orci. Nullam molestie nibh in lectus.', 3, '2014-12-27'),
	('Integer ac neque.', 'Man Called Gannon, A', 'twanek3', 'Duis bibendum, felis sed interdum venenatis, turpis enim blandit mi, in porttitor pede justo eu massa. Donec dapibus. Duis at velit eu est congue elementum.', 5, '2014-10-06'),
	('Integer ac neque.', 'Mean Girls 2', 'mpollastrinoi', 'Sed ante. Vivamus tortor. Duis mattis egestas metus.', 1, '2012-03-29'),
	('Integer ac neque.', 'Snakes and Earrings (Hebi ni piasu)', 'mikringill0', 'Morbi non lectus. Aliquam sit amet diam in magna bibendum imperdiet. Nullam orci pede, venenatis non, sodales sed, tincidunt eu, felis.', 1, '2016-02-20'),
	('Integer ac neque.', 'Until Death', 'oroderigo2e', 'Quisque porta volutpat erat. Quisque erat eros, viverra eget, congue eget, semper rutrum, nulla. Nunc purus.', 5, '2014-08-16'),
	('Integer aliquet, massa id lobortis convallis, tortor risus dapibus augue, vel accumsan tellus nisi eu orci.', 'Are All Men Pedophiles', 'nmckeighant', 'Curabitur gravida nisi at nibh. In hac habitasse platea dictumst. Aliquam augue quam, sollicitudin vitae, consectetuer eget, rutrum at, lorem.', 3, '2012-01-28'),
	('Integer aliquet, massa id lobortis convallis, tortor risus dapibus augue, vel accumsan tellus nisi eu orci.', 'Danny Deckchair', 'sbeddinghamd', 'Praesent id massa id nisl venenatis lacinia. Aenean sit amet justo. Morbi ut odio.

Cras mi pede, malesuada in, imperdiet et, commodo vulputate, justo. In blandit ultrices enim. Lorem ipsum dolor sit amet, consectetuer adipiscing elit.', 5, '2015-11-07'),
	('Integer aliquet, massa id lobortis convallis, tortor risus dapibus augue, vel accumsan tellus nisi eu orci.', 'Five Star Final', 'tgerritzen1q', 'Vestibulum ac est lacinia nisi venenatis tristique. Fusce congue, diam id ornare imperdiet, sapien urna pretium nisl, ut volutpat sapien arcu sed augue. Aliquam erat volutpat.', 3, '2016-08-22'),
	('Integer aliquet, massa id lobortis convallis, tortor risus dapibus augue, vel accumsan tellus nisi eu orci.', 'Happy End', 'dwylieq', 'Curabitur in libero ut massa volutpat convallis. Morbi odio odio, elementum eu, interdum eu, tincidunt in, leo. Maecenas pulvinar lobortis est.', 5, '2015-06-19'),
	('Integer aliquet, massa id lobortis convallis, tortor risus dapibus augue, vel accumsan tellus nisi eu orci.', 'New Year''s Eve', 'mloveitt2f', 'Curabitur in libero ut massa volutpat convallis. Morbi odio odio, elementum eu, interdum eu, tincidunt in, leo. Maecenas pulvinar lobortis est.

Phasellus sit amet erat. Nulla tempus. Vivamus in felis eu sapien cursus vestibulum.', 2, '2015-08-17'),
	('Integer aliquet, massa id lobortis convallis, tortor risus dapibus augue, vel accumsan tellus nisi eu orci.', 'Rulers of the City', 'vtollow12', 'Curabitur at ipsum ac tellus semper interdum. Mauris ullamcorper purus sit amet nulla. Quisque arcu libero, rutrum ac, lobortis vel, dapibus at, diam.', 1, '2019-04-25'),
	('Integer aliquet, massa id lobortis convallis, tortor risus dapibus augue, vel accumsan tellus nisi eu orci.', 'Sorcerer and the White Snake, The (Bai she chuan shuo)', 'sgoolding2b', 'Proin eu mi. Nulla ac enim. In tempor, turpis nec euismod scelerisque, quam turpis adipiscing lorem, vitae mattis nibh ligula nec sem.', 4, '2012-10-17'),
	('Integer aliquet, massa id lobortis convallis, tortor risus dapibus augue, vel accumsan tellus nisi eu orci.', 'Watermarks', 'fchellenham16', 'Duis aliquam convallis nunc. Proin at turpis a pede posuere nonummy. Integer non velit.', 2, '2016-03-22'),
	('Integer non velit.', 'Children Underground', 'dwylieq', 'Sed ante. Vivamus tortor. Duis mattis egestas metus.', 3, '2018-07-21'),
	('Integer non velit.', 'Guilty (Présumé coupable)', 'ckalderong', 'Curabitur gravida nisi at nibh. In hac habitasse platea dictumst. Aliquam augue quam, sollicitudin vitae, consectetuer eget, rutrum at, lorem.', 5, '2019-10-26'),
	('Integer non velit.', 'Guilty (Présumé coupable)', 'mverlanderc', 'Praesent blandit. Nam nulla. Integer pede justo, lacinia eget, tincidunt eget, tempus vel, pede.', 2, '2013-03-26'),
	('Integer non velit.', 'Louis C.K.: Chewed Up', 'mharrild1n', 'Mauris enim leo, rhoncus sed, vestibulum sit amet, cursus id, turpis. Integer aliquet, massa id lobortis convallis, tortor risus dapibus augue, vel accumsan tellus nisi eu orci. Mauris lacinia sapien quis libero.

Nullam sit amet turpis elementum ligula vehicula consequat. Morbi a ipsum. Integer a nibh.', 5, '2011-06-19'),
	('Integer non velit.', 'Skin Game, The', 'fwycherley26', 'Curabitur at ipsum ac tellus semper interdum. Mauris ullamcorper purus sit amet nulla. Quisque arcu libero, rutrum ac, lobortis vel, dapibus at, diam.', 1, '2012-11-08'),
	('Integer pede justo, lacinia eget, tincidunt eget, tempus vel, pede.', 'Braddock: Missing in Action III', 'ccochrane17', 'Duis bibendum. Morbi non quam nec dui luctus rutrum. Nulla tellus.', 1, '2018-10-27'),
	('Integer pede justo, lacinia eget, tincidunt eget, tempus vel, pede.', 'Castle in the Desert (Charlie Chan in Castle in the Desert)', 'hmilliken20', 'Nam ultrices, libero non mattis pulvinar, nulla pede ullamcorper augue, a suscipit nulla elit ac nulla. Sed vel enim sit amet nunc viverra dapibus. Nulla suscipit ligula in lacus.', 4, '2015-07-08'),
	('Integer pede justo, lacinia eget, tincidunt eget, tempus vel, pede.', 'Dreamers, The', 'lcarss1t', 'Donec diam neque, vestibulum eget, vulputate ut, ultrices vel, augue. Vestibulum ante ipsum primis in faucibus orci luctus et ultrices posuere cubilia Curae; Donec pharetra, magna vestibulum aliquet ultrices, erat tortor sollicitudin mi, sit amet lobortis sapien sapien non mi. Integer ac neque.

Duis bibendum. Morbi non quam nec dui luctus rutrum. Nulla tellus.', 3, '2011-01-20'),
	('Integer pede justo, lacinia eget, tincidunt eget, tempus vel, pede.', 'Gladiator', 'bscarman2r', 'Mauris enim leo, rhoncus sed, vestibulum sit amet, cursus id, turpis. Integer aliquet, massa id lobortis convallis, tortor risus dapibus augue, vel accumsan tellus nisi eu orci. Mauris lacinia sapien quis libero.

Nullam sit amet turpis elementum ligula vehicula consequat. Morbi a ipsum. Integer a nibh.', 2, '2018-12-03'),
	('Integer pede justo, lacinia eget, tincidunt eget, tempus vel, pede.', 'Man Called Gannon, A', 'mshearmur1v', 'Maecenas tristique, est et tempus semper, est quam pharetra magna, ac consequat metus sapien ut nunc. Vestibulum ante ipsum primis in faucibus orci luctus et ultrices posuere cubilia Curae; Mauris viverra diam vitae quam. Suspendisse potenti.', 3, '2016-08-11'),
	('Integer pede justo, lacinia eget, tincidunt eget, tempus vel, pede.', 'Power of One, The', 'dkunes23', 'Aenean fermentum. Donec ut mauris eget massa tempor convallis. Nulla neque libero, convallis eget, eleifend luctus, ultricies eu, nibh.', 5, '2016-12-11'),
	('Integer tincidunt ante vel ipsum.', 'Colt 38 Special Squad', 'ccochrane17', 'Proin interdum mauris non ligula pellentesque ultrices. Phasellus id sapien in sapien iaculis congue. Vivamus metus arcu, adipiscing molestie, hendrerit at, vulputate vitae, nisl.', 2, '2013-03-16'),
	('Integer tincidunt ante vel ipsum.', 'Naked Jungle, The', 'vjaumety', 'Cras mi pede, malesuada in, imperdiet et, commodo vulputate, justo. In blandit ultrices enim. Lorem ipsum dolor sit amet, consectetuer adipiscing elit.', 1, '2016-05-10'),
	('Integer tincidunt ante vel ipsum.', 'Panic', 'cjobes1r', 'Praesent id massa id nisl venenatis lacinia. Aenean sit amet justo. Morbi ut odio.

Cras mi pede, malesuada in, imperdiet et, commodo vulputate, justo. In blandit ultrices enim. Lorem ipsum dolor sit amet, consectetuer adipiscing elit.', 5, '2014-06-14'),
	('Lorem ipsum dolor sit amet, consectetuer adipiscing elit.', 'Food, Inc.', 'pbrownsword1c', 'Proin leo odio, porttitor id, consequat in, consequat ut, nulla. Sed accumsan felis. Ut at dolor quis odio consequat varius.', 1, '2013-03-16'),
	('Lorem ipsum dolor sit amet, consectetuer adipiscing elit.', 'Louis C.K.: Chewed Up', 'lcatonnee', 'In congue. Etiam justo. Etiam pretium iaculis justo.', 2, '2011-02-12'),
	('Lorem ipsum dolor sit amet, consectetuer adipiscing elit.', 'Shadow Dancer, The (Shadows in the Sun)', 'tgerritzen1q', 'Sed ante. Vivamus tortor. Duis mattis egestas metus.', 2, '2015-03-23'),
	('Lorem ipsum dolor sit amet, consectetuer adipiscing elit.', 'Skin Game, The', 'fkarby1k', 'Duis bibendum. Morbi non quam nec dui luctus rutrum. Nulla tellus.

In sagittis dui vel nisl. Duis ac nibh. Fusce lacus purus, aliquet at, feugiat non, pretium quis, lectus.', 3, '2019-01-08'),
	('Lorem ipsum dolor sit amet, consectetuer adipiscing elit.', 'Super Capers', 'lshirlaw2n', 'Sed ante. Vivamus tortor. Duis mattis egestas metus.', 3, '2015-07-08'),
	('Lorem ipsum dolor sit amet, consectetuer adipiscing elit.', 'The Trap', 'hhacard2m', 'Duis aliquam convallis nunc. Proin at turpis a pede posuere nonummy. Integer non velit.', 1, '2019-05-06'),
	('Maecenas leo odio, condimentum id, luctus nec, molestie sed, justo.', 'Assault, The (Aanslag, De)', 'nklageman15', 'Curabitur gravida nisi at nibh. In hac habitasse platea dictumst. Aliquam augue quam, sollicitudin vitae, consectetuer eget, rutrum at, lorem.

Integer tincidunt ante vel ipsum. Praesent blandit lacinia erat. Vestibulum sed magna at nunc commodo placerat.', 5, '2015-05-19'),
	('Maecenas leo odio, condimentum id, luctus nec, molestie sed, justo.', 'Cold Weather', 'elebbern1l', 'Donec diam neque, vestibulum eget, vulputate ut, ultrices vel, augue. Vestibulum ante ipsum primis in faucibus orci luctus et ultrices posuere cubilia Curae; Donec pharetra, magna vestibulum aliquet ultrices, erat tortor sollicitudin mi, sit amet lobortis sapien sapien non mi. Integer ac neque.', 5, '2015-12-31'),
	('Maecenas leo odio, condimentum id, luctus nec, molestie sed, justo.', 'Farmer''s Wife, The', 'fsaffilll', 'Maecenas ut massa quis augue luctus tincidunt. Nulla mollis molestie lorem. Quisque ut erat.

Curabitur gravida nisi at nibh. In hac habitasse platea dictumst. Aliquam augue quam, sollicitudin vitae, consectetuer eget, rutrum at, lorem.', 5, '2013-04-28'),
	('Maecenas leo odio, condimentum id, luctus nec, molestie sed, justo.', 'Grimm Love (Rohtenburg)', 'ajillardh', 'Morbi porttitor lorem id ligula. Suspendisse ornare consequat lectus. In est risus, auctor sed, tristique in, tempus sit amet, sem.

Fusce consequat. Nulla nisl. Nunc nisl.', 3, '2011-09-04'),
	('Maecenas leo odio, condimentum id, luctus nec, molestie sed, justo.', 'Return of the Living Dead, The', 'ckalderong', 'Phasellus in felis. Donec semper sapien a libero. Nam dui.

Proin leo odio, porttitor id, consequat in, consequat ut, nulla. Sed accumsan felis. Ut at dolor quis odio consequat varius.', 5, '2019-07-09'),
	('Maecenas leo odio, condimentum id, luctus nec, molestie sed, justo.', 'Shot in the Heart', 'lshirlaw2n', 'Vestibulum ac est lacinia nisi venenatis tristique. Fusce congue, diam id ornare imperdiet, sapien urna pretium nisl, ut volutpat sapien arcu sed augue. Aliquam erat volutpat.

In congue. Etiam justo. Etiam pretium iaculis justo.', 1, '2014-10-21'),
	('Maecenas leo odio, condimentum id, luctus nec, molestie sed, justo.', 'Still Breathing', 'lhaistwelln', 'Nullam porttitor lacus at turpis. Donec posuere metus vitae ipsum. Aliquam non mauris.', 4, '2011-10-14'),
	('Maecenas leo odio, condimentum id, luctus nec, molestie sed, justo.', 'Tactical Force', 'mkalderonz', 'Donec diam neque, vestibulum eget, vulputate ut, ultrices vel, augue. Vestibulum ante ipsum primis in faucibus orci luctus et ultrices posuere cubilia Curae; Donec pharetra, magna vestibulum aliquet ultrices, erat tortor sollicitudin mi, sit amet lobortis sapien sapien non mi. Integer ac neque.', 3, '2010-12-22'),
	('Maecenas leo odio, condimentum id, luctus nec, molestie sed, justo.', 'The Boogens', 'elebbern1l', 'Cum sociis natoque penatibus et magnis dis parturient montes, nascetur ridiculus mus. Vivamus vestibulum sagittis sapien. Cum sociis natoque penatibus et magnis dis parturient montes, nascetur ridiculus mus.

Etiam vel augue. Vestibulum rutrum rutrum neque. Aenean auctor gravida sem.', 1, '2017-04-19'),
	('Maecenas pulvinar lobortis est.', 'Brimstone and Treacle', 'saloshkin1y', 'Fusce posuere felis sed lacus. Morbi sem mauris, laoreet ut, rhoncus aliquet, pulvinar sed, nisl. Nunc rhoncus dui vel sem.', 1, '2017-11-28'),
	('Maecenas pulvinar lobortis est.', 'Brother Orchid', 'mloveitt2f', 'Nullam porttitor lacus at turpis. Donec posuere metus vitae ipsum. Aliquam non mauris.', 1, '2016-07-27'),
	('Maecenas pulvinar lobortis est.', 'Enemy Below, The', 'oshreenan25', 'Lorem ipsum dolor sit amet, consectetuer adipiscing elit. Proin risus. Praesent lectus.

Vestibulum quam sapien, varius ut, blandit non, interdum in, ante. Vestibulum ante ipsum primis in faucibus orci luctus et ultrices posuere cubilia Curae; Duis faucibus accumsan odio. Curabitur convallis.', 4, '2011-11-28'),
	('Maecenas pulvinar lobortis est.', 'Hundred and One Nights, A (Cent et une nuits de Simon Cinéma, Les)', 'mprickettk', 'In hac habitasse platea dictumst. Etiam faucibus cursus urna. Ut tellus.', 3, '2016-07-13'),
	('Maecenas pulvinar lobortis est.', 'Mean Girls 2', 'fkarby1k', 'Quisque id justo sit amet sapien dignissim vestibulum. Vestibulum ante ipsum primis in faucibus orci luctus et ultrices posuere cubilia Curae; Nulla dapibus dolor vel est. Donec odio justo, sollicitudin ut, suscipit a, feugiat et, eros.', 3, '2019-01-11'),
	('Maecenas pulvinar lobortis est.', 'MVP: Most Valuable Primate', 'dcrookshanks27', 'In sagittis dui vel nisl. Duis ac nibh. Fusce lacus purus, aliquet at, feugiat non, pretium quis, lectus.

Suspendisse potenti. In eleifend quam a odio. In hac habitasse platea dictumst.', 2, '2019-07-28'),
	('Maecenas pulvinar lobortis est.', 'Naked Jungle, The', 'rlinnit2g', 'Aenean fermentum. Donec ut mauris eget massa tempor convallis. Nulla neque libero, convallis eget, eleifend luctus, ultricies eu, nibh.

Quisque id justo sit amet sapien dignissim vestibulum. Vestibulum ante ipsum primis in faucibus orci luctus et ultrices posuere cubilia Curae; Nulla dapibus dolor vel est. Donec odio justo, sollicitudin ut, suscipit a, feugiat et, eros.', 5, '2016-11-07'),
	('Maecenas pulvinar lobortis est.', 'Seraphim Falls', 'lcatonnee', 'Quisque porta volutpat erat. Quisque erat eros, viverra eget, congue eget, semper rutrum, nulla. Nunc purus.

Phasellus in felis. Donec semper sapien a libero. Nam dui.', 3, '2018-05-02'),
	('Maecenas pulvinar lobortis est.', 'The Boogens', 'lshirlaw2n', 'Duis aliquam convallis nunc. Proin at turpis a pede posuere nonummy. Integer non velit.

Donec diam neque, vestibulum eget, vulputate ut, ultrices vel, augue. Vestibulum ante ipsum primis in faucibus orci luctus et ultrices posuere cubilia Curae; Donec pharetra, magna vestibulum aliquet ultrices, erat tortor sollicitudin mi, sit amet lobortis sapien sapien non mi. Integer ac neque.', 5, '2014-01-06'),
	('Maecenas pulvinar lobortis est.', 'Tuvalu', 'ceidlerw', 'Quisque id justo sit amet sapien dignissim vestibulum. Vestibulum ante ipsum primis in faucibus orci luctus et ultrices posuere cubilia Curae; Nulla dapibus dolor vel est. Donec odio justo, sollicitudin ut, suscipit a, feugiat et, eros.

Vestibulum ac est lacinia nisi venenatis tristique. Fusce congue, diam id ornare imperdiet, sapien urna pretium nisl, ut volutpat sapien arcu sed augue. Aliquam erat volutpat.', 2, '2016-03-04'),
	('Maecenas pulvinar lobortis est.', 'World Unseen, The', 'tcoultish2q', 'Duis consequat dui nec nisi volutpat eleifend. Donec ut dolor. Morbi vel lectus in quam fringilla rhoncus.

Mauris enim leo, rhoncus sed, vestibulum sit amet, cursus id, turpis. Integer aliquet, massa id lobortis convallis, tortor risus dapibus augue, vel accumsan tellus nisi eu orci. Mauris lacinia sapien quis libero.', 2, '2015-07-19'),
	('Maecenas pulvinar lobortis est.', 'Zero de conduite (Zero for Conduct) (Zéro de conduite: Jeunes diables au collège)', 'oshreenan25', 'Maecenas ut massa quis augue luctus tincidunt. Nulla mollis molestie lorem. Quisque ut erat.

Curabitur gravida nisi at nibh. In hac habitasse platea dictumst. Aliquam augue quam, sollicitudin vitae, consectetuer eget, rutrum at, lorem.', 3, '2013-06-09'),
	('Maecenas rhoncus aliquam lacus.', 'Each Dawn I Die', 'fsaffilll', 'Proin leo odio, porttitor id, consequat in, consequat ut, nulla. Sed accumsan felis. Ut at dolor quis odio consequat varius.

Integer ac leo. Pellentesque ultrices mattis odio. Donec vitae nisi.', 1, '2011-11-22'),
	('Maecenas rhoncus aliquam lacus.', 'Gladiator', 'ceidlerw', 'Maecenas leo odio, condimentum id, luctus nec, molestie sed, justo. Pellentesque viverra pede ac diam. Cras pellentesque volutpat dui.

Maecenas tristique, est et tempus semper, est quam pharetra magna, ac consequat metus sapien ut nunc. Vestibulum ante ipsum primis in faucibus orci luctus et ultrices posuere cubilia Curae; Mauris viverra diam vitae quam. Suspendisse potenti.', 2, '2018-12-27'),
	('Maecenas rhoncus aliquam lacus.', 'Naked Jungle, The', 'yrubinshtein2i', 'In quis justo. Maecenas rhoncus aliquam lacus. Morbi quis tortor id nulla ultrices aliquet.

Maecenas leo odio, condimentum id, luctus nec, molestie sed, justo. Pellentesque viverra pede ac diam. Cras pellentesque volutpat dui.', 1, '2012-08-21'),
	('Maecenas tincidunt lacus at velit.', 'Braddock: Missing in Action III', 'mverlanderc', 'In congue. Etiam justo. Etiam pretium iaculis justo.

In hac habitasse platea dictumst. Etiam faucibus cursus urna. Ut tellus.', 4, '2013-03-15'),
	('Maecenas tincidunt lacus at velit.', 'Bubba Ho-tep', 'mranklin8', 'Aliquam quis turpis eget elit sodales scelerisque. Mauris sit amet eros. Suspendisse accumsan tortor quis turpis.

Sed ante. Vivamus tortor. Duis mattis egestas metus.', 3, '2015-10-17'),
	('Maecenas tincidunt lacus at velit.', 'Hercules', 'mranklin8', 'Mauris enim leo, rhoncus sed, vestibulum sit amet, cursus id, turpis. Integer aliquet, massa id lobortis convallis, tortor risus dapibus augue, vel accumsan tellus nisi eu orci. Mauris lacinia sapien quis libero.

Nullam sit amet turpis elementum ligula vehicula consequat. Morbi a ipsum. Integer a nibh.', 5, '2018-02-24'),
	('Maecenas tincidunt lacus at velit.', 'Heroic Ones, The (Shi san tai bao)', 'rheady5', 'Duis bibendum, felis sed interdum venenatis, turpis enim blandit mi, in porttitor pede justo eu massa. Donec dapibus. Duis at velit eu est congue elementum.

In hac habitasse platea dictumst. Morbi vestibulum, velit id pretium iaculis, diam erat fermentum justo, nec condimentum neque sapien placerat ante. Nulla justo.', 3, '2011-05-22'),
	('Maecenas tincidunt lacus at velit.', 'Zeisters (Fat Guy Goes Nutzoid)', 'aagglione1', 'Pellentesque at nulla. Suspendisse potenti. Cras in purus eu magna vulputate luctus.', 1, '2016-11-11'),
	('Maecenas tristique, est et tempus semper, est quam pharetra magna, ac consequat metus sapien ut nunc.', '13th Warrior, The', 'mverlanderc', 'Duis aliquam convallis nunc. Proin at turpis a pede posuere nonummy. Integer non velit.', 1, '2015-01-02'),
	('Maecenas tristique, est et tempus semper, est quam pharetra magna, ac consequat metus sapien ut nunc.', 'City by the Sea', 'nmouths', 'Integer ac leo. Pellentesque ultrices mattis odio. Donec vitae nisi.', 3, '2012-01-24'),
	('Maecenas tristique, est et tempus semper, est quam pharetra magna, ac consequat metus sapien ut nunc.', 'Dreamers, The', 'fchellenham16', 'In hac habitasse platea dictumst. Morbi vestibulum, velit id pretium iaculis, diam erat fermentum justo, nec condimentum neque sapien placerat ante. Nulla justo.', 3, '2016-04-29'),
	('Maecenas tristique, est et tempus semper, est quam pharetra magna, ac consequat metus sapien ut nunc.', 'Machete Maidens Unleashed!', 'mkneesha1w', 'Aliquam quis turpis eget elit sodales scelerisque. Mauris sit amet eros. Suspendisse accumsan tortor quis turpis.', 3, '2011-10-04'),
	('Maecenas tristique, est et tempus semper, est quam pharetra magna, ac consequat metus sapien ut nunc.', 'Marci X', 'rheady5', 'Cras mi pede, malesuada in, imperdiet et, commodo vulputate, justo. In blandit ultrices enim. Lorem ipsum dolor sit amet, consectetuer adipiscing elit.', 3, '2011-11-12'),
	('Maecenas tristique, est et tempus semper, est quam pharetra magna, ac consequat metus sapien ut nunc.', 'Nobody Else But You (Poupoupidou)', 'twanek3', 'Integer ac leo. Pellentesque ultrices mattis odio. Donec vitae nisi.', 2, '2017-08-23'),
	('Maecenas tristique, est et tempus semper, est quam pharetra magna, ac consequat metus sapien ut nunc.', 'Notorious', 'ckalderong', 'Curabitur gravida nisi at nibh. In hac habitasse platea dictumst. Aliquam augue quam, sollicitudin vitae, consectetuer eget, rutrum at, lorem.', 2, '2014-04-09'),
	('Maecenas tristique, est et tempus semper, est quam pharetra magna, ac consequat metus sapien ut nunc.', 'Planet of the Vampires (Terrore nello spazio)', 'dcrookshanks27', 'Maecenas leo odio, condimentum id, luctus nec, molestie sed, justo. Pellentesque viverra pede ac diam. Cras pellentesque volutpat dui.

Maecenas tristique, est et tempus semper, est quam pharetra magna, ac consequat metus sapien ut nunc. Vestibulum ante ipsum primis in faucibus orci luctus et ultrices posuere cubilia Curae; Mauris viverra diam vitae quam. Suspendisse potenti.', 2, '2015-01-15'),
	('Maecenas tristique, est et tempus semper, est quam pharetra magna, ac consequat metus sapien ut nunc.', 'Possession, The', 'rheady5', 'Donec diam neque, vestibulum eget, vulputate ut, ultrices vel, augue. Vestibulum ante ipsum primis in faucibus orci luctus et ultrices posuere cubilia Curae; Donec pharetra, magna vestibulum aliquet ultrices, erat tortor sollicitudin mi, sit amet lobortis sapien sapien non mi. Integer ac neque.', 3, '2017-06-16'),
	('Maecenas tristique, est et tempus semper, est quam pharetra magna, ac consequat metus sapien ut nunc.', 'Seraphim Falls', 'mgowdiem', 'Curabitur gravida nisi at nibh. In hac habitasse platea dictumst. Aliquam augue quam, sollicitudin vitae, consectetuer eget, rutrum at, lorem.

Integer tincidunt ante vel ipsum. Praesent blandit lacinia erat. Vestibulum sed magna at nunc commodo placerat.', 1, '2015-09-03'),
	('Maecenas ut massa quis augue luctus tincidunt.', 'Colt 38 Special Squad', 'hmilliken20', 'Proin eu mi. Nulla ac enim. In tempor, turpis nec euismod scelerisque, quam turpis adipiscing lorem, vitae mattis nibh ligula nec sem.

Duis aliquam convallis nunc. Proin at turpis a pede posuere nonummy. Integer non velit.', 2, '2012-03-20'),
	('Maecenas ut massa quis augue luctus tincidunt.', 'Flash Point (a.k.a. Flashpoint) (Dou fo sin)', 'mharrild1n', 'Nullam porttitor lacus at turpis. Donec posuere metus vitae ipsum. Aliquam non mauris.

Morbi non lectus. Aliquam sit amet diam in magna bibendum imperdiet. Nullam orci pede, venenatis non, sodales sed, tincidunt eu, felis.', 5, '2014-10-21'),
	('Maecenas ut massa quis augue luctus tincidunt.', 'Golden Thread, The (Subarnarekha)', 'nmouths', 'Proin leo odio, porttitor id, consequat in, consequat ut, nulla. Sed accumsan felis. Ut at dolor quis odio consequat varius.

Integer ac leo. Pellentesque ultrices mattis odio. Donec vitae nisi.', 2, '2018-07-31'),
	('Maecenas ut massa quis augue luctus tincidunt.', 'Love In the Time of Money', 'cjobes1r', 'Praesent id massa id nisl venenatis lacinia. Aenean sit amet justo. Morbi ut odio.

Cras mi pede, malesuada in, imperdiet et, commodo vulputate, justo. In blandit ultrices enim. Lorem ipsum dolor sit amet, consectetuer adipiscing elit.', 3, '2019-04-20'),
	('Maecenas ut massa quis augue luctus tincidunt.', 'Marci X', 'yrubinshtein2i', 'Duis consequat dui nec nisi volutpat eleifend. Donec ut dolor. Morbi vel lectus in quam fringilla rhoncus.', 5, '2016-09-13'),
	('Maecenas ut massa quis augue luctus tincidunt.', 'Mean Girls 2', 'yrubinshtein2i', 'Aliquam quis turpis eget elit sodales scelerisque. Mauris sit amet eros. Suspendisse accumsan tortor quis turpis.', 2, '2018-04-10'),
	('Maecenas ut massa quis augue luctus tincidunt.', 'Nobody Else But You (Poupoupidou)', 'bscarman2r', 'Cum sociis natoque penatibus et magnis dis parturient montes, nascetur ridiculus mus. Vivamus vestibulum sagittis sapien. Cum sociis natoque penatibus et magnis dis parturient montes, nascetur ridiculus mus.', 3, '2011-11-27'),
	('Maecenas ut massa quis augue luctus tincidunt.', 'Real McCoy, The', 'jmossop21', 'Maecenas tristique, est et tempus semper, est quam pharetra magna, ac consequat metus sapien ut nunc. Vestibulum ante ipsum primis in faucibus orci luctus et ultrices posuere cubilia Curae; Mauris viverra diam vitae quam. Suspendisse potenti.', 3, '2012-10-03'),
	('Maecenas ut massa quis augue luctus tincidunt.', 'World on a Wire (Welt am Draht)', 'oshreenan25', 'Donec diam neque, vestibulum eget, vulputate ut, ultrices vel, augue. Vestibulum ante ipsum primis in faucibus orci luctus et ultrices posuere cubilia Curae; Donec pharetra, magna vestibulum aliquet ultrices, erat tortor sollicitudin mi, sit amet lobortis sapien sapien non mi. Integer ac neque.

Duis bibendum. Morbi non quam nec dui luctus rutrum. Nulla tellus.', 4, '2015-03-24'),
	('Mauris enim leo, rhoncus sed, vestibulum sit amet, cursus id, turpis.', 'Braddock: Missing in Action III', 'lbrownstein7', 'Sed sagittis. Nam congue, risus semper porta volutpat, quam pede lobortis ligula, sit amet eleifend pede libero quis orci. Nullam molestie nibh in lectus.', 2, '2011-09-22'),
	('Mauris enim leo, rhoncus sed, vestibulum sit amet, cursus id, turpis.', 'Jetsons: The Movie', 'rhudd1u', 'Nulla ut erat id mauris vulputate elementum. Nullam varius. Nulla facilisi.

Cras non velit nec nisi vulputate nonummy. Maecenas tincidunt lacus at velit. Vivamus vel nulla eget eros elementum pellentesque.', 2, '2015-01-08'),
	('Mauris enim leo, rhoncus sed, vestibulum sit amet, cursus id, turpis.', 'Nomad (Köshpendiler)', 'dcoggings1x', 'Phasellus sit amet erat. Nulla tempus. Vivamus in felis eu sapien cursus vestibulum.', 1, '2010-11-17'),
	('Mauris enim leo, rhoncus sed, vestibulum sit amet, cursus id, turpis.', 'Self-Made Hero, A (Un héros très discret)', 'rhudd1u', 'Curabitur in libero ut massa volutpat convallis. Morbi odio odio, elementum eu, interdum eu, tincidunt in, leo. Maecenas pulvinar lobortis est.', 4, '2013-12-06'),
	('Mauris lacinia sapien quis libero.', 'Bubba Ho-tep', 'mgowdiem', 'Morbi porttitor lorem id ligula. Suspendisse ornare consequat lectus. In est risus, auctor sed, tristique in, tempus sit amet, sem.', 5, '2011-12-10'),
	('Mauris lacinia sapien quis libero.', 'Gladiator', 'dcoggings1x', 'Duis consequat dui nec nisi volutpat eleifend. Donec ut dolor. Morbi vel lectus in quam fringilla rhoncus.', 4, '2011-08-25'),
	('Mauris lacinia sapien quis libero.', 'Happy End', 'nmouths', 'Cras mi pede, malesuada in, imperdiet et, commodo vulputate, justo. In blandit ultrices enim. Lorem ipsum dolor sit amet, consectetuer adipiscing elit.', 1, '2015-10-25'),
	('Mauris sit amet eros.', '2:13', 'lcatonnee', 'Donec diam neque, vestibulum eget, vulputate ut, ultrices vel, augue. Vestibulum ante ipsum primis in faucibus orci luctus et ultrices posuere cubilia Curae; Donec pharetra, magna vestibulum aliquet ultrices, erat tortor sollicitudin mi, sit amet lobortis sapien sapien non mi. Integer ac neque.

Duis bibendum. Morbi non quam nec dui luctus rutrum. Nulla tellus.', 4, '2017-01-16'),
	('Mauris sit amet eros.', 'Altered Carbon', 'smariyushkin2d', 'Duis bibendum. Morbi non quam nec dui luctus rutrum. Nulla tellus.', 2, '2011-11-25'),
	('Mauris sit amet eros.', 'Braddock: Missing in Action III', 'tgerritzen1q', 'Donec diam neque, vestibulum eget, vulputate ut, ultrices vel, augue. Vestibulum ante ipsum primis in faucibus orci luctus et ultrices posuere cubilia Curae; Donec pharetra, magna vestibulum aliquet ultrices, erat tortor sollicitudin mi, sit amet lobortis sapien sapien non mi. Integer ac neque.

Duis bibendum. Morbi non quam nec dui luctus rutrum. Nulla tellus.', 5, '2017-01-21'),
	('Mauris sit amet eros.', 'Brief Interviews with Hideous Men', 'mwinsor10', 'Aenean fermentum. Donec ut mauris eget massa tempor convallis. Nulla neque libero, convallis eget, eleifend luctus, ultricies eu, nibh.

Quisque id justo sit amet sapien dignissim vestibulum. Vestibulum ante ipsum primis in faucibus orci luctus et ultrices posuere cubilia Curae; Nulla dapibus dolor vel est. Donec odio justo, sollicitudin ut, suscipit a, feugiat et, eros.', 2, '2016-01-12'),
	('Mauris sit amet eros.', 'Desi Boyz', 'jaspinall1p', 'Curabitur in libero ut massa volutpat convallis. Morbi odio odio, elementum eu, interdum eu, tincidunt in, leo. Maecenas pulvinar lobortis est.

Phasellus sit amet erat. Nulla tempus. Vivamus in felis eu sapien cursus vestibulum.', 1, '2019-09-01'),
	('Mauris sit amet eros.', 'Friends with Benefits', 'jfakeleyu', 'Vestibulum quam sapien, varius ut, blandit non, interdum in, ante. Vestibulum ante ipsum primis in faucibus orci luctus et ultrices posuere cubilia Curae; Duis faucibus accumsan odio. Curabitur convallis.', 1, '2019-11-08'),
	('Mauris sit amet eros.', 'The Expanse', 'nklageman15', 'Vestibulum ac est lacinia nisi venenatis tristique. Fusce congue, diam id ornare imperdiet, sapien urna pretium nisl, ut volutpat sapien arcu sed augue. Aliquam erat volutpat.

In congue. Etiam justo. Etiam pretium iaculis justo.', 4, '2014-12-09'),
	('Mauris sit amet eros.', 'World Unseen, The', 'oshreenan25', 'In congue. Etiam justo. Etiam pretium iaculis justo.

In hac habitasse platea dictumst. Etiam faucibus cursus urna. Ut tellus.', 4, '2016-12-29'),
	('Mauris ullamcorper purus sit amet nulla.', 'Ascension', 'ceidlerw', 'Nullam sit amet turpis elementum ligula vehicula consequat. Morbi a ipsum. Integer a nibh.', 2, '2015-02-12'),
	('Mauris ullamcorper purus sit amet nulla.', 'Battle for Marjah, The', 'alambin1m', 'Phasellus sit amet erat. Nulla tempus. Vivamus in felis eu sapien cursus vestibulum.

Proin eu mi. Nulla ac enim. In tempor, turpis nec euismod scelerisque, quam turpis adipiscing lorem, vitae mattis nibh ligula nec sem.', 3, '2015-01-31'),
	('Mauris ullamcorper purus sit amet nulla.', 'Chaos', 'lcatonnee', 'Integer ac leo. Pellentesque ultrices mattis odio. Donec vitae nisi.', 1, '2019-03-21'),
	('Mauris ullamcorper purus sit amet nulla.', 'Cold Weather', 'mverlanderc', 'Etiam vel augue. Vestibulum rutrum rutrum neque. Aenean auctor gravida sem.', 2, '2013-11-06'),
	('Mauris ullamcorper purus sit amet nulla.', 'Dreamers, The', 'mshearmur1v', 'Donec diam neque, vestibulum eget, vulputate ut, ultrices vel, augue. Vestibulum ante ipsum primis in faucibus orci luctus et ultrices posuere cubilia Curae; Donec pharetra, magna vestibulum aliquet ultrices, erat tortor sollicitudin mi, sit amet lobortis sapien sapien non mi. Integer ac neque.', 2, '2018-11-09'),
	('Mauris ullamcorper purus sit amet nulla.', 'Empty Nest (El nido vacío)', 'tshallo2p', 'Maecenas tristique, est et tempus semper, est quam pharetra magna, ac consequat metus sapien ut nunc. Vestibulum ante ipsum primis in faucibus orci luctus et ultrices posuere cubilia Curae; Mauris viverra diam vitae quam. Suspendisse potenti.', 5, '2016-02-25'),
	('Mauris ullamcorper purus sit amet nulla.', 'King Is Dancing, The (Le roi danse)', 'wpuckett1a', 'Proin interdum mauris non ligula pellentesque ultrices. Phasellus id sapien in sapien iaculis congue. Vivamus metus arcu, adipiscing molestie, hendrerit at, vulputate vitae, nisl.', 5, '2015-01-27'),
	('Mauris ullamcorper purus sit amet nulla.', 'Tuvalu', 'stavernorp', 'In hac habitasse platea dictumst. Etiam faucibus cursus urna. Ut tellus.

Nulla ut erat id mauris vulputate elementum. Nullam varius. Nulla facilisi.', 3, '2017-04-29'),
	('Morbi a ipsum.', 'Act of Seeing with One''s Own Eyes, The ', 'mverlanderc', 'Morbi porttitor lorem id ligula. Suspendisse ornare consequat lectus. In est risus, auctor sed, tristique in, tempus sit amet, sem.

Fusce consequat. Nulla nisl. Nunc nisl.', 3, '2015-11-17'),
	('Morbi a ipsum.', 'Golden Thread, The (Subarnarekha)', 'wpuckett1a', 'Aenean lectus. Pellentesque eget nunc. Donec quis orci eget orci vehicula condimentum.

Curabitur in libero ut massa volutpat convallis. Morbi odio odio, elementum eu, interdum eu, tincidunt in, leo. Maecenas pulvinar lobortis est.', 2, '2017-05-10'),
	('Morbi a ipsum.', 'Rulers of the City', 'budell19', 'Aenean fermentum. Donec ut mauris eget massa tempor convallis. Nulla neque libero, convallis eget, eleifend luctus, ultricies eu, nibh.', 4, '2014-03-25'),
	('Morbi a ipsum.', 'Skin Game, The', 'stavernorp', 'Fusce consequat. Nulla nisl. Nunc nisl.

Duis bibendum, felis sed interdum venenatis, turpis enim blandit mi, in porttitor pede justo eu massa. Donec dapibus. Duis at velit eu est congue elementum.', 5, '2011-07-12'),
	('Morbi a ipsum.', 'Stranger by the Lake (L''inconnu du lac)', 'sbeddinghamd', 'In quis justo. Maecenas rhoncus aliquam lacus. Morbi quis tortor id nulla ultrices aliquet.

Maecenas leo odio, condimentum id, luctus nec, molestie sed, justo. Pellentesque viverra pede ac diam. Cras pellentesque volutpat dui.', 5, '2018-12-28'),
	('Morbi non lectus.', 'Bachelor Party Vegas', 'msullens1b', 'Integer ac leo. Pellentesque ultrices mattis odio. Donec vitae nisi.

Nam ultrices, libero non mattis pulvinar, nulla pede ullamcorper augue, a suscipit nulla elit ac nulla. Sed vel enim sit amet nunc viverra dapibus. Nulla suscipit ligula in lacus.', 5, '2011-07-23'),
	('Morbi non lectus.', 'Green Ice', 'ckalderong', 'Vestibulum quam sapien, varius ut, blandit non, interdum in, ante. Vestibulum ante ipsum primis in faucibus orci luctus et ultrices posuere cubilia Curae; Duis faucibus accumsan odio. Curabitur convallis.', 2, '2019-02-02'),
	('Morbi non lectus.', 'History of Hell (Rosas Höllenfahrt)', 'mdanielkiewicz22', 'Fusce consequat. Nulla nisl. Nunc nisl.

Duis bibendum, felis sed interdum venenatis, turpis enim blandit mi, in porttitor pede justo eu massa. Donec dapibus. Duis at velit eu est congue elementum.', 4, '2012-05-14'),
	('Morbi non lectus.', 'Land That Time Forgot, The', 'tcoultish2q', 'Maecenas leo odio, condimentum id, luctus nec, molestie sed, justo. Pellentesque viverra pede ac diam. Cras pellentesque volutpat dui.

Maecenas tristique, est et tempus semper, est quam pharetra magna, ac consequat metus sapien ut nunc. Vestibulum ante ipsum primis in faucibus orci luctus et ultrices posuere cubilia Curae; Mauris viverra diam vitae quam. Suspendisse potenti.', 5, '2010-12-21'),
	('Morbi non lectus.', 'Red Baron, The (Der rote Baron)', 'vjaumety', 'Nullam sit amet turpis elementum ligula vehicula consequat. Morbi a ipsum. Integer a nibh.

In quis justo. Maecenas rhoncus aliquam lacus. Morbi quis tortor id nulla ultrices aliquet.', 4, '2018-12-04'),
	('Morbi non lectus.', 'To the Sea (Alamar)', 'mwinsor10', 'Cras mi pede, malesuada in, imperdiet et, commodo vulputate, justo. In blandit ultrices enim. Lorem ipsum dolor sit amet, consectetuer adipiscing elit.', 5, '2013-09-22'),
	('Morbi non lectus.', 'World on a Wire (Welt am Draht)', 'alambin1m', 'Lorem ipsum dolor sit amet, consectetuer adipiscing elit. Proin risus. Praesent lectus.

Vestibulum quam sapien, varius ut, blandit non, interdum in, ante. Vestibulum ante ipsum primis in faucibus orci luctus et ultrices posuere cubilia Curae; Duis faucibus accumsan odio. Curabitur convallis.', 3, '2017-06-08'),
	('Morbi non quam nec dui luctus rutrum.', 'Cross of Iron', 'smariyushkin2d', 'Mauris enim leo, rhoncus sed, vestibulum sit amet, cursus id, turpis. Integer aliquet, massa id lobortis convallis, tortor risus dapibus augue, vel accumsan tellus nisi eu orci. Mauris lacinia sapien quis libero.

Nullam sit amet turpis elementum ligula vehicula consequat. Morbi a ipsum. Integer a nibh.', 1, '2011-10-09'),
	('Morbi non quam nec dui luctus rutrum.', 'Kagi (Odd Obsession)', 'oroderigo2e', 'Integer ac leo. Pellentesque ultrices mattis odio. Donec vitae nisi.', 2, '2017-03-06'),
	('Morbi non quam nec dui luctus rutrum.', 'Last Call at the Oasis', 'saloshkin1y', 'Vestibulum quam sapien, varius ut, blandit non, interdum in, ante. Vestibulum ante ipsum primis in faucibus orci luctus et ultrices posuere cubilia Curae; Duis faucibus accumsan odio. Curabitur convallis.

Duis consequat dui nec nisi volutpat eleifend. Donec ut dolor. Morbi vel lectus in quam fringilla rhoncus.', 5, '2012-02-05'),
	('Morbi non quam nec dui luctus rutrum.', 'Once Upon a Time in Anatolia (Bir zamanlar Anadolu''da)', 'tcoultish2q', 'Duis aliquam convallis nunc. Proin at turpis a pede posuere nonummy. Integer non velit.

Donec diam neque, vestibulum eget, vulputate ut, ultrices vel, augue. Vestibulum ante ipsum primis in faucibus orci luctus et ultrices posuere cubilia Curae; Donec pharetra, magna vestibulum aliquet ultrices, erat tortor sollicitudin mi, sit amet lobortis sapien sapien non mi. Integer ac neque.', 2, '2016-01-13'),
	('Morbi non quam nec dui luctus rutrum.', 'Shadow Dancer, The (Shadows in the Sun)', 'vjaumety', 'In congue. Etiam justo. Etiam pretium iaculis justo.

In hac habitasse platea dictumst. Etiam faucibus cursus urna. Ut tellus.', 4, '2019-07-26'),
	('Morbi non quam nec dui luctus rutrum.', 'Thunderbirds Are GO', 'mverlanderc', 'In quis justo. Maecenas rhoncus aliquam lacus. Morbi quis tortor id nulla ultrices aliquet.

Maecenas leo odio, condimentum id, luctus nec, molestie sed, justo. Pellentesque viverra pede ac diam. Cras pellentesque volutpat dui.', 2, '2011-08-06'),
	('Morbi odio odio, elementum eu, interdum eu, tincidunt in, leo.', 'Cold Weather', 'sbeddinghamd', 'Vestibulum quam sapien, varius ut, blandit non, interdum in, ante. Vestibulum ante ipsum primis in faucibus orci luctus et ultrices posuere cubilia Curae; Duis faucibus accumsan odio. Curabitur convallis.

Duis consequat dui nec nisi volutpat eleifend. Donec ut dolor. Morbi vel lectus in quam fringilla rhoncus.', 1, '2011-07-16'),
	('Morbi odio odio, elementum eu, interdum eu, tincidunt in, leo.', 'Green Ice', 'lcatonnee', 'Cras mi pede, malesuada in, imperdiet et, commodo vulputate, justo. In blandit ultrices enim. Lorem ipsum dolor sit amet, consectetuer adipiscing elit.', 3, '2016-05-26'),
	('Morbi odio odio, elementum eu, interdum eu, tincidunt in, leo.', 'History of Hell (Rosas Höllenfahrt)', 'smariyushkin2d', 'In hac habitasse platea dictumst. Morbi vestibulum, velit id pretium iaculis, diam erat fermentum justo, nec condimentum neque sapien placerat ante. Nulla justo.', 1, '2012-02-12'),
	('Morbi odio odio, elementum eu, interdum eu, tincidunt in, leo.', 'Self-Made Hero, A (Un héros très discret)', 'jfakeleyu', 'Pellentesque at nulla. Suspendisse potenti. Cras in purus eu magna vulputate luctus.', 3, '2016-11-18'),
	('Morbi porttitor lorem id ligula.', '2:13', 'fkarby1k', 'Duis consequat dui nec nisi volutpat eleifend. Donec ut dolor. Morbi vel lectus in quam fringilla rhoncus.

Mauris enim leo, rhoncus sed, vestibulum sit amet, cursus id, turpis. Integer aliquet, massa id lobortis convallis, tortor risus dapibus augue, vel accumsan tellus nisi eu orci. Mauris lacinia sapien quis libero.', 2, '2019-08-31'),
	('Morbi porttitor lorem id ligula.', 'Beauty Is Embarrassing', 'ckalderong', 'Sed sagittis. Nam congue, risus semper porta volutpat, quam pede lobortis ligula, sit amet eleifend pede libero quis orci. Nullam molestie nibh in lectus.', 1, '2011-12-14'),
	('Morbi porttitor lorem id ligula.', 'Brand Upon the Brain!', 'lshirlaw2n', 'In quis justo. Maecenas rhoncus aliquam lacus. Morbi quis tortor id nulla ultrices aliquet.

Maecenas leo odio, condimentum id, luctus nec, molestie sed, justo. Pellentesque viverra pede ac diam. Cras pellentesque volutpat dui.', 1, '2019-10-21'),
	('Morbi porttitor lorem id ligula.', 'Champion, The', 'budell19', 'In hac habitasse platea dictumst. Etiam faucibus cursus urna. Ut tellus.', 3, '2015-07-05'),
	('Morbi porttitor lorem id ligula.', 'Chaos', 'oshreenan25', 'Nullam porttitor lacus at turpis. Donec posuere metus vitae ipsum. Aliquam non mauris.', 4, '2019-08-23'),
	('Morbi porttitor lorem id ligula.', 'Gendernauts', 'cdorey1s', 'Phasellus sit amet erat. Nulla tempus. Vivamus in felis eu sapien cursus vestibulum.

Proin eu mi. Nulla ac enim. In tempor, turpis nec euismod scelerisque, quam turpis adipiscing lorem, vitae mattis nibh ligula nec sem.', 4, '2013-09-09'),
	('Morbi porttitor lorem id ligula.', 'Mental', 'oshreenan25', 'Duis bibendum. Morbi non quam nec dui luctus rutrum. Nulla tellus.

In sagittis dui vel nisl. Duis ac nibh. Fusce lacus purus, aliquet at, feugiat non, pretium quis, lectus.', 4, '2011-10-01'),
	('Morbi quis tortor id nulla ultrices aliquet.', 'Castle in the Desert (Charlie Chan in Castle in the Desert)', 'jhentzer28', 'Nam ultrices, libero non mattis pulvinar, nulla pede ullamcorper augue, a suscipit nulla elit ac nulla. Sed vel enim sit amet nunc viverra dapibus. Nulla suscipit ligula in lacus.', 5, '2017-06-11'),
	('Morbi quis tortor id nulla ultrices aliquet.', 'Paraíso Travel', 'fkarby1k', 'Nam ultrices, libero non mattis pulvinar, nulla pede ullamcorper augue, a suscipit nulla elit ac nulla. Sed vel enim sit amet nunc viverra dapibus. Nulla suscipit ligula in lacus.', 3, '2017-01-26'),
	('Morbi quis tortor id nulla ultrices aliquet.', 'Sparkle', 'tgerritzen1q', 'Mauris enim leo, rhoncus sed, vestibulum sit amet, cursus id, turpis. Integer aliquet, massa id lobortis convallis, tortor risus dapibus augue, vel accumsan tellus nisi eu orci. Mauris lacinia sapien quis libero.

Nullam sit amet turpis elementum ligula vehicula consequat. Morbi a ipsum. Integer a nibh.', 5, '2012-11-04'),
	('Morbi sem mauris, laoreet ut, rhoncus aliquet, pulvinar sed, nisl.', 'Black Heaven (L''autre monde) (Other World, The)', 'blanegran1j', 'Vestibulum quam sapien, varius ut, blandit non, interdum in, ante. Vestibulum ante ipsum primis in faucibus orci luctus et ultrices posuere cubilia Curae; Duis faucibus accumsan odio. Curabitur convallis.', 2, '2015-11-18'),
	('Morbi sem mauris, laoreet ut, rhoncus aliquet, pulvinar sed, nisl.', 'Brief Interviews with Hideous Men', 'idenes13', 'Mauris enim leo, rhoncus sed, vestibulum sit amet, cursus id, turpis. Integer aliquet, massa id lobortis convallis, tortor risus dapibus augue, vel accumsan tellus nisi eu orci. Mauris lacinia sapien quis libero.

Nullam sit amet turpis elementum ligula vehicula consequat. Morbi a ipsum. Integer a nibh.', 1, '2017-10-15'),
	('Morbi sem mauris, laoreet ut, rhoncus aliquet, pulvinar sed, nisl.', 'Champion, The', 'oshreenan25', 'Proin leo odio, porttitor id, consequat in, consequat ut, nulla. Sed accumsan felis. Ut at dolor quis odio consequat varius.

Integer ac leo. Pellentesque ultrices mattis odio. Donec vitae nisi.', 4, '2014-05-21'),
	('Morbi sem mauris, laoreet ut, rhoncus aliquet, pulvinar sed, nisl.', 'Desert Rats, The', 'abartomeux', 'Nulla ut erat id mauris vulputate elementum. Nullam varius. Nulla facilisi.', 2, '2011-04-13'),
	('Morbi sem mauris, laoreet ut, rhoncus aliquet, pulvinar sed, nisl.', 'High Tension (Haute tension) (Switchblade Romance)', 'mharrild1n', 'Fusce posuere felis sed lacus. Morbi sem mauris, laoreet ut, rhoncus aliquet, pulvinar sed, nisl. Nunc rhoncus dui vel sem.', 5, '2011-09-07'),
	('Morbi sem mauris, laoreet ut, rhoncus aliquet, pulvinar sed, nisl.', 'Wishmaster 3: Beyond the Gates of Hell', 'jmawd9', 'Morbi non lectus. Aliquam sit amet diam in magna bibendum imperdiet. Nullam orci pede, venenatis non, sodales sed, tincidunt eu, felis.', 4, '2011-08-26'),
	('Morbi ut odio.', 'Bachelor Party Vegas', 'cjobes1r', 'Morbi porttitor lorem id ligula. Suspendisse ornare consequat lectus. In est risus, auctor sed, tristique in, tempus sit amet, sem.

Fusce consequat. Nulla nisl. Nunc nisl.', 1, '2013-08-04'),
	('Morbi ut odio.', 'Beauty Is Embarrassing', 'saloshkin1y', 'Proin eu mi. Nulla ac enim. In tempor, turpis nec euismod scelerisque, quam turpis adipiscing lorem, vitae mattis nibh ligula nec sem.

Duis aliquam convallis nunc. Proin at turpis a pede posuere nonummy. Integer non velit.', 5, '2017-04-30'),
	('Morbi ut odio.', 'Heroic Ones, The (Shi san tai bao)', 'yrubinshtein2i', 'Curabitur gravida nisi at nibh. In hac habitasse platea dictumst. Aliquam augue quam, sollicitudin vitae, consectetuer eget, rutrum at, lorem.

Integer tincidunt ante vel ipsum. Praesent blandit lacinia erat. Vestibulum sed magna at nunc commodo placerat.', 3, '2011-01-07'),
	('Morbi ut odio.', 'Richard III', 'nmacknight2o', 'Nam ultrices, libero non mattis pulvinar, nulla pede ullamcorper augue, a suscipit nulla elit ac nulla. Sed vel enim sit amet nunc viverra dapibus. Nulla suscipit ligula in lacus.

Curabitur at ipsum ac tellus semper interdum. Mauris ullamcorper purus sit amet nulla. Quisque arcu libero, rutrum ac, lobortis vel, dapibus at, diam.', 3, '2017-04-12'),
	('Morbi ut odio.', 'Rulers of the City', 'lshirlaw2n', 'Phasellus sit amet erat. Nulla tempus. Vivamus in felis eu sapien cursus vestibulum.

Proin eu mi. Nulla ac enim. In tempor, turpis nec euismod scelerisque, quam turpis adipiscing lorem, vitae mattis nibh ligula nec sem.', 1, '2018-01-30'),
	('Morbi ut odio.', 'The Expanse', 'idenes13', 'Nullam porttitor lacus at turpis. Donec posuere metus vitae ipsum. Aliquam non mauris.

Morbi non lectus. Aliquam sit amet diam in magna bibendum imperdiet. Nullam orci pede, venenatis non, sodales sed, tincidunt eu, felis.', 2, '2015-03-23'),
	('Morbi ut odio.', 'The Hunters', 'dwhiteway2', 'Maecenas leo odio, condimentum id, luctus nec, molestie sed, justo. Pellentesque viverra pede ac diam. Cras pellentesque volutpat dui.', 2, '2016-03-05'),
	('Morbi vel lectus in quam fringilla rhoncus.', 'Champion, The', 'ajillardh', 'Phasellus in felis. Donec semper sapien a libero. Nam dui.

Proin leo odio, porttitor id, consequat in, consequat ut, nulla. Sed accumsan felis. Ut at dolor quis odio consequat varius.', 2, '2013-11-10'),
	('Morbi vel lectus in quam fringilla rhoncus.', 'Colt 38 Special Squad', 'jfakeleyu', 'Praesent id massa id nisl venenatis lacinia. Aenean sit amet justo. Morbi ut odio.

Cras mi pede, malesuada in, imperdiet et, commodo vulputate, justo. In blandit ultrices enim. Lorem ipsum dolor sit amet, consectetuer adipiscing elit.', 1, '2013-03-14'),
	('Morbi vel lectus in quam fringilla rhoncus.', 'Heroic Ones, The (Shi san tai bao)', 'nmacknight2o', 'Maecenas tristique, est et tempus semper, est quam pharetra magna, ac consequat metus sapien ut nunc. Vestibulum ante ipsum primis in faucibus orci luctus et ultrices posuere cubilia Curae; Mauris viverra diam vitae quam. Suspendisse potenti.', 1, '2015-05-14'),
	('Morbi vel lectus in quam fringilla rhoncus.', 'Rainmaker, The', 'cjobes1r', 'Fusce posuere felis sed lacus. Morbi sem mauris, laoreet ut, rhoncus aliquet, pulvinar sed, nisl. Nunc rhoncus dui vel sem.

Sed sagittis. Nam congue, risus semper porta volutpat, quam pede lobortis ligula, sit amet eleifend pede libero quis orci. Nullam molestie nibh in lectus.', 5, '2017-02-28'),
	('Morbi vel lectus in quam fringilla rhoncus.', 'Return of the Living Dead, The', 'cdorey1s', 'Maecenas ut massa quis augue luctus tincidunt. Nulla mollis molestie lorem. Quisque ut erat.', 4, '2011-09-14'),
	('Morbi vel lectus in quam fringilla rhoncus.', 'Riff-Raff', 'adominy1e', 'Proin interdum mauris non ligula pellentesque ultrices. Phasellus id sapien in sapien iaculis congue. Vivamus metus arcu, adipiscing molestie, hendrerit at, vulputate vitae, nisl.

Aenean lectus. Pellentesque eget nunc. Donec quis orci eget orci vehicula condimentum.', 5, '2011-10-03'),
	('Morbi vel lectus in quam fringilla rhoncus.', 'Sinbad: Legend of the Seven Seas', 'ejohanchonb', 'Duis aliquam convallis nunc. Proin at turpis a pede posuere nonummy. Integer non velit.', 4, '2019-08-21'),
	('Morbi vel lectus in quam fringilla rhoncus.', 'Sorcerer and the White Snake, The (Bai she chuan shuo)', 'smariyushkin2d', 'Quisque porta volutpat erat. Quisque erat eros, viverra eget, congue eget, semper rutrum, nulla. Nunc purus.', 4, '2012-03-22'),
	('Morbi vel lectus in quam fringilla rhoncus.', 'The Dust Bowl', 'adominy1e', 'Pellentesque at nulla. Suspendisse potenti. Cras in purus eu magna vulputate luctus.

Cum sociis natoque penatibus et magnis dis parturient montes, nascetur ridiculus mus. Vivamus vestibulum sagittis sapien. Cum sociis natoque penatibus et magnis dis parturient montes, nascetur ridiculus mus.', 3, '2013-08-21'),
	('Morbi vestibulum, velit id pretium iaculis, diam erat fermentum justo, nec condimentum neque sapien placerat ante.', 'Five Star Final', 'dsambedgej', 'Duis bibendum, felis sed interdum venenatis, turpis enim blandit mi, in porttitor pede justo eu massa. Donec dapibus. Duis at velit eu est congue elementum.

In hac habitasse platea dictumst. Morbi vestibulum, velit id pretium iaculis, diam erat fermentum justo, nec condimentum neque sapien placerat ante. Nulla justo.', 1, '2015-10-14'),
	('Morbi vestibulum, velit id pretium iaculis, diam erat fermentum justo, nec condimentum neque sapien placerat ante.', 'Gendernauts', 'tshallo2p', 'Morbi non lectus. Aliquam sit amet diam in magna bibendum imperdiet. Nullam orci pede, venenatis non, sodales sed, tincidunt eu, felis.

Fusce posuere felis sed lacus. Morbi sem mauris, laoreet ut, rhoncus aliquet, pulvinar sed, nisl. Nunc rhoncus dui vel sem.', 1, '2011-04-16'),
	('Nam congue, risus semper porta volutpat, quam pede lobortis ligula, sit amet eleifend pede libero quis orci.', 'Champion, The', 'opetterso', 'Proin interdum mauris non ligula pellentesque ultrices. Phasellus id sapien in sapien iaculis congue. Vivamus metus arcu, adipiscing molestie, hendrerit at, vulputate vitae, nisl.

Aenean lectus. Pellentesque eget nunc. Donec quis orci eget orci vehicula condimentum.', 5, '2018-01-24'),
	('Nam congue, risus semper porta volutpat, quam pede lobortis ligula, sit amet eleifend pede libero quis orci.', 'Cheerleaders, The', 'ktrebbett18', 'Cum sociis natoque penatibus et magnis dis parturient montes, nascetur ridiculus mus. Vivamus vestibulum sagittis sapien. Cum sociis natoque penatibus et magnis dis parturient montes, nascetur ridiculus mus.', 2, '2011-11-02'),
	('Nam congue, risus semper porta volutpat, quam pede lobortis ligula, sit amet eleifend pede libero quis orci.', 'Funeral Parade of Roses (Bara no sôretsu)', 'alambin1m', 'Maecenas ut massa quis augue luctus tincidunt. Nulla mollis molestie lorem. Quisque ut erat.

Curabitur gravida nisi at nibh. In hac habitasse platea dictumst. Aliquam augue quam, sollicitudin vitae, consectetuer eget, rutrum at, lorem.', 1, '2014-03-14'),
	('Nam congue, risus semper porta volutpat, quam pede lobortis ligula, sit amet eleifend pede libero quis orci.', 'Funeral Parade of Roses (Bara no sôretsu)', 'mikringill0', 'Nam ultrices, libero non mattis pulvinar, nulla pede ullamcorper augue, a suscipit nulla elit ac nulla. Sed vel enim sit amet nunc viverra dapibus. Nulla suscipit ligula in lacus.

Curabitur at ipsum ac tellus semper interdum. Mauris ullamcorper purus sit amet nulla. Quisque arcu libero, rutrum ac, lobortis vel, dapibus at, diam.', 4, '2014-01-20'),
	('Nam congue, risus semper porta volutpat, quam pede lobortis ligula, sit amet eleifend pede libero quis orci.', 'Kid, The', 'mikringill0', 'Quisque porta volutpat erat. Quisque erat eros, viverra eget, congue eget, semper rutrum, nulla. Nunc purus.

Phasellus in felis. Donec semper sapien a libero. Nam dui.', 4, '2019-09-20'),
	('Nam congue, risus semper porta volutpat, quam pede lobortis ligula, sit amet eleifend pede libero quis orci.', 'Mirage Men', 'ckalderong', 'Suspendisse potenti. In eleifend quam a odio. In hac habitasse platea dictumst.

Maecenas ut massa quis augue luctus tincidunt. Nulla mollis molestie lorem. Quisque ut erat.', 5, '2018-01-04'),
	('Nam congue, risus semper porta volutpat, quam pede lobortis ligula, sit amet eleifend pede libero quis orci.', 'Mystery (Fu cheng mi shi)', 'mboulden4', 'Cras mi pede, malesuada in, imperdiet et, commodo vulputate, justo. In blandit ultrices enim. Lorem ipsum dolor sit amet, consectetuer adipiscing elit.

Proin interdum mauris non ligula pellentesque ultrices. Phasellus id sapien in sapien iaculis congue. Vivamus metus arcu, adipiscing molestie, hendrerit at, vulputate vitae, nisl.', 4, '2016-12-18'),
	('Nam congue, risus semper porta volutpat, quam pede lobortis ligula, sit amet eleifend pede libero quis orci.', 'Our Vines Have Tender Grapes', 'lhaistwelln', 'Proin interdum mauris non ligula pellentesque ultrices. Phasellus id sapien in sapien iaculis congue. Vivamus metus arcu, adipiscing molestie, hendrerit at, vulputate vitae, nisl.

Aenean lectus. Pellentesque eget nunc. Donec quis orci eget orci vehicula condimentum.', 3, '2012-09-09'),
	('Nam congue, risus semper porta volutpat, quam pede lobortis ligula, sit amet eleifend pede libero quis orci.', 'Urusei Yatsura Movie 2: Beautiful Dreamer (Urusei Yatsura 2: Byûtifuru dorîmâ)', 'mloveitt2f', 'Curabitur in libero ut massa volutpat convallis. Morbi odio odio, elementum eu, interdum eu, tincidunt in, leo. Maecenas pulvinar lobortis est.

Phasellus sit amet erat. Nulla tempus. Vivamus in felis eu sapien cursus vestibulum.', 4, '2017-08-17'),
	('Nam congue, risus semper porta volutpat, quam pede lobortis ligula, sit amet eleifend pede libero quis orci.', 'Wildflowers', 'hcranston1d', 'Nullam sit amet turpis elementum ligula vehicula consequat. Morbi a ipsum. Integer a nibh.', 1, '2011-01-14'),
	('Nam dui.', 'Born American', 'wbatesonf', 'Integer tincidunt ante vel ipsum. Praesent blandit lacinia erat. Vestibulum sed magna at nunc commodo placerat.

Praesent blandit. Nam nulla. Integer pede justo, lacinia eget, tincidunt eget, tempus vel, pede.', 2, '2011-12-02'),
	('Nam dui.', 'Castle in the Desert (Charlie Chan in Castle in the Desert)', 'mgowdiem', 'Duis bibendum. Morbi non quam nec dui luctus rutrum. Nulla tellus.', 5, '2012-11-18'),
	('Nam dui.', 'Possession, The', 'ayoungea', 'Lorem ipsum dolor sit amet, consectetuer adipiscing elit. Proin risus. Praesent lectus.', 4, '2011-09-29'),
	('Nam dui.', 'Snakes and Earrings (Hebi ni piasu)', 'elebbern1l', 'Proin interdum mauris non ligula pellentesque ultrices. Phasellus id sapien in sapien iaculis congue. Vivamus metus arcu, adipiscing molestie, hendrerit at, vulputate vitae, nisl.

Aenean lectus. Pellentesque eget nunc. Donec quis orci eget orci vehicula condimentum.', 4, '2017-12-06'),
	('Nam dui.', 'Tai Chi Hero', 'ksteers1z', 'Integer ac leo. Pellentesque ultrices mattis odio. Donec vitae nisi.

Nam ultrices, libero non mattis pulvinar, nulla pede ullamcorper augue, a suscipit nulla elit ac nulla. Sed vel enim sit amet nunc viverra dapibus. Nulla suscipit ligula in lacus.', 4, '2016-06-25'),
	('Nam nulla.', '28 Days Later', 'hdelgado6', 'Nullam sit amet turpis elementum ligula vehicula consequat. Morbi a ipsum. Integer a nibh.', 1, '2013-01-07'),
	('Nam nulla.', 'Beauty Is Embarrassing', 'mshearmur1v', 'Proin leo odio, porttitor id, consequat in, consequat ut, nulla. Sed accumsan felis. Ut at dolor quis odio consequat varius.

Integer ac leo. Pellentesque ultrices mattis odio. Donec vitae nisi.', 1, '2012-09-18'),
	('Nam nulla.', 'Black Heaven (L''autre monde) (Other World, The)', 'sgoolding2b', 'Morbi non lectus. Aliquam sit amet diam in magna bibendum imperdiet. Nullam orci pede, venenatis non, sodales sed, tincidunt eu, felis.', 1, '2013-03-13'),
	('Nam nulla.', 'Laffghanistan: Comedy Down Range', 'hmilliken20', 'Duis aliquam convallis nunc. Proin at turpis a pede posuere nonummy. Integer non velit.', 5, '2015-10-26'),
	('Nam nulla.', 'Mean Girls 2', 'oroderigo2e', 'Maecenas ut massa quis augue luctus tincidunt. Nulla mollis molestie lorem. Quisque ut erat.', 1, '2019-05-03'),
	('Nam nulla.', 'Once Upon a Time in Anatolia (Bir zamanlar Anadolu''da)', 'dwhiteway2', 'Praesent blandit. Nam nulla. Integer pede justo, lacinia eget, tincidunt eget, tempus vel, pede.', 2, '2015-07-23'),
	('Nam nulla.', 'Pearls of the Crown, The (Les perles de la couronne)', 'ceidlerw', 'Quisque porta volutpat erat. Quisque erat eros, viverra eget, congue eget, semper rutrum, nulla. Nunc purus.

Phasellus in felis. Donec semper sapien a libero. Nam dui.', 5, '2013-02-28'),
	('Nam nulla.', 'The Devil Thumbs a Ride', 'ejohanchonb', 'In quis justo. Maecenas rhoncus aliquam lacus. Morbi quis tortor id nulla ultrices aliquet.', 1, '2017-09-30'),
	('Nam tristique tortor eu pede.', 'Crips and Bloods: Made in America', 'wayliffe24', 'In sagittis dui vel nisl. Duis ac nibh. Fusce lacus purus, aliquet at, feugiat non, pretium quis, lectus.', 5, '2018-06-29'),
	('Nam tristique tortor eu pede.', 'Employees'' Entrance', 'vjaumety', 'Fusce posuere felis sed lacus. Morbi sem mauris, laoreet ut, rhoncus aliquet, pulvinar sed, nisl. Nunc rhoncus dui vel sem.', 3, '2013-04-02'),
	('Nam tristique tortor eu pede.', 'High Tension (Haute tension) (Switchblade Romance)', 'ccochrane17', 'Aenean fermentum. Donec ut mauris eget massa tempor convallis. Nulla neque libero, convallis eget, eleifend luctus, ultricies eu, nibh.', 5, '2011-04-02'),
	('Nam tristique tortor eu pede.', 'Lady Oscar', 'cjobes1r', 'Phasellus sit amet erat. Nulla tempus. Vivamus in felis eu sapien cursus vestibulum.', 1, '2018-10-09'),
	('Nam tristique tortor eu pede.', 'Machete Maidens Unleashed!', 'aagglione1', 'Proin leo odio, porttitor id, consequat in, consequat ut, nulla. Sed accumsan felis. Ut at dolor quis odio consequat varius.

Integer ac leo. Pellentesque ultrices mattis odio. Donec vitae nisi.', 4, '2014-06-13'),
	('Nam tristique tortor eu pede.', 'MVP: Most Valuable Primate', 'alambin1m', 'Aenean lectus. Pellentesque eget nunc. Donec quis orci eget orci vehicula condimentum.', 5, '2017-05-23'),
	('Nam tristique tortor eu pede.', 'Way We Laughed, The (Così Ridevano)', 'pbrownsword1c', 'Phasellus sit amet erat. Nulla tempus. Vivamus in felis eu sapien cursus vestibulum.

Proin eu mi. Nulla ac enim. In tempor, turpis nec euismod scelerisque, quam turpis adipiscing lorem, vitae mattis nibh ligula nec sem.', 1, '2017-07-27'),
	('Nam ultrices, libero non mattis pulvinar, nulla pede ullamcorper augue, a suscipit nulla elit ac nulla.', 'Desi Boyz', 'hmilliken20', 'In hac habitasse platea dictumst. Etiam faucibus cursus urna. Ut tellus.

Nulla ut erat id mauris vulputate elementum. Nullam varius. Nulla facilisi.', 2, '2011-04-11'),
	('Nam ultrices, libero non mattis pulvinar, nulla pede ullamcorper augue, a suscipit nulla elit ac nulla.', 'Food, Inc.', 'oshreenan25', 'Integer ac leo. Pellentesque ultrices mattis odio. Donec vitae nisi.

Nam ultrices, libero non mattis pulvinar, nulla pede ullamcorper augue, a suscipit nulla elit ac nulla. Sed vel enim sit amet nunc viverra dapibus. Nulla suscipit ligula in lacus.', 4, '2017-08-22'),
	('Nam ultrices, libero non mattis pulvinar, nulla pede ullamcorper augue, a suscipit nulla elit ac nulla.', 'Golden Thread, The (Subarnarekha)', 'rlinnit2g', 'Praesent blandit. Nam nulla. Integer pede justo, lacinia eget, tincidunt eget, tempus vel, pede.

Morbi porttitor lorem id ligula. Suspendisse ornare consequat lectus. In est risus, auctor sed, tristique in, tempus sit amet, sem.', 1, '2011-07-29'),
	('Nam ultrices, libero non mattis pulvinar, nulla pede ullamcorper augue, a suscipit nulla elit ac nulla.', 'High Tension (Haute tension) (Switchblade Romance)', 'mdanielkiewicz22', 'Morbi porttitor lorem id ligula. Suspendisse ornare consequat lectus. In est risus, auctor sed, tristique in, tempus sit amet, sem.', 1, '2012-09-04'),
	('Nam ultrices, libero non mattis pulvinar, nulla pede ullamcorper augue, a suscipit nulla elit ac nulla.', 'The Hunters', 'oroderigo2e', 'Duis aliquam convallis nunc. Proin at turpis a pede posuere nonummy. Integer non velit.', 2, '2012-03-31'),
	('Nulla ac enim.', 'Another Harvest Moon', 'ddirkin2a', 'Integer tincidunt ante vel ipsum. Praesent blandit lacinia erat. Vestibulum sed magna at nunc commodo placerat.

Praesent blandit. Nam nulla. Integer pede justo, lacinia eget, tincidunt eget, tempus vel, pede.', 5, '2018-01-31'),
	('Nulla ac enim.', 'Battle for Marjah, The', 'cjobes1r', 'Proin interdum mauris non ligula pellentesque ultrices. Phasellus id sapien in sapien iaculis congue. Vivamus metus arcu, adipiscing molestie, hendrerit at, vulputate vitae, nisl.', 1, '2018-06-02'),
	('Nulla ac enim.', 'Breach', 'rheady5', 'Duis aliquam convallis nunc. Proin at turpis a pede posuere nonummy. Integer non velit.

Donec diam neque, vestibulum eget, vulputate ut, ultrices vel, augue. Vestibulum ante ipsum primis in faucibus orci luctus et ultrices posuere cubilia Curae; Donec pharetra, magna vestibulum aliquet ultrices, erat tortor sollicitudin mi, sit amet lobortis sapien sapien non mi. Integer ac neque.', 2, '2012-11-15'),
	('Nulla ac enim.', 'Happy End', 'mrainey2k', 'Nam ultrices, libero non mattis pulvinar, nulla pede ullamcorper augue, a suscipit nulla elit ac nulla. Sed vel enim sit amet nunc viverra dapibus. Nulla suscipit ligula in lacus.

Curabitur at ipsum ac tellus semper interdum. Mauris ullamcorper purus sit amet nulla. Quisque arcu libero, rutrum ac, lobortis vel, dapibus at, diam.', 3, '2012-05-07'),
	('Nulla ac enim.', 'Rainmaker, The', 'vtollow12', 'Pellentesque at nulla. Suspendisse potenti. Cras in purus eu magna vulputate luctus.

Cum sociis natoque penatibus et magnis dis parturient montes, nascetur ridiculus mus. Vivamus vestibulum sagittis sapien. Cum sociis natoque penatibus et magnis dis parturient montes, nascetur ridiculus mus.', 5, '2018-06-14'),
	('Nulla facilisi.', 'Edvard Munch', 'saloshkin1y', 'Maecenas ut massa quis augue luctus tincidunt. Nulla mollis molestie lorem. Quisque ut erat.', 3, '2013-03-07'),
	('Nulla facilisi.', 'Hundred and One Nights, A (Cent et une nuits de Simon Cinéma, Les)', 'msullens1b', 'Cras non velit nec nisi vulputate nonummy. Maecenas tincidunt lacus at velit. Vivamus vel nulla eget eros elementum pellentesque.', 3, '2012-11-27'),
	('Nulla facilisi.', 'The Hunters', 'adominy1e', 'Curabitur gravida nisi at nibh. In hac habitasse platea dictumst. Aliquam augue quam, sollicitudin vitae, consectetuer eget, rutrum at, lorem.

Integer tincidunt ante vel ipsum. Praesent blandit lacinia erat. Vestibulum sed magna at nunc commodo placerat.', 2, '2014-02-08'),
	('Nulla facilisi.', 'World Unseen, The', 'oshreenan25', 'Duis bibendum. Morbi non quam nec dui luctus rutrum. Nulla tellus.

In sagittis dui vel nisl. Duis ac nibh. Fusce lacus purus, aliquet at, feugiat non, pretium quis, lectus.', 3, '2013-02-25'),
	('Nulla justo.', 'Cave of Forgotten Dreams', 'tgerritzen1q', 'In sagittis dui vel nisl. Duis ac nibh. Fusce lacus purus, aliquet at, feugiat non, pretium quis, lectus.

Suspendisse potenti. In eleifend quam a odio. In hac habitasse platea dictumst.', 2, '2019-01-14'),
	('Nulla justo.', 'I''m the One That I Want', 'ktrebbett18', 'Mauris enim leo, rhoncus sed, vestibulum sit amet, cursus id, turpis. Integer aliquet, massa id lobortis convallis, tortor risus dapibus augue, vel accumsan tellus nisi eu orci. Mauris lacinia sapien quis libero.', 2, '2013-11-19'),
	('Nulla justo.', 'Marci X', 'mkalderonz', 'Cras non velit nec nisi vulputate nonummy. Maecenas tincidunt lacus at velit. Vivamus vel nulla eget eros elementum pellentesque.

Quisque porta volutpat erat. Quisque erat eros, viverra eget, congue eget, semper rutrum, nulla. Nunc purus.', 1, '2014-03-30'),
	('Nulla justo.', 'Red Baron, The (Der rote Baron)', 'oshreenan25', 'Proin interdum mauris non ligula pellentesque ultrices. Phasellus id sapien in sapien iaculis congue. Vivamus metus arcu, adipiscing molestie, hendrerit at, vulputate vitae, nisl.

Aenean lectus. Pellentesque eget nunc. Donec quis orci eget orci vehicula condimentum.', 4, '2012-01-06'),
	('Nulla mollis molestie lorem.', 'Champion, The', 'budell19', 'Fusce consequat. Nulla nisl. Nunc nisl.', 4, '2015-10-02'),
	('Nulla mollis molestie lorem.', 'Frequencies', 'abartomeux', 'Aenean fermentum. Donec ut mauris eget massa tempor convallis. Nulla neque libero, convallis eget, eleifend luctus, ultricies eu, nibh.

Quisque id justo sit amet sapien dignissim vestibulum. Vestibulum ante ipsum primis in faucibus orci luctus et ultrices posuere cubilia Curae; Nulla dapibus dolor vel est. Donec odio justo, sollicitudin ut, suscipit a, feugiat et, eros.', 5, '2012-08-06'),
	('Nulla mollis molestie lorem.', 'Network', 'ayoungea', 'Quisque porta volutpat erat. Quisque erat eros, viverra eget, congue eget, semper rutrum, nulla. Nunc purus.

Phasellus in felis. Donec semper sapien a libero. Nam dui.', 3, '2015-06-15'),
	('Nulla mollis molestie lorem.', 'No Direction Home: Bob Dylan', 'lcarss1t', 'Quisque porta volutpat erat. Quisque erat eros, viverra eget, congue eget, semper rutrum, nulla. Nunc purus.

Phasellus in felis. Donec semper sapien a libero. Nam dui.', 5, '2015-04-23'),
	('Nulla mollis molestie lorem.', 'Sinbad: Legend of the Seven Seas', 'jhentzer28', 'In hac habitasse platea dictumst. Etiam faucibus cursus urna. Ut tellus.', 1, '2013-10-28'),
	('Nulla mollis molestie lorem.', 'Snakes and Earrings (Hebi ni piasu)', 'rheady5', 'Nullam porttitor lacus at turpis. Donec posuere metus vitae ipsum. Aliquam non mauris.', 4, '2015-10-14'),
	('Nulla mollis molestie lorem.', 'The Boys', 'mshearmur1v', 'Proin interdum mauris non ligula pellentesque ultrices. Phasellus id sapien in sapien iaculis congue. Vivamus metus arcu, adipiscing molestie, hendrerit at, vulputate vitae, nisl.

Aenean lectus. Pellentesque eget nunc. Donec quis orci eget orci vehicula condimentum.', 5, '2015-02-22'),
	('Nulla mollis molestie lorem.', 'The Trap', 'dwylieq', 'Mauris enim leo, rhoncus sed, vestibulum sit amet, cursus id, turpis. Integer aliquet, massa id lobortis convallis, tortor risus dapibus augue, vel accumsan tellus nisi eu orci. Mauris lacinia sapien quis libero.

Nullam sit amet turpis elementum ligula vehicula consequat. Morbi a ipsum. Integer a nibh.', 5, '2013-04-11'),
	('Nulla neque libero, convallis eget, eleifend luctus, ultricies eu, nibh.', '13th Warrior, The', 'oquarless1f', 'Suspendisse potenti. In eleifend quam a odio. In hac habitasse platea dictumst.

Maecenas ut massa quis augue luctus tincidunt. Nulla mollis molestie lorem. Quisque ut erat.', 2, '2019-01-07'),
	('Nulla neque libero, convallis eget, eleifend luctus, ultricies eu, nibh.', 'Astronaut''s Wife, The', 'fchellenham16', 'Pellentesque at nulla. Suspendisse potenti. Cras in purus eu magna vulputate luctus.

Cum sociis natoque penatibus et magnis dis parturient montes, nascetur ridiculus mus. Vivamus vestibulum sagittis sapien. Cum sociis natoque penatibus et magnis dis parturient montes, nascetur ridiculus mus.', 5, '2016-02-17'),
	('Nulla neque libero, convallis eget, eleifend luctus, ultricies eu, nibh.', 'Bachelor Party Vegas', 'nmacknight2o', 'Cras non velit nec nisi vulputate nonummy. Maecenas tincidunt lacus at velit. Vivamus vel nulla eget eros elementum pellentesque.', 4, '2011-03-22'),
	('Nulla neque libero, convallis eget, eleifend luctus, ultricies eu, nibh.', 'Deadline - U.S.A.', 'mdanielkiewicz22', 'Cras mi pede, malesuada in, imperdiet et, commodo vulputate, justo. In blandit ultrices enim. Lorem ipsum dolor sit amet, consectetuer adipiscing elit.

Proin interdum mauris non ligula pellentesque ultrices. Phasellus id sapien in sapien iaculis congue. Vivamus metus arcu, adipiscing molestie, hendrerit at, vulputate vitae, nisl.', 3, '2016-11-10'),
	('Nulla neque libero, convallis eget, eleifend luctus, ultricies eu, nibh.', 'Firewalker', 'dfoulks2c', 'Integer tincidunt ante vel ipsum. Praesent blandit lacinia erat. Vestibulum sed magna at nunc commodo placerat.', 1, '2012-08-18'),
	('Nulla neque libero, convallis eget, eleifend luctus, ultricies eu, nibh.', 'Hundred and One Nights, A (Cent et une nuits de Simon Cinéma, Les)', 'smariyushkin2d', 'In hac habitasse platea dictumst. Etiam faucibus cursus urna. Ut tellus.

Nulla ut erat id mauris vulputate elementum. Nullam varius. Nulla facilisi.', 5, '2017-12-02'),
	('Nulla neque libero, convallis eget, eleifend luctus, ultricies eu, nibh.', 'Jive Turkey', 'ayoungea', 'Morbi non lectus. Aliquam sit amet diam in magna bibendum imperdiet. Nullam orci pede, venenatis non, sodales sed, tincidunt eu, felis.', 1, '2016-06-13'),
	('Nulla neque libero, convallis eget, eleifend luctus, ultricies eu, nibh.', 'Kagi (Odd Obsession)', 'hcranston1d', 'Vestibulum quam sapien, varius ut, blandit non, interdum in, ante. Vestibulum ante ipsum primis in faucibus orci luctus et ultrices posuere cubilia Curae; Duis faucibus accumsan odio. Curabitur convallis.', 3, '2019-01-07'),
	('Nulla neque libero, convallis eget, eleifend luctus, ultricies eu, nibh.', 'Mumia Abu-Jamal: A Case for Reasonable Doubt?', 'lhaistwelln', 'Praesent blandit. Nam nulla. Integer pede justo, lacinia eget, tincidunt eget, tempus vel, pede.', 5, '2013-09-15'),
	('Nulla neque libero, convallis eget, eleifend luctus, ultricies eu, nibh.', 'Red Garters', 'blanegran1j', 'Phasellus sit amet erat. Nulla tempus. Vivamus in felis eu sapien cursus vestibulum.', 3, '2016-05-03'),
	('Nulla neque libero, convallis eget, eleifend luctus, ultricies eu, nibh.', 'Taqwacore: The Birth of Punk Islam', 'twanek3', 'Integer ac leo. Pellentesque ultrices mattis odio. Donec vitae nisi.

Nam ultrices, libero non mattis pulvinar, nulla pede ullamcorper augue, a suscipit nulla elit ac nulla. Sed vel enim sit amet nunc viverra dapibus. Nulla suscipit ligula in lacus.', 4, '2013-07-09'),
	('Nulla neque libero, convallis eget, eleifend luctus, ultricies eu, nibh.', 'Until Death', 'mkalderonz', 'In hac habitasse platea dictumst. Morbi vestibulum, velit id pretium iaculis, diam erat fermentum justo, nec condimentum neque sapien placerat ante. Nulla justo.

Aliquam quis turpis eget elit sodales scelerisque. Mauris sit amet eros. Suspendisse accumsan tortor quis turpis.', 5, '2013-02-01'),
	('Nulla nisl.', 'Another Harvest Moon', 'jaspinall1p', 'Proin interdum mauris non ligula pellentesque ultrices. Phasellus id sapien in sapien iaculis congue. Vivamus metus arcu, adipiscing molestie, hendrerit at, vulputate vitae, nisl.

Aenean lectus. Pellentesque eget nunc. Donec quis orci eget orci vehicula condimentum.', 2, '2015-12-12'),
	('Nulla nisl.', 'Grimm Love (Rohtenburg)', 'aagglione1', 'Curabitur in libero ut massa volutpat convallis. Morbi odio odio, elementum eu, interdum eu, tincidunt in, leo. Maecenas pulvinar lobortis est.

Phasellus sit amet erat. Nulla tempus. Vivamus in felis eu sapien cursus vestibulum.', 5, '2018-07-01'),
	('Nulla nisl.', 'I''m the One That I Want', 'mkalderonz', 'Lorem ipsum dolor sit amet, consectetuer adipiscing elit. Proin risus. Praesent lectus.', 4, '2014-07-26'),
	('Nulla nisl.', 'The Boogens', 'oshreenan25', 'Mauris enim leo, rhoncus sed, vestibulum sit amet, cursus id, turpis. Integer aliquet, massa id lobortis convallis, tortor risus dapibus augue, vel accumsan tellus nisi eu orci. Mauris lacinia sapien quis libero.', 1, '2018-06-03'),
	('Nulla nisl.', 'Thunderbolt and Lightfoot', 'yrubinshtein2i', 'Nulla ut erat id mauris vulputate elementum. Nullam varius. Nulla facilisi.', 4, '2015-03-09'),
	('Nulla suscipit ligula in lacus.', 'Born Romantic', 'elebbern1l', 'Phasellus in felis. Donec semper sapien a libero. Nam dui.', 3, '2017-01-14'),
	('Nulla suscipit ligula in lacus.', 'Brief Interviews with Hideous Men', 'tcleverly1g', 'Morbi non lectus. Aliquam sit amet diam in magna bibendum imperdiet. Nullam orci pede, venenatis non, sodales sed, tincidunt eu, felis.', 3, '2014-07-07'),
	('Nulla suscipit ligula in lacus.', 'Flash Point (a.k.a. Flashpoint) (Dou fo sin)', 'lbrownstein7', 'Lorem ipsum dolor sit amet, consectetuer adipiscing elit. Proin risus. Praesent lectus.', 4, '2018-07-31'),
	('Nulla suscipit ligula in lacus.', 'Grimm Love (Rohtenburg)', 'mboulden4', 'Donec diam neque, vestibulum eget, vulputate ut, ultrices vel, augue. Vestibulum ante ipsum primis in faucibus orci luctus et ultrices posuere cubilia Curae; Donec pharetra, magna vestibulum aliquet ultrices, erat tortor sollicitudin mi, sit amet lobortis sapien sapien non mi. Integer ac neque.', 3, '2014-10-08'),
	('Nulla suscipit ligula in lacus.', 'Human Lanterns (Ren pi deng long)', 'jaspinall1p', 'Suspendisse potenti. In eleifend quam a odio. In hac habitasse platea dictumst.', 5, '2011-05-27'),
	('Nulla suscipit ligula in lacus.', 'London River', 'nmacknight2o', 'Duis consequat dui nec nisi volutpat eleifend. Donec ut dolor. Morbi vel lectus in quam fringilla rhoncus.', 5, '2011-02-15'),
	('Nulla suscipit ligula in lacus.', 'Richard III', 'mprickettk', 'Duis bibendum, felis sed interdum venenatis, turpis enim blandit mi, in porttitor pede justo eu massa. Donec dapibus. Duis at velit eu est congue elementum.', 2, '2018-11-29'),
	('Nulla suscipit ligula in lacus.', 'Tuvalu', 'wayliffe24', 'Etiam vel augue. Vestibulum rutrum rutrum neque. Aenean auctor gravida sem.', 3, '2012-12-06'),
	('Nulla tellus.', 'Empty Nest (El nido vacío)', 'mwinsor10', 'Duis consequat dui nec nisi volutpat eleifend. Donec ut dolor. Morbi vel lectus in quam fringilla rhoncus.', 3, '2016-09-03'),
	('Nulla tellus.', 'I''m the One That I Want', 'tshallo2p', 'Pellentesque at nulla. Suspendisse potenti. Cras in purus eu magna vulputate luctus.', 3, '2011-04-24'),
	('Nulla tellus.', 'Rainmaker, The', 'mverlanderc', 'Nulla ut erat id mauris vulputate elementum. Nullam varius. Nulla facilisi.

Cras non velit nec nisi vulputate nonummy. Maecenas tincidunt lacus at velit. Vivamus vel nulla eget eros elementum pellentesque.', 2, '2012-06-29'),
	('Nulla tellus.', 'Richard III', 'ksteers1z', 'Praesent id massa id nisl venenatis lacinia. Aenean sit amet justo. Morbi ut odio.

Cras mi pede, malesuada in, imperdiet et, commodo vulputate, justo. In blandit ultrices enim. Lorem ipsum dolor sit amet, consectetuer adipiscing elit.', 3, '2018-08-02'),
	('Nulla tellus.', 'Seraphim Falls', 'oquarless1f', 'Duis bibendum, felis sed interdum venenatis, turpis enim blandit mi, in porttitor pede justo eu massa. Donec dapibus. Duis at velit eu est congue elementum.', 5, '2011-09-20'),
	('Nulla tellus.', 'Watermarks', 'alambin1m', 'Nullam sit amet turpis elementum ligula vehicula consequat. Morbi a ipsum. Integer a nibh.

In quis justo. Maecenas rhoncus aliquam lacus. Morbi quis tortor id nulla ultrices aliquet.', 1, '2015-04-23'),
	('Nulla tempus.', 'Ascension', 'jmossop21', 'Duis aliquam convallis nunc. Proin at turpis a pede posuere nonummy. Integer non velit.', 2, '2014-11-22'),
	('Nulla tempus.', 'Kid, The', 'nmckeighant', 'Cum sociis natoque penatibus et magnis dis parturient montes, nascetur ridiculus mus. Vivamus vestibulum sagittis sapien. Cum sociis natoque penatibus et magnis dis parturient montes, nascetur ridiculus mus.

Etiam vel augue. Vestibulum rutrum rutrum neque. Aenean auctor gravida sem.', 3, '2017-07-08'),
	('Nulla tempus.', 'Muppet Musicians of Bremen, The', 'jaspinall1p', 'Fusce consequat. Nulla nisl. Nunc nisl.

Duis bibendum, felis sed interdum venenatis, turpis enim blandit mi, in porttitor pede justo eu massa. Donec dapibus. Duis at velit eu est congue elementum.', 1, '2012-09-16'),
	('Nulla tempus.', 'Simpatico', 'vtollow12', 'Duis aliquam convallis nunc. Proin at turpis a pede posuere nonummy. Integer non velit.', 1, '2017-01-03'),
	('Nulla ut erat id mauris vulputate elementum.', '2:13', 'mboulden4', 'In congue. Etiam justo. Etiam pretium iaculis justo.', 2, '2013-05-12'),
	('Nulla ut erat id mauris vulputate elementum.', 'Cross of Iron', 'tcleverly1g', 'Lorem ipsum dolor sit amet, consectetuer adipiscing elit. Proin risus. Praesent lectus.

Vestibulum quam sapien, varius ut, blandit non, interdum in, ante. Vestibulum ante ipsum primis in faucibus orci luctus et ultrices posuere cubilia Curae; Duis faucibus accumsan odio. Curabitur convallis.', 5, '2018-03-14'),
	('Nulla ut erat id mauris vulputate elementum.', 'Notorious', 'apopplestone29', 'Praesent blandit. Nam nulla. Integer pede justo, lacinia eget, tincidunt eget, tempus vel, pede.', 1, '2017-02-07'),
	('Nulla ut erat id mauris vulputate elementum.', 'Payment Deferred', 'hmilliken20', 'Suspendisse potenti. In eleifend quam a odio. In hac habitasse platea dictumst.

Maecenas ut massa quis augue luctus tincidunt. Nulla mollis molestie lorem. Quisque ut erat.', 1, '2018-01-22'),
	('Nulla ut erat id mauris vulputate elementum.', 'Tuvalu', 'budell19', 'Praesent id massa id nisl venenatis lacinia. Aenean sit amet justo. Morbi ut odio.', 1, '2015-08-01'),
	('Nulla ut erat id mauris vulputate elementum.', 'Urusei Yatsura Movie 2: Beautiful Dreamer (Urusei Yatsura 2: Byûtifuru dorîmâ)', 'ceidlerw', 'Maecenas ut massa quis augue luctus tincidunt. Nulla mollis molestie lorem. Quisque ut erat.

Curabitur gravida nisi at nibh. In hac habitasse platea dictumst. Aliquam augue quam, sollicitudin vitae, consectetuer eget, rutrum at, lorem.', 5, '2015-05-17'),
	('Nulla ut erat id mauris vulputate elementum.', 'Wildflowers', 'oroderigo2e', 'Integer ac leo. Pellentesque ultrices mattis odio. Donec vitae nisi.', 5, '2015-12-31'),
	('Nulla ut erat id mauris vulputate elementum.', 'Wishmaster 3: Beyond the Gates of Hell', 'mkalderonz', 'Cras mi pede, malesuada in, imperdiet et, commodo vulputate, justo. In blandit ultrices enim. Lorem ipsum dolor sit amet, consectetuer adipiscing elit.', 1, '2014-06-09'),
	('Nullam molestie nibh in lectus.', 'Golden Thread, The (Subarnarekha)', 'rlinnit2g', 'Mauris enim leo, rhoncus sed, vestibulum sit amet, cursus id, turpis. Integer aliquet, massa id lobortis convallis, tortor risus dapibus augue, vel accumsan tellus nisi eu orci. Mauris lacinia sapien quis libero.

Nullam sit amet turpis elementum ligula vehicula consequat. Morbi a ipsum. Integer a nibh.', 2, '2013-10-25'),
	('Nullam molestie nibh in lectus.', 'Riff-Raff', 'mboulden4', 'Nullam porttitor lacus at turpis. Donec posuere metus vitae ipsum. Aliquam non mauris.

Morbi non lectus. Aliquam sit amet diam in magna bibendum imperdiet. Nullam orci pede, venenatis non, sodales sed, tincidunt eu, felis.', 4, '2011-10-31'),
	('Nullam molestie nibh in lectus.', 'The Boys', 'ktrebbett18', 'Lorem ipsum dolor sit amet, consectetuer adipiscing elit. Proin risus. Praesent lectus.

Vestibulum quam sapien, varius ut, blandit non, interdum in, ante. Vestibulum ante ipsum primis in faucibus orci luctus et ultrices posuere cubilia Curae; Duis faucibus accumsan odio. Curabitur convallis.', 2, '2012-01-07'),
	('Nullam molestie nibh in lectus.', 'Watermarks', 'dwylieq', 'Nullam sit amet turpis elementum ligula vehicula consequat. Morbi a ipsum. Integer a nibh.', 2, '2012-01-13'),
	('Nullam orci pede, venenatis non, sodales sed, tincidunt eu, felis.', 'Fat Head', 'vjaumety', 'Fusce consequat. Nulla nisl. Nunc nisl.', 4, '2016-10-11'),
	('Nullam orci pede, venenatis non, sodales sed, tincidunt eu, felis.', 'Golden Thread, The (Subarnarekha)', 'ljelleyv', 'Mauris enim leo, rhoncus sed, vestibulum sit amet, cursus id, turpis. Integer aliquet, massa id lobortis convallis, tortor risus dapibus augue, vel accumsan tellus nisi eu orci. Mauris lacinia sapien quis libero.', 4, '2015-08-16'),
	('Nullam orci pede, venenatis non, sodales sed, tincidunt eu, felis.', 'Mental', 'fsaffilll', 'Pellentesque at nulla. Suspendisse potenti. Cras in purus eu magna vulputate luctus.

Cum sociis natoque penatibus et magnis dis parturient montes, nascetur ridiculus mus. Vivamus vestibulum sagittis sapien. Cum sociis natoque penatibus et magnis dis parturient montes, nascetur ridiculus mus.', 5, '2018-02-15'),
	('Nullam orci pede, venenatis non, sodales sed, tincidunt eu, felis.', 'Nobody Else But You (Poupoupidou)', 'jfakeleyu', 'Morbi porttitor lorem id ligula. Suspendisse ornare consequat lectus. In est risus, auctor sed, tristique in, tempus sit amet, sem.', 1, '2012-11-14'),
	('Nullam orci pede, venenatis non, sodales sed, tincidunt eu, felis.', 'The Trap', 'mverlanderc', 'Duis bibendum. Morbi non quam nec dui luctus rutrum. Nulla tellus.

In sagittis dui vel nisl. Duis ac nibh. Fusce lacus purus, aliquet at, feugiat non, pretium quis, lectus.', 3, '2013-12-03'),
	('Nullam porttitor lacus at turpis.', 'Black Mirror', 'saloshkin1y', 'Curabitur at ipsum ac tellus semper interdum. Mauris ullamcorper purus sit amet nulla. Quisque arcu libero, rutrum ac, lobortis vel, dapibus at, diam.', 5, '2012-06-30'),
	('Nullam porttitor lacus at turpis.', 'Hundred and One Nights, A (Cent et une nuits de Simon Cinéma, Les)', 'nklageman15', 'Cras non velit nec nisi vulputate nonummy. Maecenas tincidunt lacus at velit. Vivamus vel nulla eget eros elementum pellentesque.

Quisque porta volutpat erat. Quisque erat eros, viverra eget, congue eget, semper rutrum, nulla. Nunc purus.', 4, '2016-04-11'),
	('Nullam porttitor lacus at turpis.', 'Jive Turkey', 'mboulden4', 'Morbi non lectus. Aliquam sit amet diam in magna bibendum imperdiet. Nullam orci pede, venenatis non, sodales sed, tincidunt eu, felis.

Fusce posuere felis sed lacus. Morbi sem mauris, laoreet ut, rhoncus aliquet, pulvinar sed, nisl. Nunc rhoncus dui vel sem.', 4, '2019-05-23'),
	('Nullam porttitor lacus at turpis.', 'Power of One, The', 'dcrookshanks27', 'Aenean lectus. Pellentesque eget nunc. Donec quis orci eget orci vehicula condimentum.

Curabitur in libero ut massa volutpat convallis. Morbi odio odio, elementum eu, interdum eu, tincidunt in, leo. Maecenas pulvinar lobortis est.', 2, '2013-08-15'),
	('Nullam porttitor lacus at turpis.', 'Watermarks', 'bscarman2r', 'Aenean fermentum. Donec ut mauris eget massa tempor convallis. Nulla neque libero, convallis eget, eleifend luctus, ultricies eu, nibh.

Quisque id justo sit amet sapien dignissim vestibulum. Vestibulum ante ipsum primis in faucibus orci luctus et ultrices posuere cubilia Curae; Nulla dapibus dolor vel est. Donec odio justo, sollicitudin ut, suscipit a, feugiat et, eros.', 1, '2016-03-25'),
	('Nullam porttitor lacus at turpis.', 'Wildflowers', 'sbeddinghamd', 'Nullam porttitor lacus at turpis. Donec posuere metus vitae ipsum. Aliquam non mauris.', 3, '2017-04-25'),
	('Nullam sit amet turpis elementum ligula vehicula consequat.', 'Flash Point (a.k.a. Flashpoint) (Dou fo sin)', 'wbatesonf', 'Vestibulum ac est lacinia nisi venenatis tristique. Fusce congue, diam id ornare imperdiet, sapien urna pretium nisl, ut volutpat sapien arcu sed augue. Aliquam erat volutpat.', 5, '2014-03-09'),
	('Nullam sit amet turpis elementum ligula vehicula consequat.', 'Food, Inc.', 'mpollastrinoi', 'Nam ultrices, libero non mattis pulvinar, nulla pede ullamcorper augue, a suscipit nulla elit ac nulla. Sed vel enim sit amet nunc viverra dapibus. Nulla suscipit ligula in lacus.', 2, '2014-09-19'),
	('Nullam sit amet turpis elementum ligula vehicula consequat.', 'Jive Turkey', 'sbeddinghamd', 'Morbi porttitor lorem id ligula. Suspendisse ornare consequat lectus. In est risus, auctor sed, tristique in, tempus sit amet, sem.', 2, '2018-07-06'),
	('Nullam sit amet turpis elementum ligula vehicula consequat.', 'Lonely Villa, The', 'aagglione1', 'Lorem ipsum dolor sit amet, consectetuer adipiscing elit. Proin risus. Praesent lectus.', 3, '2018-08-20'),
	('Nullam sit amet turpis elementum ligula vehicula consequat.', 'Payment Deferred', 'ayoungea', 'Nulla ut erat id mauris vulputate elementum. Nullam varius. Nulla facilisi.', 3, '2013-12-22'),
	('Nullam sit amet turpis elementum ligula vehicula consequat.', 'Red Baron, The (Der rote Baron)', 'wayliffe24', 'Pellentesque at nulla. Suspendisse potenti. Cras in purus eu magna vulputate luctus.', 4, '2015-05-01'),
	('Nullam sit amet turpis elementum ligula vehicula consequat.', 'Tactical Force', 'tgerritzen1q', 'Donec diam neque, vestibulum eget, vulputate ut, ultrices vel, augue. Vestibulum ante ipsum primis in faucibus orci luctus et ultrices posuere cubilia Curae; Donec pharetra, magna vestibulum aliquet ultrices, erat tortor sollicitudin mi, sit amet lobortis sapien sapien non mi. Integer ac neque.

Duis bibendum. Morbi non quam nec dui luctus rutrum. Nulla tellus.', 2, '2016-07-18'),
	('Nullam sit amet turpis elementum ligula vehicula consequat.', 'Wildflowers', 'aagglione1', 'Cum sociis natoque penatibus et magnis dis parturient montes, nascetur ridiculus mus. Vivamus vestibulum sagittis sapien. Cum sociis natoque penatibus et magnis dis parturient montes, nascetur ridiculus mus.', 4, '2018-01-05'),
	('Nullam varius.', 'After the Wedding (Efter brylluppet)', 'mdanielkiewicz22', 'Fusce consequat. Nulla nisl. Nunc nisl.', 4, '2016-09-20'),
	('Nullam varius.', 'Another Harvest Moon', 'jmawd9', 'Duis bibendum. Morbi non quam nec dui luctus rutrum. Nulla tellus.', 5, '2016-07-06'),
	('Nullam varius.', 'Network', 'elebbern1l', 'In sagittis dui vel nisl. Duis ac nibh. Fusce lacus purus, aliquet at, feugiat non, pretium quis, lectus.

Suspendisse potenti. In eleifend quam a odio. In hac habitasse platea dictumst.', 1, '2015-07-28'),
	('Nullam varius.', 'Seed', 'mpollastrinoi', 'Aenean lectus. Pellentesque eget nunc. Donec quis orci eget orci vehicula condimentum.', 2, '2017-11-04'),
	('Nullam varius.', 'Super Capers', 'wbatesonf', 'Pellentesque at nulla. Suspendisse potenti. Cras in purus eu magna vulputate luctus.', 2, '2016-10-06'),
	('Nullam varius.', 'Zero de conduite (Zero for Conduct) (Zéro de conduite: Jeunes diables au collège)', 'oroderigo2e', 'Praesent blandit. Nam nulla. Integer pede justo, lacinia eget, tincidunt eget, tempus vel, pede.', 2, '2013-01-30'),
	('Nunc nisl.', '2:13', 'abartomeux', 'Nullam sit amet turpis elementum ligula vehicula consequat. Morbi a ipsum. Integer a nibh.', 2, '2011-10-02'),
	('Nunc nisl.', 'History of Hell (Rosas Höllenfahrt)', 'cjobes1r', 'Aenean fermentum. Donec ut mauris eget massa tempor convallis. Nulla neque libero, convallis eget, eleifend luctus, ultricies eu, nibh.', 5, '2014-05-26'),
	('Nunc nisl.', 'Machete Maidens Unleashed!', 'cchampkins2l', 'Lorem ipsum dolor sit amet, consectetuer adipiscing elit. Proin risus. Praesent lectus.', 5, '2018-09-13'),
	('Nunc nisl.', 'New Year''s Eve', 'wayliffe24', 'Aliquam quis turpis eget elit sodales scelerisque. Mauris sit amet eros. Suspendisse accumsan tortor quis turpis.

Sed ante. Vivamus tortor. Duis mattis egestas metus.', 4, '2019-01-03'),
	('Nunc purus.', '12', 'lshirlaw2n', 'In hac habitasse platea dictumst. Etiam faucibus cursus urna. Ut tellus.

Nulla ut erat id mauris vulputate elementum. Nullam varius. Nulla facilisi.', 5, '2014-10-28'),
	('Nunc purus.', 'After the Wedding (Efter brylluppet)', 'oshreenan25', 'Maecenas tristique, est et tempus semper, est quam pharetra magna, ac consequat metus sapien ut nunc. Vestibulum ante ipsum primis in faucibus orci luctus et ultrices posuere cubilia Curae; Mauris viverra diam vitae quam. Suspendisse potenti.', 2, '2015-11-19'),
	('Nunc purus.', 'Born American', 'yrubinshtein2i', 'Nullam sit amet turpis elementum ligula vehicula consequat. Morbi a ipsum. Integer a nibh.', 5, '2016-07-19'),
	('Nunc purus.', 'Cold Weather', 'dkunes23', 'Proin eu mi. Nulla ac enim. In tempor, turpis nec euismod scelerisque, quam turpis adipiscing lorem, vitae mattis nibh ligula nec sem.

Duis aliquam convallis nunc. Proin at turpis a pede posuere nonummy. Integer non velit.', 2, '2018-08-02'),
	('Nunc purus.', 'Mirage Men', 'oroderigo2e', 'Quisque id justo sit amet sapien dignissim vestibulum. Vestibulum ante ipsum primis in faucibus orci luctus et ultrices posuere cubilia Curae; Nulla dapibus dolor vel est. Donec odio justo, sollicitudin ut, suscipit a, feugiat et, eros.

Vestibulum ac est lacinia nisi venenatis tristique. Fusce congue, diam id ornare imperdiet, sapien urna pretium nisl, ut volutpat sapien arcu sed augue. Aliquam erat volutpat.', 2, '2018-12-08'),
	('Nunc purus.', 'Mirage Men', 'wayliffe24', 'In hac habitasse platea dictumst. Morbi vestibulum, velit id pretium iaculis, diam erat fermentum justo, nec condimentum neque sapien placerat ante. Nulla justo.

Aliquam quis turpis eget elit sodales scelerisque. Mauris sit amet eros. Suspendisse accumsan tortor quis turpis.', 1, '2014-07-02'),
	('Nunc purus.', 'MVP: Most Valuable Primate', 'mpollastrinoi', 'Phasellus in felis. Donec semper sapien a libero. Nam dui.

Proin leo odio, porttitor id, consequat in, consequat ut, nulla. Sed accumsan felis. Ut at dolor quis odio consequat varius.', 1, '2013-05-04'),
	('Nunc rhoncus dui vel sem.', 'Ascension', 'afallows14', 'Fusce consequat. Nulla nisl. Nunc nisl.', 1, '2016-10-03'),
	('Nunc rhoncus dui vel sem.', 'Beauty Is Embarrassing', 'fchellenham16', 'Nam ultrices, libero non mattis pulvinar, nulla pede ullamcorper augue, a suscipit nulla elit ac nulla. Sed vel enim sit amet nunc viverra dapibus. Nulla suscipit ligula in lacus.

Curabitur at ipsum ac tellus semper interdum. Mauris ullamcorper purus sit amet nulla. Quisque arcu libero, rutrum ac, lobortis vel, dapibus at, diam.', 1, '2014-03-11'),
	('Nunc rhoncus dui vel sem.', 'Breach', 'lbrownstein7', 'Vestibulum ac est lacinia nisi venenatis tristique. Fusce congue, diam id ornare imperdiet, sapien urna pretium nisl, ut volutpat sapien arcu sed augue. Aliquam erat volutpat.', 2, '2015-12-10'),
	('Nunc rhoncus dui vel sem.', 'Brimstone and Treacle', 'mwinsor10', 'Nam ultrices, libero non mattis pulvinar, nulla pede ullamcorper augue, a suscipit nulla elit ac nulla. Sed vel enim sit amet nunc viverra dapibus. Nulla suscipit ligula in lacus.', 1, '2014-09-17'),
	('Nunc rhoncus dui vel sem.', 'Desi Boyz', 'pleivesley2h', 'Curabitur at ipsum ac tellus semper interdum. Mauris ullamcorper purus sit amet nulla. Quisque arcu libero, rutrum ac, lobortis vel, dapibus at, diam.', 3, '2015-08-30'),
	('Nunc rhoncus dui vel sem.', 'Flash Point (a.k.a. Flashpoint) (Dou fo sin)', 'fkarby1k', 'In hac habitasse platea dictumst. Etiam faucibus cursus urna. Ut tellus.

Nulla ut erat id mauris vulputate elementum. Nullam varius. Nulla facilisi.', 1, '2014-09-20'),
	('Nunc rhoncus dui vel sem.', 'Haunting, The', 'dwylieq', 'Mauris enim leo, rhoncus sed, vestibulum sit amet, cursus id, turpis. Integer aliquet, massa id lobortis convallis, tortor risus dapibus augue, vel accumsan tellus nisi eu orci. Mauris lacinia sapien quis libero.', 4, '2018-11-16'),
	('Nunc rhoncus dui vel sem.', 'In Name Only', 'smariyushkin2d', 'Vestibulum ac est lacinia nisi venenatis tristique. Fusce congue, diam id ornare imperdiet, sapien urna pretium nisl, ut volutpat sapien arcu sed augue. Aliquam erat volutpat.', 3, '2015-04-13'),
	('Nunc rhoncus dui vel sem.', 'Planet of the Vampires (Terrore nello spazio)', 'hdelgado6', 'Etiam vel augue. Vestibulum rutrum rutrum neque. Aenean auctor gravida sem.', 1, '2012-12-01'),
	('Nunc rhoncus dui vel sem.', 'Son of Lassie', 'mkalderonz', 'Nulla ut erat id mauris vulputate elementum. Nullam varius. Nulla facilisi.', 5, '2016-06-26'),
	('Pellentesque at nulla.', 'Battle for Marjah, The', 'afallows14', 'Duis aliquam convallis nunc. Proin at turpis a pede posuere nonummy. Integer non velit.', 3, '2011-07-09'),
	('Pellentesque at nulla.', 'Champion, The', 'nmouths', 'Quisque id justo sit amet sapien dignissim vestibulum. Vestibulum ante ipsum primis in faucibus orci luctus et ultrices posuere cubilia Curae; Nulla dapibus dolor vel est. Donec odio justo, sollicitudin ut, suscipit a, feugiat et, eros.', 1, '2014-06-09'),
	('Pellentesque at nulla.', 'Colt 38 Special Squad', 'smariyushkin2d', 'Cras non velit nec nisi vulputate nonummy. Maecenas tincidunt lacus at velit. Vivamus vel nulla eget eros elementum pellentesque.', 5, '2018-12-02'),
	('Pellentesque at nulla.', 'Eye, The', 'twanek3', 'Aenean fermentum. Donec ut mauris eget massa tempor convallis. Nulla neque libero, convallis eget, eleifend luctus, ultricies eu, nibh.

Quisque id justo sit amet sapien dignissim vestibulum. Vestibulum ante ipsum primis in faucibus orci luctus et ultrices posuere cubilia Curae; Nulla dapibus dolor vel est. Donec odio justo, sollicitudin ut, suscipit a, feugiat et, eros.', 2, '2015-11-02'),
	('Pellentesque at nulla.', 'Farmer''s Wife, The', 'mverlanderc', 'Integer tincidunt ante vel ipsum. Praesent blandit lacinia erat. Vestibulum sed magna at nunc commodo placerat.

Praesent blandit. Nam nulla. Integer pede justo, lacinia eget, tincidunt eget, tempus vel, pede.', 4, '2017-10-14'),
	('Pellentesque at nulla.', 'Meet the Deedles', 'opetterso', 'Duis consequat dui nec nisi volutpat eleifend. Donec ut dolor. Morbi vel lectus in quam fringilla rhoncus.

Mauris enim leo, rhoncus sed, vestibulum sit amet, cursus id, turpis. Integer aliquet, massa id lobortis convallis, tortor risus dapibus augue, vel accumsan tellus nisi eu orci. Mauris lacinia sapien quis libero.', 3, '2011-03-07'),
	('Pellentesque at nulla.', 'Mirage Men', 'sgoolding2b', 'Proin interdum mauris non ligula pellentesque ultrices. Phasellus id sapien in sapien iaculis congue. Vivamus metus arcu, adipiscing molestie, hendrerit at, vulputate vitae, nisl.', 2, '2012-04-13'),
	('Pellentesque at nulla.', 'Pekko ja unissakävelijä', 'hchastanet1i', 'Cum sociis natoque penatibus et magnis dis parturient montes, nascetur ridiculus mus. Vivamus vestibulum sagittis sapien. Cum sociis natoque penatibus et magnis dis parturient montes, nascetur ridiculus mus.', 3, '2011-05-25'),
	('Pellentesque eget nunc.', 'Flash Point (a.k.a. Flashpoint) (Dou fo sin)', 'mshearmur1v', 'In sagittis dui vel nisl. Duis ac nibh. Fusce lacus purus, aliquet at, feugiat non, pretium quis, lectus.

Suspendisse potenti. In eleifend quam a odio. In hac habitasse platea dictumst.', 5, '2015-08-05'),
	('Pellentesque eget nunc.', 'Four Christmases', 'wbatesonf', 'Integer tincidunt ante vel ipsum. Praesent blandit lacinia erat. Vestibulum sed magna at nunc commodo placerat.

Praesent blandit. Nam nulla. Integer pede justo, lacinia eget, tincidunt eget, tempus vel, pede.', 4, '2012-02-04'),
	('Pellentesque eget nunc.', 'Gendernauts', 'dwylieq', 'Proin leo odio, porttitor id, consequat in, consequat ut, nulla. Sed accumsan felis. Ut at dolor quis odio consequat varius.', 1, '2016-08-04'),
	('Pellentesque eget nunc.', 'Gendernauts', 'mkalderonz', 'Quisque porta volutpat erat. Quisque erat eros, viverra eget, congue eget, semper rutrum, nulla. Nunc purus.', 3, '2017-02-09'),
	('Pellentesque eget nunc.', 'Paraíso Travel', 'wbatesonf', 'Aliquam quis turpis eget elit sodales scelerisque. Mauris sit amet eros. Suspendisse accumsan tortor quis turpis.', 2, '2012-11-11'),
	('Pellentesque eget nunc.', 'Red Baron, The (Der rote Baron)', 'lhaistwelln', 'Praesent blandit. Nam nulla. Integer pede justo, lacinia eget, tincidunt eget, tempus vel, pede.

Morbi porttitor lorem id ligula. Suspendisse ornare consequat lectus. In est risus, auctor sed, tristique in, tempus sit amet, sem.', 1, '2018-04-09'),
	('Pellentesque eget nunc.', 'Riff-Raff', 'ceidlerw', 'Fusce consequat. Nulla nisl. Nunc nisl.

Duis bibendum, felis sed interdum venenatis, turpis enim blandit mi, in porttitor pede justo eu massa. Donec dapibus. Duis at velit eu est congue elementum.', 5, '2011-11-08'),
	('Pellentesque ultrices mattis odio.', 'Altered Carbon', 'mboulden4', 'Proin leo odio, porttitor id, consequat in, consequat ut, nulla. Sed accumsan felis. Ut at dolor quis odio consequat varius.

Integer ac leo. Pellentesque ultrices mattis odio. Donec vitae nisi.', 5, '2011-02-14'),
	('Pellentesque ultrices mattis odio.', 'Born American', 'bscarman2r', 'Aliquam quis turpis eget elit sodales scelerisque. Mauris sit amet eros. Suspendisse accumsan tortor quis turpis.', 4, '2015-10-20'),
	('Pellentesque ultrices mattis odio.', 'Citizen Dog (Mah nakorn)', 'tshallo2p', 'Fusce posuere felis sed lacus. Morbi sem mauris, laoreet ut, rhoncus aliquet, pulvinar sed, nisl. Nunc rhoncus dui vel sem.', 1, '2014-01-07'),
	('Pellentesque ultrices mattis odio.', 'Desert Rats, The', 'bscarman2r', 'Sed sagittis. Nam congue, risus semper porta volutpat, quam pede lobortis ligula, sit amet eleifend pede libero quis orci. Nullam molestie nibh in lectus.', 4, '2013-06-17'),
	('Pellentesque ultrices mattis odio.', 'Desert Rats, The', 'ktrebbett18', 'Suspendisse potenti. In eleifend quam a odio. In hac habitasse platea dictumst.

Maecenas ut massa quis augue luctus tincidunt. Nulla mollis molestie lorem. Quisque ut erat.', 3, '2017-07-22'),
	('Pellentesque ultrices mattis odio.', 'Land That Time Forgot, The', 'mshearmur1v', 'Proin interdum mauris non ligula pellentesque ultrices. Phasellus id sapien in sapien iaculis congue. Vivamus metus arcu, adipiscing molestie, hendrerit at, vulputate vitae, nisl.

Aenean lectus. Pellentesque eget nunc. Donec quis orci eget orci vehicula condimentum.', 3, '2016-03-30'),
	('Pellentesque ultrices mattis odio.', 'Queen: Days of Our Lives', 'apopplestone29', 'Morbi porttitor lorem id ligula. Suspendisse ornare consequat lectus. In est risus, auctor sed, tristique in, tempus sit amet, sem.', 3, '2014-10-18'),
	('Pellentesque ultrices mattis odio.', 'Shadow Dancer, The (Shadows in the Sun)', 'mdanielkiewicz22', 'In hac habitasse platea dictumst. Morbi vestibulum, velit id pretium iaculis, diam erat fermentum justo, nec condimentum neque sapien placerat ante. Nulla justo.', 4, '2013-07-19'),
	('Pellentesque ultrices mattis odio.', 'Snakes and Earrings (Hebi ni piasu)', 'mshearmur1v', 'Duis consequat dui nec nisi volutpat eleifend. Donec ut dolor. Morbi vel lectus in quam fringilla rhoncus.

Mauris enim leo, rhoncus sed, vestibulum sit amet, cursus id, turpis. Integer aliquet, massa id lobortis convallis, tortor risus dapibus augue, vel accumsan tellus nisi eu orci. Mauris lacinia sapien quis libero.', 3, '2015-11-12'),
	('Pellentesque ultrices mattis odio.', 'Taqwacore: The Birth of Punk Islam', 'ayoungea', 'Nulla ut erat id mauris vulputate elementum. Nullam varius. Nulla facilisi.', 2, '2018-03-10'),
	('Pellentesque ultrices mattis odio.', 'Wildflowers', 'mkneesha1w', 'Quisque porta volutpat erat. Quisque erat eros, viverra eget, congue eget, semper rutrum, nulla. Nunc purus.', 4, '2017-07-26'),
	('Pellentesque viverra pede ac diam.', 'Astronaut''s Wife, The', 'jfakeleyu', 'Sed sagittis. Nam congue, risus semper porta volutpat, quam pede lobortis ligula, sit amet eleifend pede libero quis orci. Nullam molestie nibh in lectus.

Pellentesque at nulla. Suspendisse potenti. Cras in purus eu magna vulputate luctus.', 3, '2016-12-22'),
	('Pellentesque viverra pede ac diam.', 'Born Romantic', 'mwinsor10', 'Morbi non lectus. Aliquam sit amet diam in magna bibendum imperdiet. Nullam orci pede, venenatis non, sodales sed, tincidunt eu, felis.', 1, '2013-10-28'),
	('Pellentesque viverra pede ac diam.', 'Dead Like Me: Life After Death', 'mharrild1n', 'Praesent id massa id nisl venenatis lacinia. Aenean sit amet justo. Morbi ut odio.

Cras mi pede, malesuada in, imperdiet et, commodo vulputate, justo. In blandit ultrices enim. Lorem ipsum dolor sit amet, consectetuer adipiscing elit.', 4, '2018-10-30'),
	('Pellentesque viverra pede ac diam.', 'Marci X', 'stavernorp', 'Curabitur in libero ut massa volutpat convallis. Morbi odio odio, elementum eu, interdum eu, tincidunt in, leo. Maecenas pulvinar lobortis est.

Phasellus sit amet erat. Nulla tempus. Vivamus in felis eu sapien cursus vestibulum.', 2, '2018-03-19'),
	('Pellentesque viverra pede ac diam.', 'Nomad (Köshpendiler)', 'ckalderong', 'Proin eu mi. Nulla ac enim. In tempor, turpis nec euismod scelerisque, quam turpis adipiscing lorem, vitae mattis nibh ligula nec sem.

Duis aliquam convallis nunc. Proin at turpis a pede posuere nonummy. Integer non velit.', 1, '2017-11-25'),
	('Pellentesque viverra pede ac diam.', 'Seraphim Falls', 'cchampkins2l', 'Proin eu mi. Nulla ac enim. In tempor, turpis nec euismod scelerisque, quam turpis adipiscing lorem, vitae mattis nibh ligula nec sem.', 2, '2011-11-14'),
	('Pellentesque viverra pede ac diam.', 'Still Breathing', 'mboulden4', 'Sed ante. Vivamus tortor. Duis mattis egestas metus.

Aenean fermentum. Donec ut mauris eget massa tempor convallis. Nulla neque libero, convallis eget, eleifend luctus, ultricies eu, nibh.', 4, '2017-01-02'),
	('Pellentesque viverra pede ac diam.', 'The Trap', 'oquarless1f', 'Maecenas ut massa quis augue luctus tincidunt. Nulla mollis molestie lorem. Quisque ut erat.', 3, '2014-07-23'),
	('Phasellus id sapien in sapien iaculis congue.', 'Cheerleaders, The', 'mshearmur1v', 'Morbi non lectus. Aliquam sit amet diam in magna bibendum imperdiet. Nullam orci pede, venenatis non, sodales sed, tincidunt eu, felis.

Fusce posuere felis sed lacus. Morbi sem mauris, laoreet ut, rhoncus aliquet, pulvinar sed, nisl. Nunc rhoncus dui vel sem.', 1, '2019-05-03'),
	('Phasellus id sapien in sapien iaculis congue.', 'Citizen Dog (Mah nakorn)', 'tshallo2p', 'Proin leo odio, porttitor id, consequat in, consequat ut, nulla. Sed accumsan felis. Ut at dolor quis odio consequat varius.

Integer ac leo. Pellentesque ultrices mattis odio. Donec vitae nisi.', 3, '2014-06-07'),
	('Phasellus id sapien in sapien iaculis congue.', 'Golden Thread, The (Subarnarekha)', 'jhentzer28', 'Morbi non lectus. Aliquam sit amet diam in magna bibendum imperdiet. Nullam orci pede, venenatis non, sodales sed, tincidunt eu, felis.', 3, '2012-04-19'),
	('Phasellus id sapien in sapien iaculis congue.', 'I''m the One That I Want', 'gkasman1h', 'Proin interdum mauris non ligula pellentesque ultrices. Phasellus id sapien in sapien iaculis congue. Vivamus metus arcu, adipiscing molestie, hendrerit at, vulputate vitae, nisl.', 5, '2012-11-26'),
	('Phasellus id sapien in sapien iaculis congue.', 'Lady Oscar', 'mprickettk', 'Sed sagittis. Nam congue, risus semper porta volutpat, quam pede lobortis ligula, sit amet eleifend pede libero quis orci. Nullam molestie nibh in lectus.', 5, '2018-12-04'),
	('Phasellus id sapien in sapien iaculis congue.', 'Love In the Time of Money', 'jaspinall1p', 'Vestibulum ac est lacinia nisi venenatis tristique. Fusce congue, diam id ornare imperdiet, sapien urna pretium nisl, ut volutpat sapien arcu sed augue. Aliquam erat volutpat.', 1, '2016-12-26'),
	('Phasellus id sapien in sapien iaculis congue.', 'Meet the Deedles', 'lcatonnee', 'Maecenas ut massa quis augue luctus tincidunt. Nulla mollis molestie lorem. Quisque ut erat.

Curabitur gravida nisi at nibh. In hac habitasse platea dictumst. Aliquam augue quam, sollicitudin vitae, consectetuer eget, rutrum at, lorem.', 2, '2018-10-15'),
	('Phasellus id sapien in sapien iaculis congue.', 'No Direction Home: Bob Dylan', 'ccochrane17', 'In sagittis dui vel nisl. Duis ac nibh. Fusce lacus purus, aliquet at, feugiat non, pretium quis, lectus.', 2, '2012-09-07'),
	('Phasellus id sapien in sapien iaculis congue.', 'Urusei Yatsura Movie 2: Beautiful Dreamer (Urusei Yatsura 2: Byûtifuru dorîmâ)', 'ddirkin2a', 'In hac habitasse platea dictumst. Etiam faucibus cursus urna. Ut tellus.', 2, '2014-08-10'),
	('Phasellus in felis.', 'Big Deal on Madonna Street (I Soliti Ignoti)', 'ceidlerw', 'Quisque porta volutpat erat. Quisque erat eros, viverra eget, congue eget, semper rutrum, nulla. Nunc purus.', 4, '2013-08-03'),
	('Phasellus in felis.', 'Cold Weather', 'ajillardh', 'Curabitur in libero ut massa volutpat convallis. Morbi odio odio, elementum eu, interdum eu, tincidunt in, leo. Maecenas pulvinar lobortis est.', 4, '2019-06-29'),
	('Phasellus in felis.', 'Desert Rats, The', 'ceidlerw', 'Aenean fermentum. Donec ut mauris eget massa tempor convallis. Nulla neque libero, convallis eget, eleifend luctus, ultricies eu, nibh.', 4, '2017-08-10'),
	('Phasellus in felis.', 'Key, The', 'mshearmur1v', 'In sagittis dui vel nisl. Duis ac nibh. Fusce lacus purus, aliquet at, feugiat non, pretium quis, lectus.', 2, '2019-01-16'),
	('Phasellus in felis.', 'Return of the Living Dead, The', 'fsaffilll', 'Duis aliquam convallis nunc. Proin at turpis a pede posuere nonummy. Integer non velit.', 5, '2019-03-22'),
	('Phasellus in felis.', 'Taqwacore: The Birth of Punk Islam', 'mharrild1n', 'Lorem ipsum dolor sit amet, consectetuer adipiscing elit. Proin risus. Praesent lectus.

Vestibulum quam sapien, varius ut, blandit non, interdum in, ante. Vestibulum ante ipsum primis in faucibus orci luctus et ultrices posuere cubilia Curae; Duis faucibus accumsan odio. Curabitur convallis.', 1, '2011-05-28'),
	('Phasellus sit amet erat.', 'Black Heaven (L''autre monde) (Other World, The)', 'dsambedgej', 'Fusce posuere felis sed lacus. Morbi sem mauris, laoreet ut, rhoncus aliquet, pulvinar sed, nisl. Nunc rhoncus dui vel sem.

Sed sagittis. Nam congue, risus semper porta volutpat, quam pede lobortis ligula, sit amet eleifend pede libero quis orci. Nullam molestie nibh in lectus.', 1, '2014-08-25'),
	('Phasellus sit amet erat.', 'Children Underground', 'dcrookshanks27', 'Aenean fermentum. Donec ut mauris eget massa tempor convallis. Nulla neque libero, convallis eget, eleifend luctus, ultricies eu, nibh.', 1, '2017-10-20'),
	('Phasellus sit amet erat.', 'Key, The', 'rlinnit2g', 'In hac habitasse platea dictumst. Etiam faucibus cursus urna. Ut tellus.

Nulla ut erat id mauris vulputate elementum. Nullam varius. Nulla facilisi.', 5, '2016-12-13'),
	('Phasellus sit amet erat.', 'Supergirl', 'wbatesonf', 'Nullam porttitor lacus at turpis. Donec posuere metus vitae ipsum. Aliquam non mauris.

Morbi non lectus. Aliquam sit amet diam in magna bibendum imperdiet. Nullam orci pede, venenatis non, sodales sed, tincidunt eu, felis.', 3, '2017-03-13'),
	('Praesent blandit lacinia erat.', '13th Warrior, The', 'mwinsor10', 'In sagittis dui vel nisl. Duis ac nibh. Fusce lacus purus, aliquet at, feugiat non, pretium quis, lectus.

Suspendisse potenti. In eleifend quam a odio. In hac habitasse platea dictumst.', 5, '2015-03-29'),
	('Praesent blandit lacinia erat.', 'Act of Seeing with One''s Own Eyes, The ', 'mprickettk', 'Integer tincidunt ante vel ipsum. Praesent blandit lacinia erat. Vestibulum sed magna at nunc commodo placerat.', 5, '2016-05-31'),
	('Praesent blandit lacinia erat.', 'Brother Orchid', 'mdanielkiewicz22', 'Aliquam quis turpis eget elit sodales scelerisque. Mauris sit amet eros. Suspendisse accumsan tortor quis turpis.', 4, '2017-02-17'),
	('Praesent blandit lacinia erat.', 'Children Underground', 'dfoulks2c', 'Nullam porttitor lacus at turpis. Donec posuere metus vitae ipsum. Aliquam non mauris.', 2, '2019-09-22'),
	('Praesent blandit lacinia erat.', 'Dreamers, The', 'bbraim2j', 'Aenean lectus. Pellentesque eget nunc. Donec quis orci eget orci vehicula condimentum.', 4, '2019-09-27'),
	('Praesent blandit lacinia erat.', 'Kid, The', 'dwhiteway2', 'Phasellus in felis. Donec semper sapien a libero. Nam dui.

Proin leo odio, porttitor id, consequat in, consequat ut, nulla. Sed accumsan felis. Ut at dolor quis odio consequat varius.', 4, '2012-03-27'),
	('Praesent blandit lacinia erat.', 'Once Upon a Time in Anatolia (Bir zamanlar Anadolu''da)', 'hcranston1d', 'Cum sociis natoque penatibus et magnis dis parturient montes, nascetur ridiculus mus. Vivamus vestibulum sagittis sapien. Cum sociis natoque penatibus et magnis dis parturient montes, nascetur ridiculus mus.

Etiam vel augue. Vestibulum rutrum rutrum neque. Aenean auctor gravida sem.', 5, '2011-07-30'),
	('Praesent blandit lacinia erat.', 'The Boogens', 'lcarss1t', 'Aenean fermentum. Donec ut mauris eget massa tempor convallis. Nulla neque libero, convallis eget, eleifend luctus, ultricies eu, nibh.

Quisque id justo sit amet sapien dignissim vestibulum. Vestibulum ante ipsum primis in faucibus orci luctus et ultrices posuere cubilia Curae; Nulla dapibus dolor vel est. Donec odio justo, sollicitudin ut, suscipit a, feugiat et, eros.', 4, '2015-01-01'),
	('Praesent blandit.', 'Cheerleaders, The', 'alambin1m', 'Suspendisse potenti. In eleifend quam a odio. In hac habitasse platea dictumst.', 2, '2011-06-03'),
	('Praesent blandit.', 'Desi Boyz', 'cjobes1r', 'Etiam vel augue. Vestibulum rutrum rutrum neque. Aenean auctor gravida sem.', 3, '2019-03-07'),
	('Praesent blandit.', 'Funeral Parade of Roses (Bara no sôretsu)', 'zcorradeschi11', 'Integer ac leo. Pellentesque ultrices mattis odio. Donec vitae nisi.', 3, '2011-07-18'),
	('Praesent blandit.', 'Gladiator', 'cdorey1s', 'Suspendisse potenti. In eleifend quam a odio. In hac habitasse platea dictumst.

Maecenas ut massa quis augue luctus tincidunt. Nulla mollis molestie lorem. Quisque ut erat.', 4, '2012-07-24'),
	('Praesent blandit.', 'Return of the Living Dead, The', 'mrainey2k', 'Maecenas tristique, est et tempus semper, est quam pharetra magna, ac consequat metus sapien ut nunc. Vestibulum ante ipsum primis in faucibus orci luctus et ultrices posuere cubilia Curae; Mauris viverra diam vitae quam. Suspendisse potenti.', 5, '2011-06-20'),
	('Praesent blandit.', 'World on a Wire (Welt am Draht)', 'ejohanchonb', 'Proin eu mi. Nulla ac enim. In tempor, turpis nec euismod scelerisque, quam turpis adipiscing lorem, vitae mattis nibh ligula nec sem.', 2, '2016-12-08'),
	('Praesent id massa id nisl venenatis lacinia.', 'Big Deal on Madonna Street (I Soliti Ignoti)', 'fkarby1k', 'In hac habitasse platea dictumst. Morbi vestibulum, velit id pretium iaculis, diam erat fermentum justo, nec condimentum neque sapien placerat ante. Nulla justo.

Aliquam quis turpis eget elit sodales scelerisque. Mauris sit amet eros. Suspendisse accumsan tortor quis turpis.', 2, '2016-08-30'),
	('Praesent id massa id nisl venenatis lacinia.', 'Each Dawn I Die', 'dfoulks2c', 'In hac habitasse platea dictumst. Etiam faucibus cursus urna. Ut tellus.

Nulla ut erat id mauris vulputate elementum. Nullam varius. Nulla facilisi.', 3, '2019-02-04'),
	('Praesent id massa id nisl venenatis lacinia.', 'Eye, The', 'ckalderong', 'Curabitur in libero ut massa volutpat convallis. Morbi odio odio, elementum eu, interdum eu, tincidunt in, leo. Maecenas pulvinar lobortis est.', 4, '2015-04-16'),
	('Praesent id massa id nisl venenatis lacinia.', 'Marci X', 'zcorradeschi11', 'Aliquam quis turpis eget elit sodales scelerisque. Mauris sit amet eros. Suspendisse accumsan tortor quis turpis.', 3, '2012-03-17'),
	('Praesent id massa id nisl venenatis lacinia.', 'Paraíso Travel', 'lcarss1t', 'Lorem ipsum dolor sit amet, consectetuer adipiscing elit. Proin risus. Praesent lectus.', 5, '2016-09-14'),
	('Praesent id massa id nisl venenatis lacinia.', 'Possession, The', 'mwinsor10', 'Quisque porta volutpat erat. Quisque erat eros, viverra eget, congue eget, semper rutrum, nulla. Nunc purus.

Phasellus in felis. Donec semper sapien a libero. Nam dui.', 1, '2014-12-05'),
	('Praesent id massa id nisl venenatis lacinia.', 'Rulers of the City', 'mboulden4', 'Duis bibendum. Morbi non quam nec dui luctus rutrum. Nulla tellus.', 1, '2019-07-15'),
	('Praesent id massa id nisl venenatis lacinia.', 'Seed', 'jmossop21', 'Proin interdum mauris non ligula pellentesque ultrices. Phasellus id sapien in sapien iaculis congue. Vivamus metus arcu, adipiscing molestie, hendrerit at, vulputate vitae, nisl.', 5, '2015-08-16'),
	('Praesent id massa id nisl venenatis lacinia.', 'Tai Chi Hero', 'mrainey2k', 'Integer tincidunt ante vel ipsum. Praesent blandit lacinia erat. Vestibulum sed magna at nunc commodo placerat.', 3, '2018-04-02'),
	('Praesent id massa id nisl venenatis lacinia.', 'The Dust Bowl', 'hdelgado6', 'Curabitur in libero ut massa volutpat convallis. Morbi odio odio, elementum eu, interdum eu, tincidunt in, leo. Maecenas pulvinar lobortis est.

Phasellus sit amet erat. Nulla tempus. Vivamus in felis eu sapien cursus vestibulum.', 5, '2011-06-18'),
	('Praesent lectus.', 'All in a Night''s Work', 'oquarless1f', 'In quis justo. Maecenas rhoncus aliquam lacus. Morbi quis tortor id nulla ultrices aliquet.', 3, '2013-09-10'),
	('Praesent lectus.', 'Born American', 'ceidlerw', 'Duis aliquam convallis nunc. Proin at turpis a pede posuere nonummy. Integer non velit.

Donec diam neque, vestibulum eget, vulputate ut, ultrices vel, augue. Vestibulum ante ipsum primis in faucibus orci luctus et ultrices posuere cubilia Curae; Donec pharetra, magna vestibulum aliquet ultrices, erat tortor sollicitudin mi, sit amet lobortis sapien sapien non mi. Integer ac neque.', 4, '2011-07-31'),
	('Praesent lectus.', 'Colt 38 Special Squad', 'tshallo2p', 'Duis consequat dui nec nisi volutpat eleifend. Donec ut dolor. Morbi vel lectus in quam fringilla rhoncus.

Mauris enim leo, rhoncus sed, vestibulum sit amet, cursus id, turpis. Integer aliquet, massa id lobortis convallis, tortor risus dapibus augue, vel accumsan tellus nisi eu orci. Mauris lacinia sapien quis libero.', 5, '2019-01-07'),
	('Praesent lectus.', 'Lady Oscar', 'wpuckett1a', 'In hac habitasse platea dictumst. Morbi vestibulum, velit id pretium iaculis, diam erat fermentum justo, nec condimentum neque sapien placerat ante. Nulla justo.', 3, '2017-12-12'),
	('Praesent lectus.', 'Seed', 'mkneesha1w', 'Proin eu mi. Nulla ac enim. In tempor, turpis nec euismod scelerisque, quam turpis adipiscing lorem, vitae mattis nibh ligula nec sem.', 3, '2013-09-26'),
	('Praesent lectus.', 'The Expanse', 'mverlanderc', 'Curabitur gravida nisi at nibh. In hac habitasse platea dictumst. Aliquam augue quam, sollicitudin vitae, consectetuer eget, rutrum at, lorem.

Integer tincidunt ante vel ipsum. Praesent blandit lacinia erat. Vestibulum sed magna at nunc commodo placerat.', 3, '2017-06-15'),
	('Praesent lectus.', 'Urusei Yatsura Movie 2: Beautiful Dreamer (Urusei Yatsura 2: Byûtifuru dorîmâ)', 'dfoulks2c', 'Maecenas tristique, est et tempus semper, est quam pharetra magna, ac consequat metus sapien ut nunc. Vestibulum ante ipsum primis in faucibus orci luctus et ultrices posuere cubilia Curae; Mauris viverra diam vitae quam. Suspendisse potenti.', 2, '2011-06-01'),
	('Proin at turpis a pede posuere nonummy.', 'History of Hell (Rosas Höllenfahrt)', 'mharrild1n', 'Proin leo odio, porttitor id, consequat in, consequat ut, nulla. Sed accumsan felis. Ut at dolor quis odio consequat varius.', 5, '2012-07-19'),
	('Proin at turpis a pede posuere nonummy.', 'In Name Only', 'ceidlerw', 'Pellentesque at nulla. Suspendisse potenti. Cras in purus eu magna vulputate luctus.

Cum sociis natoque penatibus et magnis dis parturient montes, nascetur ridiculus mus. Vivamus vestibulum sagittis sapien. Cum sociis natoque penatibus et magnis dis parturient montes, nascetur ridiculus mus.', 5, '2011-12-26'),
	('Proin at turpis a pede posuere nonummy.', 'Power of One, The', 'mranklin8', 'Duis bibendum, felis sed interdum venenatis, turpis enim blandit mi, in porttitor pede justo eu massa. Donec dapibus. Duis at velit eu est congue elementum.

In hac habitasse platea dictumst. Morbi vestibulum, velit id pretium iaculis, diam erat fermentum justo, nec condimentum neque sapien placerat ante. Nulla justo.', 5, '2012-06-15'),
	('Proin at turpis a pede posuere nonummy.', 'Red Baron, The (Der rote Baron)', 'jmawd9', 'Fusce consequat. Nulla nisl. Nunc nisl.

Duis bibendum, felis sed interdum venenatis, turpis enim blandit mi, in porttitor pede justo eu massa. Donec dapibus. Duis at velit eu est congue elementum.', 2, '2015-06-15'),
	('Proin eu mi.', '13th Warrior, The', 'zcorradeschi11', 'Maecenas leo odio, condimentum id, luctus nec, molestie sed, justo. Pellentesque viverra pede ac diam. Cras pellentesque volutpat dui.', 2, '2013-04-06'),
	('Proin eu mi.', 'Brand Upon the Brain!', 'ceidlerw', 'Quisque porta volutpat erat. Quisque erat eros, viverra eget, congue eget, semper rutrum, nulla. Nunc purus.

Phasellus in felis. Donec semper sapien a libero. Nam dui.', 5, '2011-03-30'),
	('Proin eu mi.', 'Breach', 'ldovidaitis1o', 'Duis aliquam convallis nunc. Proin at turpis a pede posuere nonummy. Integer non velit.

Donec diam neque, vestibulum eget, vulputate ut, ultrices vel, augue. Vestibulum ante ipsum primis in faucibus orci luctus et ultrices posuere cubilia Curae; Donec pharetra, magna vestibulum aliquet ultrices, erat tortor sollicitudin mi, sit amet lobortis sapien sapien non mi. Integer ac neque.', 4, '2014-03-12'),
	('Proin eu mi.', 'Dreamers, The', 'tcoultish2q', 'Proin leo odio, porttitor id, consequat in, consequat ut, nulla. Sed accumsan felis. Ut at dolor quis odio consequat varius.

Integer ac leo. Pellentesque ultrices mattis odio. Donec vitae nisi.', 4, '2016-02-14'),
	('Proin eu mi.', 'Held Up', 'ktrebbett18', 'Integer tincidunt ante vel ipsum. Praesent blandit lacinia erat. Vestibulum sed magna at nunc commodo placerat.', 1, '2019-10-04'),
	('Proin eu mi.', 'I''m the One That I Want', 'aagglione1', 'Fusce posuere felis sed lacus. Morbi sem mauris, laoreet ut, rhoncus aliquet, pulvinar sed, nisl. Nunc rhoncus dui vel sem.', 1, '2017-11-16'),
	('Proin eu mi.', 'Richard III', 'tcleverly1g', 'Cras mi pede, malesuada in, imperdiet et, commodo vulputate, justo. In blandit ultrices enim. Lorem ipsum dolor sit amet, consectetuer adipiscing elit.

Proin interdum mauris non ligula pellentesque ultrices. Phasellus id sapien in sapien iaculis congue. Vivamus metus arcu, adipiscing molestie, hendrerit at, vulputate vitae, nisl.', 1, '2015-12-24'),
	('Proin eu mi.', 'Seraphim Falls', 'saloshkin1y', 'Curabitur at ipsum ac tellus semper interdum. Mauris ullamcorper purus sit amet nulla. Quisque arcu libero, rutrum ac, lobortis vel, dapibus at, diam.', 1, '2019-01-05'),
	('Proin interdum mauris non ligula pellentesque ultrices.', 'Cheerleaders, The', 'jhentzer28', 'In congue. Etiam justo. Etiam pretium iaculis justo.', 2, '2017-10-08'),
	('Proin interdum mauris non ligula pellentesque ultrices.', 'City by the Sea', 'bhansier', 'Proin leo odio, porttitor id, consequat in, consequat ut, nulla. Sed accumsan felis. Ut at dolor quis odio consequat varius.

Integer ac leo. Pellentesque ultrices mattis odio. Donec vitae nisi.', 4, '2016-01-17'),
	('Proin interdum mauris non ligula pellentesque ultrices.', 'Edvard Munch', 'oshreenan25', 'Cras non velit nec nisi vulputate nonummy. Maecenas tincidunt lacus at velit. Vivamus vel nulla eget eros elementum pellentesque.', 3, '2014-11-10'),
	('Proin interdum mauris non ligula pellentesque ultrices.', 'Fat Head', 'yrubinshtein2i', 'Quisque id justo sit amet sapien dignissim vestibulum. Vestibulum ante ipsum primis in faucibus orci luctus et ultrices posuere cubilia Curae; Nulla dapibus dolor vel est. Donec odio justo, sollicitudin ut, suscipit a, feugiat et, eros.', 2, '2013-11-14'),
	('Proin interdum mauris non ligula pellentesque ultrices.', 'Five Star Final', 'dfoulks2c', 'Maecenas tristique, est et tempus semper, est quam pharetra magna, ac consequat metus sapien ut nunc. Vestibulum ante ipsum primis in faucibus orci luctus et ultrices posuere cubilia Curae; Mauris viverra diam vitae quam. Suspendisse potenti.', 4, '2015-08-30'),
	('Proin interdum mauris non ligula pellentesque ultrices.', 'Grimm Love (Rohtenburg)', 'pleivesley2h', 'Duis consequat dui nec nisi volutpat eleifend. Donec ut dolor. Morbi vel lectus in quam fringilla rhoncus.

Mauris enim leo, rhoncus sed, vestibulum sit amet, cursus id, turpis. Integer aliquet, massa id lobortis convallis, tortor risus dapibus augue, vel accumsan tellus nisi eu orci. Mauris lacinia sapien quis libero.', 5, '2013-02-01'),
	('Proin interdum mauris non ligula pellentesque ultrices.', 'Sorcerer and the White Snake, The (Bai she chuan shuo)', 'abartomeux', 'Integer tincidunt ante vel ipsum. Praesent blandit lacinia erat. Vestibulum sed magna at nunc commodo placerat.', 4, '2018-07-20'),
	('Proin leo odio, porttitor id, consequat in, consequat ut, nulla.', 'Hercules', 'pleivesley2h', 'Sed ante. Vivamus tortor. Duis mattis egestas metus.', 2, '2017-07-01'),
	('Proin leo odio, porttitor id, consequat in, consequat ut, nulla.', 'Pearls of the Crown, The (Les perles de la couronne)', 'ejohanchonb', 'Cras non velit nec nisi vulputate nonummy. Maecenas tincidunt lacus at velit. Vivamus vel nulla eget eros elementum pellentesque.

Quisque porta volutpat erat. Quisque erat eros, viverra eget, congue eget, semper rutrum, nulla. Nunc purus.', 2, '2018-03-02'),
	('Proin leo odio, porttitor id, consequat in, consequat ut, nulla.', 'Possession, The', 'ccochrane17', 'Fusce consequat. Nulla nisl. Nunc nisl.', 3, '2019-02-06'),
	('Proin leo odio, porttitor id, consequat in, consequat ut, nulla.', 'Tuvalu', 'mranklin8', 'Integer tincidunt ante vel ipsum. Praesent blandit lacinia erat. Vestibulum sed magna at nunc commodo placerat.

Praesent blandit. Nam nulla. Integer pede justo, lacinia eget, tincidunt eget, tempus vel, pede.', 3, '2019-02-22'),
	('Proin risus.', 'Baby Take a Bow', 'nmouths', 'Integer ac leo. Pellentesque ultrices mattis odio. Donec vitae nisi.', 4, '2018-09-04'),
	('Proin risus.', 'Champion, The', 'oshreenan25', 'Integer ac leo. Pellentesque ultrices mattis odio. Donec vitae nisi.

Nam ultrices, libero non mattis pulvinar, nulla pede ullamcorper augue, a suscipit nulla elit ac nulla. Sed vel enim sit amet nunc viverra dapibus. Nulla suscipit ligula in lacus.', 3, '2012-02-21'),
	('Proin risus.', 'Empty Nest (El nido vacío)', 'yrubinshtein2i', 'Lorem ipsum dolor sit amet, consectetuer adipiscing elit. Proin risus. Praesent lectus.', 1, '2013-02-16'),
	('Proin risus.', 'Flash Point (a.k.a. Flashpoint) (Dou fo sin)', 'msullens1b', 'In hac habitasse platea dictumst. Etiam faucibus cursus urna. Ut tellus.

Nulla ut erat id mauris vulputate elementum. Nullam varius. Nulla facilisi.', 1, '2016-09-24'),
	('Proin risus.', 'Flash Point (a.k.a. Flashpoint) (Dou fo sin)', 'vjaumety', 'Vestibulum quam sapien, varius ut, blandit non, interdum in, ante. Vestibulum ante ipsum primis in faucibus orci luctus et ultrices posuere cubilia Curae; Duis faucibus accumsan odio. Curabitur convallis.', 3, '2011-07-29'),
	('Proin risus.', 'Laffghanistan: Comedy Down Range', 'tshallo2p', 'Morbi non lectus. Aliquam sit amet diam in magna bibendum imperdiet. Nullam orci pede, venenatis non, sodales sed, tincidunt eu, felis.

Fusce posuere felis sed lacus. Morbi sem mauris, laoreet ut, rhoncus aliquet, pulvinar sed, nisl. Nunc rhoncus dui vel sem.', 5, '2011-11-04'),
	('Proin risus.', 'Machete Maidens Unleashed!', 'blanegran1j', 'Curabitur in libero ut massa volutpat convallis. Morbi odio odio, elementum eu, interdum eu, tincidunt in, leo. Maecenas pulvinar lobortis est.', 2, '2016-09-03'),
	('Proin risus.', 'Snakes and Earrings (Hebi ni piasu)', 'rlinnit2g', 'Suspendisse potenti. In eleifend quam a odio. In hac habitasse platea dictumst.', 4, '2013-12-01'),
	('Proin risus.', 'Taqwacore: The Birth of Punk Islam', 'cchampkins2l', 'Cras non velit nec nisi vulputate nonummy. Maecenas tincidunt lacus at velit. Vivamus vel nulla eget eros elementum pellentesque.', 3, '2014-04-10'),
	('Proin risus.', 'The Hunters', 'gkasman1h', 'Quisque id justo sit amet sapien dignissim vestibulum. Vestibulum ante ipsum primis in faucibus orci luctus et ultrices posuere cubilia Curae; Nulla dapibus dolor vel est. Donec odio justo, sollicitudin ut, suscipit a, feugiat et, eros.

Vestibulum ac est lacinia nisi venenatis tristique. Fusce congue, diam id ornare imperdiet, sapien urna pretium nisl, ut volutpat sapien arcu sed augue. Aliquam erat volutpat.', 3, '2018-06-12'),
	('Proin risus.', 'Until Death', 'mkalderonz', 'Aenean fermentum. Donec ut mauris eget massa tempor convallis. Nulla neque libero, convallis eget, eleifend luctus, ultricies eu, nibh.

Quisque id justo sit amet sapien dignissim vestibulum. Vestibulum ante ipsum primis in faucibus orci luctus et ultrices posuere cubilia Curae; Nulla dapibus dolor vel est. Donec odio justo, sollicitudin ut, suscipit a, feugiat et, eros.', 2, '2016-11-13'),
	('Quisque arcu libero, rutrum ac, lobortis vel, dapibus at, diam.', '247°F ', 'lshirlaw2n', 'Nullam sit amet turpis elementum ligula vehicula consequat. Morbi a ipsum. Integer a nibh.', 3, '2011-11-18'),
	('Quisque arcu libero, rutrum ac, lobortis vel, dapibus at, diam.', 'Black Heaven (L''autre monde) (Other World, The)', 'rhudd1u', 'Vestibulum ac est lacinia nisi venenatis tristique. Fusce congue, diam id ornare imperdiet, sapien urna pretium nisl, ut volutpat sapien arcu sed augue. Aliquam erat volutpat.', 2, '2015-09-04'),
	('Quisque arcu libero, rutrum ac, lobortis vel, dapibus at, diam.', 'Cross of Iron', 'fkarby1k', 'Maecenas leo odio, condimentum id, luctus nec, molestie sed, justo. Pellentesque viverra pede ac diam. Cras pellentesque volutpat dui.

Maecenas tristique, est et tempus semper, est quam pharetra magna, ac consequat metus sapien ut nunc. Vestibulum ante ipsum primis in faucibus orci luctus et ultrices posuere cubilia Curae; Mauris viverra diam vitae quam. Suspendisse potenti.', 3, '2011-12-06'),
	('Quisque arcu libero, rutrum ac, lobortis vel, dapibus at, diam.', 'Farmer''s Wife, The', 'dfoulks2c', 'Maecenas tristique, est et tempus semper, est quam pharetra magna, ac consequat metus sapien ut nunc. Vestibulum ante ipsum primis in faucibus orci luctus et ultrices posuere cubilia Curae; Mauris viverra diam vitae quam. Suspendisse potenti.

Nullam porttitor lacus at turpis. Donec posuere metus vitae ipsum. Aliquam non mauris.', 5, '2012-06-21'),
	('Quisque arcu libero, rutrum ac, lobortis vel, dapibus at, diam.', 'Fat Head', 'dsambedgej', 'Maecenas tristique, est et tempus semper, est quam pharetra magna, ac consequat metus sapien ut nunc. Vestibulum ante ipsum primis in faucibus orci luctus et ultrices posuere cubilia Curae; Mauris viverra diam vitae quam. Suspendisse potenti.

Nullam porttitor lacus at turpis. Donec posuere metus vitae ipsum. Aliquam non mauris.', 1, '2016-11-09'),
	('Quisque arcu libero, rutrum ac, lobortis vel, dapibus at, diam.', 'Friends with Benefits', 'msullens1b', 'Curabitur at ipsum ac tellus semper interdum. Mauris ullamcorper purus sit amet nulla. Quisque arcu libero, rutrum ac, lobortis vel, dapibus at, diam.', 2, '2012-04-02'),
	('Quisque arcu libero, rutrum ac, lobortis vel, dapibus at, diam.', 'Green Ice', 'fkarby1k', 'Proin interdum mauris non ligula pellentesque ultrices. Phasellus id sapien in sapien iaculis congue. Vivamus metus arcu, adipiscing molestie, hendrerit at, vulputate vitae, nisl.

Aenean lectus. Pellentesque eget nunc. Donec quis orci eget orci vehicula condimentum.', 1, '2015-10-28'),
	('Quisque arcu libero, rutrum ac, lobortis vel, dapibus at, diam.', 'In Name Only', 'lcarss1t', 'Phasellus sit amet erat. Nulla tempus. Vivamus in felis eu sapien cursus vestibulum.

Proin eu mi. Nulla ac enim. In tempor, turpis nec euismod scelerisque, quam turpis adipiscing lorem, vitae mattis nibh ligula nec sem.', 3, '2016-07-13'),
	('Quisque arcu libero, rutrum ac, lobortis vel, dapibus at, diam.', 'Leatherheads', 'stavernorp', 'Donec diam neque, vestibulum eget, vulputate ut, ultrices vel, augue. Vestibulum ante ipsum primis in faucibus orci luctus et ultrices posuere cubilia Curae; Donec pharetra, magna vestibulum aliquet ultrices, erat tortor sollicitudin mi, sit amet lobortis sapien sapien non mi. Integer ac neque.', 4, '2012-01-26'),
	('Quisque arcu libero, rutrum ac, lobortis vel, dapibus at, diam.', 'Marci X', 'nmacknight2o', 'Aenean fermentum. Donec ut mauris eget massa tempor convallis. Nulla neque libero, convallis eget, eleifend luctus, ultricies eu, nibh.

Quisque id justo sit amet sapien dignissim vestibulum. Vestibulum ante ipsum primis in faucibus orci luctus et ultrices posuere cubilia Curae; Nulla dapibus dolor vel est. Donec odio justo, sollicitudin ut, suscipit a, feugiat et, eros.', 4, '2014-03-16'),
	('Quisque arcu libero, rutrum ac, lobortis vel, dapibus at, diam.', 'Shadow Dancer, The (Shadows in the Sun)', 'budell19', 'Aliquam quis turpis eget elit sodales scelerisque. Mauris sit amet eros. Suspendisse accumsan tortor quis turpis.', 1, '2018-06-13'),
	('Quisque arcu libero, rutrum ac, lobortis vel, dapibus at, diam.', 'Taqwacore: The Birth of Punk Islam', 'dcoggings1x', 'Integer ac leo. Pellentesque ultrices mattis odio. Donec vitae nisi.', 5, '2018-06-15'),
	('Quisque arcu libero, rutrum ac, lobortis vel, dapibus at, diam.', 'Watermarks', 'dfoulks2c', 'Maecenas ut massa quis augue luctus tincidunt. Nulla mollis molestie lorem. Quisque ut erat.', 2, '2019-07-10'),
	('Quisque erat eros, viverra eget, congue eget, semper rutrum, nulla.', 'Bubba Ho-tep', 'nmacknight2o', 'Nam ultrices, libero non mattis pulvinar, nulla pede ullamcorper augue, a suscipit nulla elit ac nulla. Sed vel enim sit amet nunc viverra dapibus. Nulla suscipit ligula in lacus.

Curabitur at ipsum ac tellus semper interdum. Mauris ullamcorper purus sit amet nulla. Quisque arcu libero, rutrum ac, lobortis vel, dapibus at, diam.', 4, '2019-10-16'),
	('Quisque erat eros, viverra eget, congue eget, semper rutrum, nulla.', 'Four Ways Out', 'dcrookshanks27', 'Duis bibendum, felis sed interdum venenatis, turpis enim blandit mi, in porttitor pede justo eu massa. Donec dapibus. Duis at velit eu est congue elementum.', 5, '2016-06-10'),
	('Quisque erat eros, viverra eget, congue eget, semper rutrum, nulla.', 'Key, The', 'vtollow12', 'Sed sagittis. Nam congue, risus semper porta volutpat, quam pede lobortis ligula, sit amet eleifend pede libero quis orci. Nullam molestie nibh in lectus.', 5, '2014-10-24'),
	('Quisque erat eros, viverra eget, congue eget, semper rutrum, nulla.', 'King Is Dancing, The (Le roi danse)', 'saloshkin1y', 'Lorem ipsum dolor sit amet, consectetuer adipiscing elit. Proin risus. Praesent lectus.

Vestibulum quam sapien, varius ut, blandit non, interdum in, ante. Vestibulum ante ipsum primis in faucibus orci luctus et ultrices posuere cubilia Curae; Duis faucibus accumsan odio. Curabitur convallis.', 4, '2013-01-26'),
	('Quisque erat eros, viverra eget, congue eget, semper rutrum, nulla.', 'Red Garters', 'hhacard2m', 'Morbi non lectus. Aliquam sit amet diam in magna bibendum imperdiet. Nullam orci pede, venenatis non, sodales sed, tincidunt eu, felis.

Fusce posuere felis sed lacus. Morbi sem mauris, laoreet ut, rhoncus aliquet, pulvinar sed, nisl. Nunc rhoncus dui vel sem.', 3, '2014-06-01'),
	('Quisque erat eros, viverra eget, congue eget, semper rutrum, nulla.', 'Seed', 'tcoultish2q', 'Duis bibendum, felis sed interdum venenatis, turpis enim blandit mi, in porttitor pede justo eu massa. Donec dapibus. Duis at velit eu est congue elementum.', 3, '2010-11-24'),
	('Quisque id justo sit amet sapien dignissim vestibulum.', 'Black Heaven (L''autre monde) (Other World, The)', 'lcatonnee', 'Phasellus sit amet erat. Nulla tempus. Vivamus in felis eu sapien cursus vestibulum.', 2, '2017-05-05'),
	('Quisque id justo sit amet sapien dignissim vestibulum.', 'Brother Orchid', 'mharrild1n', 'Aenean lectus. Pellentesque eget nunc. Donec quis orci eget orci vehicula condimentum.', 3, '2015-09-08'),
	('Quisque id justo sit amet sapien dignissim vestibulum.', 'Cave of Forgotten Dreams', 'lbrownstein7', 'Integer ac leo. Pellentesque ultrices mattis odio. Donec vitae nisi.', 2, '2019-04-23'),
	('Quisque id justo sit amet sapien dignissim vestibulum.', 'Danny Deckchair', 'adominy1e', 'Duis consequat dui nec nisi volutpat eleifend. Donec ut dolor. Morbi vel lectus in quam fringilla rhoncus.

Mauris enim leo, rhoncus sed, vestibulum sit amet, cursus id, turpis. Integer aliquet, massa id lobortis convallis, tortor risus dapibus augue, vel accumsan tellus nisi eu orci. Mauris lacinia sapien quis libero.', 4, '2014-12-05'),
	('Quisque id justo sit amet sapien dignissim vestibulum.', 'Farmer''s Wife, The', 'opetterso', 'Maecenas leo odio, condimentum id, luctus nec, molestie sed, justo. Pellentesque viverra pede ac diam. Cras pellentesque volutpat dui.

Maecenas tristique, est et tempus semper, est quam pharetra magna, ac consequat metus sapien ut nunc. Vestibulum ante ipsum primis in faucibus orci luctus et ultrices posuere cubilia Curae; Mauris viverra diam vitae quam. Suspendisse potenti.', 3, '2017-06-14'),
	('Quisque id justo sit amet sapien dignissim vestibulum.', 'Hercules', 'oroderigo2e', 'Quisque id justo sit amet sapien dignissim vestibulum. Vestibulum ante ipsum primis in faucibus orci luctus et ultrices posuere cubilia Curae; Nulla dapibus dolor vel est. Donec odio justo, sollicitudin ut, suscipit a, feugiat et, eros.

Vestibulum ac est lacinia nisi venenatis tristique. Fusce congue, diam id ornare imperdiet, sapien urna pretium nisl, ut volutpat sapien arcu sed augue. Aliquam erat volutpat.', 5, '2011-03-28'),
	('Quisque id justo sit amet sapien dignissim vestibulum.', 'I giorni contati', 'rlinnit2g', 'Duis aliquam convallis nunc. Proin at turpis a pede posuere nonummy. Integer non velit.

Donec diam neque, vestibulum eget, vulputate ut, ultrices vel, augue. Vestibulum ante ipsum primis in faucibus orci luctus et ultrices posuere cubilia Curae; Donec pharetra, magna vestibulum aliquet ultrices, erat tortor sollicitudin mi, sit amet lobortis sapien sapien non mi. Integer ac neque.', 4, '2016-08-27'),
	('Quisque id justo sit amet sapien dignissim vestibulum.', 'Marci X', 'wpuckett1a', 'Suspendisse potenti. In eleifend quam a odio. In hac habitasse platea dictumst.', 2, '2012-07-11'),
	('Quisque id justo sit amet sapien dignissim vestibulum.', 'Once Upon a Time in Anatolia (Bir zamanlar Anadolu''da)', 'tshallo2p', 'Integer ac leo. Pellentesque ultrices mattis odio. Donec vitae nisi.', 1, '2012-09-23'),
	('Quisque id justo sit amet sapien dignissim vestibulum.', 'Rembrandt''s J''accuse', 'wpuckett1a', 'Cras non velit nec nisi vulputate nonummy. Maecenas tincidunt lacus at velit. Vivamus vel nulla eget eros elementum pellentesque.

Quisque porta volutpat erat. Quisque erat eros, viverra eget, congue eget, semper rutrum, nulla. Nunc purus.', 1, '2015-10-26'),
	('Quisque id justo sit amet sapien dignissim vestibulum.', 'Riff-Raff', 'lcarss1t', 'Fusce posuere felis sed lacus. Morbi sem mauris, laoreet ut, rhoncus aliquet, pulvinar sed, nisl. Nunc rhoncus dui vel sem.

Sed sagittis. Nam congue, risus semper porta volutpat, quam pede lobortis ligula, sit amet eleifend pede libero quis orci. Nullam molestie nibh in lectus.', 4, '2012-03-06'),
	('Quisque id justo sit amet sapien dignissim vestibulum.', 'Self-Made Hero, A (Un héros très discret)', 'jfakeleyu', 'Cum sociis natoque penatibus et magnis dis parturient montes, nascetur ridiculus mus. Vivamus vestibulum sagittis sapien. Cum sociis natoque penatibus et magnis dis parturient montes, nascetur ridiculus mus.', 2, '2012-04-15'),
	('Quisque porta volutpat erat.', 'Breach', 'ccochrane17', 'Nullam sit amet turpis elementum ligula vehicula consequat. Morbi a ipsum. Integer a nibh.

In quis justo. Maecenas rhoncus aliquam lacus. Morbi quis tortor id nulla ultrices aliquet.', 2, '2011-11-03'),
	('Quisque porta volutpat erat.', 'Brother Orchid', 'lbrownstein7', 'Cum sociis natoque penatibus et magnis dis parturient montes, nascetur ridiculus mus. Vivamus vestibulum sagittis sapien. Cum sociis natoque penatibus et magnis dis parturient montes, nascetur ridiculus mus.', 3, '2017-02-15'),
	('Quisque porta volutpat erat.', 'Fat Head', 'mpollastrinoi', 'Phasellus sit amet erat. Nulla tempus. Vivamus in felis eu sapien cursus vestibulum.

Proin eu mi. Nulla ac enim. In tempor, turpis nec euismod scelerisque, quam turpis adipiscing lorem, vitae mattis nibh ligula nec sem.', 3, '2011-03-22'),
	('Quisque porta volutpat erat.', 'Firewalker', 'afallows14', 'Proin interdum mauris non ligula pellentesque ultrices. Phasellus id sapien in sapien iaculis congue. Vivamus metus arcu, adipiscing molestie, hendrerit at, vulputate vitae, nisl.

Aenean lectus. Pellentesque eget nunc. Donec quis orci eget orci vehicula condimentum.', 3, '2019-08-27'),
	('Quisque porta volutpat erat.', 'Land That Time Forgot, The', 'jmawd9', 'Duis aliquam convallis nunc. Proin at turpis a pede posuere nonummy. Integer non velit.', 3, '2015-09-06'),
	('Quisque porta volutpat erat.', 'Once Upon a Time in Anatolia (Bir zamanlar Anadolu''da)', 'jhentzer28', 'Pellentesque at nulla. Suspendisse potenti. Cras in purus eu magna vulputate luctus.', 5, '2011-12-17'),
	('Quisque porta volutpat erat.', 'Seraphim Falls', 'saloshkin1y', 'Vestibulum ac est lacinia nisi venenatis tristique. Fusce congue, diam id ornare imperdiet, sapien urna pretium nisl, ut volutpat sapien arcu sed augue. Aliquam erat volutpat.', 2, '2018-01-31'),
	('Quisque porta volutpat erat.', 'Way We Laughed, The (Così Ridevano)', 'dwylieq', 'Nullam porttitor lacus at turpis. Donec posuere metus vitae ipsum. Aliquam non mauris.

Morbi non lectus. Aliquam sit amet diam in magna bibendum imperdiet. Nullam orci pede, venenatis non, sodales sed, tincidunt eu, felis.', 2, '2014-04-28'),
	('Quisque porta volutpat erat.', 'Zombies on Broadway', 'nmacknight2o', 'Lorem ipsum dolor sit amet, consectetuer adipiscing elit. Proin risus. Praesent lectus.', 1, '2016-09-01'),
	('Quisque ut erat.', 'Another Harvest Moon', 'bscarman2r', 'Maecenas ut massa quis augue luctus tincidunt. Nulla mollis molestie lorem. Quisque ut erat.', 5, '2013-04-29'),
	('Quisque ut erat.', 'Awful Truth, The', 'jfakeleyu', 'Vestibulum ac est lacinia nisi venenatis tristique. Fusce congue, diam id ornare imperdiet, sapien urna pretium nisl, ut volutpat sapien arcu sed augue. Aliquam erat volutpat.

In congue. Etiam justo. Etiam pretium iaculis justo.', 3, '2017-08-23'),
	('Quisque ut erat.', 'Breach', 'bhansier', 'Phasellus in felis. Donec semper sapien a libero. Nam dui.', 3, '2014-07-26'),
	('Quisque ut erat.', 'Cross of Iron', 'cchampkins2l', 'Proin leo odio, porttitor id, consequat in, consequat ut, nulla. Sed accumsan felis. Ut at dolor quis odio consequat varius.', 4, '2011-10-18'),
	('Quisque ut erat.', 'Love In the Time of Money', 'oquarless1f', 'Maecenas leo odio, condimentum id, luctus nec, molestie sed, justo. Pellentesque viverra pede ac diam. Cras pellentesque volutpat dui.', 1, '2014-12-04'),
	('Quisque ut erat.', 'Urusei Yatsura Movie 2: Beautiful Dreamer (Urusei Yatsura 2: Byûtifuru dorîmâ)', 'oroderigo2e', 'Duis aliquam convallis nunc. Proin at turpis a pede posuere nonummy. Integer non velit.

Donec diam neque, vestibulum eget, vulputate ut, ultrices vel, augue. Vestibulum ante ipsum primis in faucibus orci luctus et ultrices posuere cubilia Curae; Donec pharetra, magna vestibulum aliquet ultrices, erat tortor sollicitudin mi, sit amet lobortis sapien sapien non mi. Integer ac neque.', 3, '2015-12-05'),
	('Sed accumsan felis.', 'Black Heaven (L''autre monde) (Other World, The)', 'adominy1e', 'Sed ante. Vivamus tortor. Duis mattis egestas metus.', 4, '2013-02-08'),
	('Sed accumsan felis.', 'Chaos', 'budell19', 'Aenean lectus. Pellentesque eget nunc. Donec quis orci eget orci vehicula condimentum.

Curabitur in libero ut massa volutpat convallis. Morbi odio odio, elementum eu, interdum eu, tincidunt in, leo. Maecenas pulvinar lobortis est.', 1, '2012-01-14'),
	('Sed accumsan felis.', 'Golden Thread, The (Subarnarekha)', 'elebbern1l', 'Aenean lectus. Pellentesque eget nunc. Donec quis orci eget orci vehicula condimentum.

Curabitur in libero ut massa volutpat convallis. Morbi odio odio, elementum eu, interdum eu, tincidunt in, leo. Maecenas pulvinar lobortis est.', 2, '2018-10-17'),
	('Sed accumsan felis.', 'Naked Jungle, The', 'mgowdiem', 'Proin interdum mauris non ligula pellentesque ultrices. Phasellus id sapien in sapien iaculis congue. Vivamus metus arcu, adipiscing molestie, hendrerit at, vulputate vitae, nisl.', 3, '2011-01-15'),
	('Sed accumsan felis.', 'New Year''s Eve', 'mgowdiem', 'Phasellus sit amet erat. Nulla tempus. Vivamus in felis eu sapien cursus vestibulum.', 4, '2016-10-04'),
	('Sed ante.', '12', 'ddirkin2a', 'Integer ac leo. Pellentesque ultrices mattis odio. Donec vitae nisi.

Nam ultrices, libero non mattis pulvinar, nulla pede ullamcorper augue, a suscipit nulla elit ac nulla. Sed vel enim sit amet nunc viverra dapibus. Nulla suscipit ligula in lacus.', 1, '2014-03-28'),
	('Sed ante.', 'Fullmetal Alchemist: The Sacred Star of Milos', 'dkunes23', 'Nullam porttitor lacus at turpis. Donec posuere metus vitae ipsum. Aliquam non mauris.

Morbi non lectus. Aliquam sit amet diam in magna bibendum imperdiet. Nullam orci pede, venenatis non, sodales sed, tincidunt eu, felis.', 3, '2016-10-27'),
	('Sed ante.', 'Laffghanistan: Comedy Down Range', 'lshirlaw2n', 'Aliquam quis turpis eget elit sodales scelerisque. Mauris sit amet eros. Suspendisse accumsan tortor quis turpis.

Sed ante. Vivamus tortor. Duis mattis egestas metus.', 2, '2015-04-19'),
	('Sed ante.', 'Mental', 'ckalderong', 'Morbi non lectus. Aliquam sit amet diam in magna bibendum imperdiet. Nullam orci pede, venenatis non, sodales sed, tincidunt eu, felis.

Fusce posuere felis sed lacus. Morbi sem mauris, laoreet ut, rhoncus aliquet, pulvinar sed, nisl. Nunc rhoncus dui vel sem.', 1, '2012-08-22'),
	('Sed ante.', 'Panic', 'oshreenan25', 'Curabitur in libero ut massa volutpat convallis. Morbi odio odio, elementum eu, interdum eu, tincidunt in, leo. Maecenas pulvinar lobortis est.', 2, '2014-07-04'),
	('Sed ante.', 'The Boogens', 'fkarby1k', 'Morbi non lectus. Aliquam sit amet diam in magna bibendum imperdiet. Nullam orci pede, venenatis non, sodales sed, tincidunt eu, felis.

Fusce posuere felis sed lacus. Morbi sem mauris, laoreet ut, rhoncus aliquet, pulvinar sed, nisl. Nunc rhoncus dui vel sem.', 5, '2017-07-23'),
	('Sed sagittis.', 'Colt 38 Special Squad', 'tshallo2p', 'Phasellus in felis. Donec semper sapien a libero. Nam dui.

Proin leo odio, porttitor id, consequat in, consequat ut, nulla. Sed accumsan felis. Ut at dolor quis odio consequat varius.', 4, '2017-06-14'),
	('Sed sagittis.', 'Dark Dungeons', 'hchastanet1i', 'Integer ac leo. Pellentesque ultrices mattis odio. Donec vitae nisi.', 1, '2015-09-10'),
	('Sed sagittis.', 'Paraíso Travel', 'idenes13', 'Nulla ut erat id mauris vulputate elementum. Nullam varius. Nulla facilisi.

Cras non velit nec nisi vulputate nonummy. Maecenas tincidunt lacus at velit. Vivamus vel nulla eget eros elementum pellentesque.', 1, '2012-11-29'),
	('Sed sagittis.', 'Queen: Days of Our Lives', 'rhudd1u', 'Nullam porttitor lacus at turpis. Donec posuere metus vitae ipsum. Aliquam non mauris.

Morbi non lectus. Aliquam sit amet diam in magna bibendum imperdiet. Nullam orci pede, venenatis non, sodales sed, tincidunt eu, felis.', 2, '2011-09-04'),
	('Sed sagittis.', 'Tai Chi Hero', 'adominy1e', 'Curabitur in libero ut massa volutpat convallis. Morbi odio odio, elementum eu, interdum eu, tincidunt in, leo. Maecenas pulvinar lobortis est.', 1, '2011-08-08'),
	('Sed sagittis.', 'Tunes of Glory', 'bbraim2j', 'Phasellus in felis. Donec semper sapien a libero. Nam dui.

Proin leo odio, porttitor id, consequat in, consequat ut, nulla. Sed accumsan felis. Ut at dolor quis odio consequat varius.', 2, '2014-05-27'),
	('Sed vel enim sit amet nunc viverra dapibus.', '247°F ', 'abartomeux', 'Integer ac leo. Pellentesque ultrices mattis odio. Donec vitae nisi.', 4, '2016-06-20'),
	('Sed vel enim sit amet nunc viverra dapibus.', 'Breach', 'twanek3', 'Duis consequat dui nec nisi volutpat eleifend. Donec ut dolor. Morbi vel lectus in quam fringilla rhoncus.

Mauris enim leo, rhoncus sed, vestibulum sit amet, cursus id, turpis. Integer aliquet, massa id lobortis convallis, tortor risus dapibus augue, vel accumsan tellus nisi eu orci. Mauris lacinia sapien quis libero.', 3, '2012-02-12'),
	('Sed vel enim sit amet nunc viverra dapibus.', 'Cold Weather', 'twanek3', 'Nullam porttitor lacus at turpis. Donec posuere metus vitae ipsum. Aliquam non mauris.

Morbi non lectus. Aliquam sit amet diam in magna bibendum imperdiet. Nullam orci pede, venenatis non, sodales sed, tincidunt eu, felis.', 1, '2014-02-06'),
	('Sed vel enim sit amet nunc viverra dapibus.', 'Guilty (Présumé coupable)', 'mwinsor10', 'Sed sagittis. Nam congue, risus semper porta volutpat, quam pede lobortis ligula, sit amet eleifend pede libero quis orci. Nullam molestie nibh in lectus.', 2, '2019-07-09'),
	('Sed vel enim sit amet nunc viverra dapibus.', 'In Name Only', 'yrubinshtein2i', 'Maecenas ut massa quis augue luctus tincidunt. Nulla mollis molestie lorem. Quisque ut erat.', 4, '2013-02-20'),
	('Suspendisse accumsan tortor quis turpis.', 'Act of Seeing with One''s Own Eyes, The ', 'jmawd9', 'Duis bibendum, felis sed interdum venenatis, turpis enim blandit mi, in porttitor pede justo eu massa. Donec dapibus. Duis at velit eu est congue elementum.', 3, '2012-04-23'),
	('Suspendisse accumsan tortor quis turpis.', 'Each Dawn I Die', 'jmawd9', 'Proin interdum mauris non ligula pellentesque ultrices. Phasellus id sapien in sapien iaculis congue. Vivamus metus arcu, adipiscing molestie, hendrerit at, vulputate vitae, nisl.', 2, '2011-10-11'),
	('Suspendisse accumsan tortor quis turpis.', 'Flash Point (a.k.a. Flashpoint) (Dou fo sin)', 'pleivesley2h', 'In hac habitasse platea dictumst. Etiam faucibus cursus urna. Ut tellus.', 4, '2014-01-01'),
	('Suspendisse accumsan tortor quis turpis.', 'Marci X', 'ksteers1z', 'Duis bibendum. Morbi non quam nec dui luctus rutrum. Nulla tellus.

In sagittis dui vel nisl. Duis ac nibh. Fusce lacus purus, aliquet at, feugiat non, pretium quis, lectus.', 5, '2015-02-19'),
	('Suspendisse accumsan tortor quis turpis.', 'Seed', 'budell19', 'Maecenas leo odio, condimentum id, luctus nec, molestie sed, justo. Pellentesque viverra pede ac diam. Cras pellentesque volutpat dui.', 5, '2014-05-19'),
	('Suspendisse accumsan tortor quis turpis.', 'Seed', 'mgowdiem', 'Praesent blandit. Nam nulla. Integer pede justo, lacinia eget, tincidunt eget, tempus vel, pede.', 1, '2012-05-19'),
	('Suspendisse accumsan tortor quis turpis.', 'The Boys', 'budell19', 'In hac habitasse platea dictumst. Etiam faucibus cursus urna. Ut tellus.', 4, '2017-08-05'),
	('Suspendisse ornare consequat lectus.', 'Act of Seeing with One''s Own Eyes, The ', 'bhansier', 'Sed ante. Vivamus tortor. Duis mattis egestas metus.', 2, '2015-08-25'),
	('Suspendisse ornare consequat lectus.', 'Mean Girls 2', 'stavernorp', 'Aliquam quis turpis eget elit sodales scelerisque. Mauris sit amet eros. Suspendisse accumsan tortor quis turpis.

Sed ante. Vivamus tortor. Duis mattis egestas metus.', 5, '2019-11-13'),
	('Suspendisse ornare consequat lectus.', 'Real McCoy, The', 'vjaumety', 'Etiam vel augue. Vestibulum rutrum rutrum neque. Aenean auctor gravida sem.', 5, '2013-05-29'),
	('Suspendisse ornare consequat lectus.', 'Tactical Force', 'fwycherley26', 'Curabitur gravida nisi at nibh. In hac habitasse platea dictumst. Aliquam augue quam, sollicitudin vitae, consectetuer eget, rutrum at, lorem.

Integer tincidunt ante vel ipsum. Praesent blandit lacinia erat. Vestibulum sed magna at nunc commodo placerat.', 5, '2014-06-05'),
	('Suspendisse ornare consequat lectus.', 'Tuvalu', 'dfoulks2c', 'Cras mi pede, malesuada in, imperdiet et, commodo vulputate, justo. In blandit ultrices enim. Lorem ipsum dolor sit amet, consectetuer adipiscing elit.

Proin interdum mauris non ligula pellentesque ultrices. Phasellus id sapien in sapien iaculis congue. Vivamus metus arcu, adipiscing molestie, hendrerit at, vulputate vitae, nisl.', 5, '2015-07-19'),
	('Suspendisse potenti.', 'After the Wedding (Efter brylluppet)', 'msullens1b', 'Sed ante. Vivamus tortor. Duis mattis egestas metus.', 2, '2017-08-25'),
	('Suspendisse potenti.', 'All in a Night''s Work', 'lbrownstein7', 'Aliquam quis turpis eget elit sodales scelerisque. Mauris sit amet eros. Suspendisse accumsan tortor quis turpis.', 5, '2019-03-17'),
	('Suspendisse potenti.', 'Cheerleaders, The', 'nmouths', 'In hac habitasse platea dictumst. Etiam faucibus cursus urna. Ut tellus.', 1, '2017-03-22'),
	('Suspendisse potenti.', 'Children Underground', 'lcarss1t', 'Curabitur in libero ut massa volutpat convallis. Morbi odio odio, elementum eu, interdum eu, tincidunt in, leo. Maecenas pulvinar lobortis est.', 4, '2013-03-31'),
	('Suspendisse potenti.', 'Crips and Bloods: Made in America', 'sgoolding2b', 'Nam ultrices, libero non mattis pulvinar, nulla pede ullamcorper augue, a suscipit nulla elit ac nulla. Sed vel enim sit amet nunc viverra dapibus. Nulla suscipit ligula in lacus.

Curabitur at ipsum ac tellus semper interdum. Mauris ullamcorper purus sit amet nulla. Quisque arcu libero, rutrum ac, lobortis vel, dapibus at, diam.', 4, '2012-05-16'),
	('Suspendisse potenti.', 'Gendernauts', 'dsambedgej', 'Aliquam quis turpis eget elit sodales scelerisque. Mauris sit amet eros. Suspendisse accumsan tortor quis turpis.

Sed ante. Vivamus tortor. Duis mattis egestas metus.', 4, '2016-12-28'),
	('Suspendisse potenti.', 'Green Ice', 'mwinsor10', 'Sed ante. Vivamus tortor. Duis mattis egestas metus.', 4, '2019-01-06'),
	('Suspendisse potenti.', 'Grimm Love (Rohtenburg)', 'ljelleyv', 'Suspendisse potenti. In eleifend quam a odio. In hac habitasse platea dictumst.', 2, '2012-05-27'),
	('Suspendisse potenti.', 'London River', 'fkarby1k', 'Fusce posuere felis sed lacus. Morbi sem mauris, laoreet ut, rhoncus aliquet, pulvinar sed, nisl. Nunc rhoncus dui vel sem.

Sed sagittis. Nam congue, risus semper porta volutpat, quam pede lobortis ligula, sit amet eleifend pede libero quis orci. Nullam molestie nibh in lectus.', 3, '2013-01-06'),
	('Suspendisse potenti.', 'Madhouse', 'mkalderonz', 'Aenean lectus. Pellentesque eget nunc. Donec quis orci eget orci vehicula condimentum.', 4, '2014-12-29'),
	('Suspendisse potenti.', 'Network', 'jhentzer28', 'Proin interdum mauris non ligula pellentesque ultrices. Phasellus id sapien in sapien iaculis congue. Vivamus metus arcu, adipiscing molestie, hendrerit at, vulputate vitae, nisl.

Aenean lectus. Pellentesque eget nunc. Donec quis orci eget orci vehicula condimentum.', 5, '2014-02-13'),
	('Suspendisse potenti.', 'No Direction Home: Bob Dylan', 'bbraim2j', 'In hac habitasse platea dictumst. Morbi vestibulum, velit id pretium iaculis, diam erat fermentum justo, nec condimentum neque sapien placerat ante. Nulla justo.

Aliquam quis turpis eget elit sodales scelerisque. Mauris sit amet eros. Suspendisse accumsan tortor quis turpis.', 1, '2015-10-08'),
	('Suspendisse potenti.', 'Pearls of the Crown, The (Les perles de la couronne)', 'ksteers1z', 'In congue. Etiam justo. Etiam pretium iaculis justo.', 3, '2014-11-27'),
	('Suspendisse potenti.', 'Zeisters (Fat Guy Goes Nutzoid)', 'jaspinall1p', 'Cras mi pede, malesuada in, imperdiet et, commodo vulputate, justo. In blandit ultrices enim. Lorem ipsum dolor sit amet, consectetuer adipiscing elit.', 1, '2013-08-30'),
	('Ut at dolor quis odio consequat varius.', 'Ascension', 'oquarless1f', 'Fusce consequat. Nulla nisl. Nunc nisl.', 1, '2011-11-10'),
	('Ut at dolor quis odio consequat varius.', 'Gothika', 'ckalderong', 'Praesent id massa id nisl venenatis lacinia. Aenean sit amet justo. Morbi ut odio.

Cras mi pede, malesuada in, imperdiet et, commodo vulputate, justo. In blandit ultrices enim. Lorem ipsum dolor sit amet, consectetuer adipiscing elit.', 3, '2015-10-21'),
	('Ut at dolor quis odio consequat varius.', 'Muppet Musicians of Bremen, The', 'mgowdiem', 'Cras non velit nec nisi vulputate nonummy. Maecenas tincidunt lacus at velit. Vivamus vel nulla eget eros elementum pellentesque.', 5, '2019-04-18'),
	('Ut at dolor quis odio consequat varius.', 'Our Vines Have Tender Grapes', 'opetterso', 'Praesent blandit. Nam nulla. Integer pede justo, lacinia eget, tincidunt eget, tempus vel, pede.', 4, '2014-08-08'),
	('Ut at dolor quis odio consequat varius.', 'Riders of the Purple Sage', 'nmacknight2o', 'Cras mi pede, malesuada in, imperdiet et, commodo vulputate, justo. In blandit ultrices enim. Lorem ipsum dolor sit amet, consectetuer adipiscing elit.

Proin interdum mauris non ligula pellentesque ultrices. Phasellus id sapien in sapien iaculis congue. Vivamus metus arcu, adipiscing molestie, hendrerit at, vulputate vitae, nisl.', 3, '2012-09-02'),
	('Ut tellus.', 'Brimstone and Treacle', 'twanek3', 'Aliquam quis turpis eget elit sodales scelerisque. Mauris sit amet eros. Suspendisse accumsan tortor quis turpis.

Sed ante. Vivamus tortor. Duis mattis egestas metus.', 3, '2011-09-11'),
	('Vestibulum ac est lacinia nisi venenatis tristique.', 'Born Romantic', 'oroderigo2e', 'Pellentesque at nulla. Suspendisse potenti. Cras in purus eu magna vulputate luctus.

Cum sociis natoque penatibus et magnis dis parturient montes, nascetur ridiculus mus. Vivamus vestibulum sagittis sapien. Cum sociis natoque penatibus et magnis dis parturient montes, nascetur ridiculus mus.', 2, '2018-07-19'),
	('Vestibulum ac est lacinia nisi venenatis tristique.', 'Fair Game', 'jhentzer28', 'Morbi porttitor lorem id ligula. Suspendisse ornare consequat lectus. In est risus, auctor sed, tristique in, tempus sit amet, sem.', 1, '2013-06-03'),
	('Vestibulum ac est lacinia nisi venenatis tristique.', 'Inconvenient Tax, An', 'dwhiteway2', 'Phasellus sit amet erat. Nulla tempus. Vivamus in felis eu sapien cursus vestibulum.

Proin eu mi. Nulla ac enim. In tempor, turpis nec euismod scelerisque, quam turpis adipiscing lorem, vitae mattis nibh ligula nec sem.', 2, '2012-05-31'),
	('Vestibulum ac est lacinia nisi venenatis tristique.', 'King Is Dancing, The (Le roi danse)', 'sbeddinghamd', 'Duis aliquam convallis nunc. Proin at turpis a pede posuere nonummy. Integer non velit.

Donec diam neque, vestibulum eget, vulputate ut, ultrices vel, augue. Vestibulum ante ipsum primis in faucibus orci luctus et ultrices posuere cubilia Curae; Donec pharetra, magna vestibulum aliquet ultrices, erat tortor sollicitudin mi, sit amet lobortis sapien sapien non mi. Integer ac neque.', 2, '2019-04-24'),
	('Vestibulum ac est lacinia nisi venenatis tristique.', 'Mirage Men', 'dfoulks2c', 'Duis bibendum. Morbi non quam nec dui luctus rutrum. Nulla tellus.

In sagittis dui vel nisl. Duis ac nibh. Fusce lacus purus, aliquet at, feugiat non, pretium quis, lectus.', 4, '2011-03-08'),
	('Vestibulum ac est lacinia nisi venenatis tristique.', 'Naked Jungle, The', 'hcranston1d', 'Quisque porta volutpat erat. Quisque erat eros, viverra eget, congue eget, semper rutrum, nulla. Nunc purus.', 1, '2011-04-30'),
	('Vestibulum ac est lacinia nisi venenatis tristique.', 'Naked Jungle, The', 'lcarss1t', 'Pellentesque at nulla. Suspendisse potenti. Cras in purus eu magna vulputate luctus.', 1, '2017-08-21'),
	('Vestibulum ac est lacinia nisi venenatis tristique.', 'Red Baron, The (Der rote Baron)', 'hdelgado6', 'Etiam vel augue. Vestibulum rutrum rutrum neque. Aenean auctor gravida sem.

Praesent id massa id nisl venenatis lacinia. Aenean sit amet justo. Morbi ut odio.', 2, '2015-12-23'),
	('Vestibulum ac est lacinia nisi venenatis tristique.', 'Return of Martin Guerre, The (Retour de Martin Guerre, Le)', 'mwinsor10', 'Integer tincidunt ante vel ipsum. Praesent blandit lacinia erat. Vestibulum sed magna at nunc commodo placerat.

Praesent blandit. Nam nulla. Integer pede justo, lacinia eget, tincidunt eget, tempus vel, pede.', 5, '2012-06-17'),
	('Vestibulum ac est lacinia nisi venenatis tristique.', 'Zeisters (Fat Guy Goes Nutzoid)', 'ckalderong', 'Cras non velit nec nisi vulputate nonummy. Maecenas tincidunt lacus at velit. Vivamus vel nulla eget eros elementum pellentesque.

Quisque porta volutpat erat. Quisque erat eros, viverra eget, congue eget, semper rutrum, nulla. Nunc purus.', 4, '2015-07-12'),
	('Vestibulum ante ipsum primis in faucibus orci luctus et ultrices posuere cubilia Curae; Donec pharetra, magna vestibulum aliquet ultrices, erat tortor sollicitudin mi, sit amet lobortis sapien sapien non mi.', 'Act of Seeing with One''s Own Eyes, The ', 'elebbern1l', 'Aliquam quis turpis eget elit sodales scelerisque. Mauris sit amet eros. Suspendisse accumsan tortor quis turpis.

Sed ante. Vivamus tortor. Duis mattis egestas metus.', 2, '2018-11-29'),
	('Vestibulum ante ipsum primis in faucibus orci luctus et ultrices posuere cubilia Curae; Donec pharetra, magna vestibulum aliquet ultrices, erat tortor sollicitudin mi, sit amet lobortis sapien sapien non mi.', 'Astronaut''s Wife, The', 'dwylieq', 'Maecenas leo odio, condimentum id, luctus nec, molestie sed, justo. Pellentesque viverra pede ac diam. Cras pellentesque volutpat dui.

Maecenas tristique, est et tempus semper, est quam pharetra magna, ac consequat metus sapien ut nunc. Vestibulum ante ipsum primis in faucibus orci luctus et ultrices posuere cubilia Curae; Mauris viverra diam vitae quam. Suspendisse potenti.', 5, '2014-05-10'),
	('Vestibulum ante ipsum primis in faucibus orci luctus et ultrices posuere cubilia Curae; Donec pharetra, magna vestibulum aliquet ultrices, erat tortor sollicitudin mi, sit amet lobortis sapien sapien non mi.', 'Astronaut''s Wife, The', 'sgoolding2b', 'Nam ultrices, libero non mattis pulvinar, nulla pede ullamcorper augue, a suscipit nulla elit ac nulla. Sed vel enim sit amet nunc viverra dapibus. Nulla suscipit ligula in lacus.

Curabitur at ipsum ac tellus semper interdum. Mauris ullamcorper purus sit amet nulla. Quisque arcu libero, rutrum ac, lobortis vel, dapibus at, diam.', 5, '2011-12-07'),
	('Vestibulum ante ipsum primis in faucibus orci luctus et ultrices posuere cubilia Curae; Donec pharetra, magna vestibulum aliquet ultrices, erat tortor sollicitudin mi, sit amet lobortis sapien sapien non mi.', 'Bachelor Party Vegas', 'vtollow12', 'Curabitur in libero ut massa volutpat convallis. Morbi odio odio, elementum eu, interdum eu, tincidunt in, leo. Maecenas pulvinar lobortis est.

Phasellus sit amet erat. Nulla tempus. Vivamus in felis eu sapien cursus vestibulum.', 5, '2017-09-08'),
	('Vestibulum ante ipsum primis in faucibus orci luctus et ultrices posuere cubilia Curae; Donec pharetra, magna vestibulum aliquet ultrices, erat tortor sollicitudin mi, sit amet lobortis sapien sapien non mi.', 'Five Star Final', 'ckalderong', 'Duis bibendum, felis sed interdum venenatis, turpis enim blandit mi, in porttitor pede justo eu massa. Donec dapibus. Duis at velit eu est congue elementum.', 3, '2015-01-14'),
	('Vestibulum ante ipsum primis in faucibus orci luctus et ultrices posuere cubilia Curae; Donec pharetra, magna vestibulum aliquet ultrices, erat tortor sollicitudin mi, sit amet lobortis sapien sapien non mi.', 'Mean Girls 2', 'jmossop21', 'Duis bibendum. Morbi non quam nec dui luctus rutrum. Nulla tellus.', 4, '2015-11-01'),
	('Vestibulum ante ipsum primis in faucibus orci luctus et ultrices posuere cubilia Curae; Donec pharetra, magna vestibulum aliquet ultrices, erat tortor sollicitudin mi, sit amet lobortis sapien sapien non mi.', 'Our Vines Have Tender Grapes', 'oquarless1f', 'Nulla ut erat id mauris vulputate elementum. Nullam varius. Nulla facilisi.

Cras non velit nec nisi vulputate nonummy. Maecenas tincidunt lacus at velit. Vivamus vel nulla eget eros elementum pellentesque.', 2, '2014-01-06'),
	('Vestibulum ante ipsum primis in faucibus orci luctus et ultrices posuere cubilia Curae; Donec pharetra, magna vestibulum aliquet ultrices, erat tortor sollicitudin mi, sit amet lobortis sapien sapien non mi.', 'The Dust Bowl', 'bbraim2j', 'Vestibulum ac est lacinia nisi venenatis tristique. Fusce congue, diam id ornare imperdiet, sapien urna pretium nisl, ut volutpat sapien arcu sed augue. Aliquam erat volutpat.

In congue. Etiam justo. Etiam pretium iaculis justo.', 4, '2012-10-22'),
	('Vestibulum ante ipsum primis in faucibus orci luctus et ultrices posuere cubilia Curae; Donec pharetra, magna vestibulum aliquet ultrices, erat tortor sollicitudin mi, sit amet lobortis sapien sapien non mi.', 'Thunderbirds Are GO', 'mharrild1n', 'In quis justo. Maecenas rhoncus aliquam lacus. Morbi quis tortor id nulla ultrices aliquet.', 3, '2016-06-22'),
	('Vestibulum ante ipsum primis in faucibus orci luctus et ultrices posuere cubilia Curae; Donec pharetra, magna vestibulum aliquet ultrices, erat tortor sollicitudin mi, sit amet lobortis sapien sapien non mi.', 'Zeisters (Fat Guy Goes Nutzoid)', 'bhansier', 'Maecenas ut massa quis augue luctus tincidunt. Nulla mollis molestie lorem. Quisque ut erat.

Curabitur gravida nisi at nibh. In hac habitasse platea dictumst. Aliquam augue quam, sollicitudin vitae, consectetuer eget, rutrum at, lorem.', 2, '2014-05-30'),
	('Vestibulum ante ipsum primis in faucibus orci luctus et ultrices posuere cubilia Curae; Duis faucibus accumsan odio.', '2:13', 'msullens1b', 'Vestibulum quam sapien, varius ut, blandit non, interdum in, ante. Vestibulum ante ipsum primis in faucibus orci luctus et ultrices posuere cubilia Curae; Duis faucibus accumsan odio. Curabitur convallis.', 4, '2013-03-29'),
	('Vestibulum ante ipsum primis in faucibus orci luctus et ultrices posuere cubilia Curae; Duis faucibus accumsan odio.', 'Another Harvest Moon', 'cjobes1r', 'Quisque porta volutpat erat. Quisque erat eros, viverra eget, congue eget, semper rutrum, nulla. Nunc purus.

Phasellus in felis. Donec semper sapien a libero. Nam dui.', 1, '2013-11-05'),
	('Vestibulum ante ipsum primis in faucibus orci luctus et ultrices posuere cubilia Curae; Duis faucibus accumsan odio.', 'Cross of Iron', 'gkasman1h', 'Phasellus in felis. Donec semper sapien a libero. Nam dui.', 3, '2010-11-26'),
	('Vestibulum ante ipsum primis in faucibus orci luctus et ultrices posuere cubilia Curae; Duis faucibus accumsan odio.', 'Grimm Love (Rohtenburg)', 'oquarless1f', 'Aenean lectus. Pellentesque eget nunc. Donec quis orci eget orci vehicula condimentum.

Curabitur in libero ut massa volutpat convallis. Morbi odio odio, elementum eu, interdum eu, tincidunt in, leo. Maecenas pulvinar lobortis est.', 5, '2013-07-02'),
	('Vestibulum ante ipsum primis in faucibus orci luctus et ultrices posuere cubilia Curae; Duis faucibus accumsan odio.', 'High Tension (Haute tension) (Switchblade Romance)', 'hdelgado6', 'Curabitur gravida nisi at nibh. In hac habitasse platea dictumst. Aliquam augue quam, sollicitudin vitae, consectetuer eget, rutrum at, lorem.

Integer tincidunt ante vel ipsum. Praesent blandit lacinia erat. Vestibulum sed magna at nunc commodo placerat.', 2, '2011-09-17'),
	('Vestibulum ante ipsum primis in faucibus orci luctus et ultrices posuere cubilia Curae; Duis faucibus accumsan odio.', 'Possession, The', 'aagglione1', 'Quisque id justo sit amet sapien dignissim vestibulum. Vestibulum ante ipsum primis in faucibus orci luctus et ultrices posuere cubilia Curae; Nulla dapibus dolor vel est. Donec odio justo, sollicitudin ut, suscipit a, feugiat et, eros.', 5, '2016-08-05'),
	('Vestibulum ante ipsum primis in faucibus orci luctus et ultrices posuere cubilia Curae; Duis faucibus accumsan odio.', 'Seraphim Falls', 'msullens1b', 'Aenean lectus. Pellentesque eget nunc. Donec quis orci eget orci vehicula condimentum.

Curabitur in libero ut massa volutpat convallis. Morbi odio odio, elementum eu, interdum eu, tincidunt in, leo. Maecenas pulvinar lobortis est.', 5, '2017-09-26'),
	('Vestibulum ante ipsum primis in faucibus orci luctus et ultrices posuere cubilia Curae; Duis faucibus accumsan odio.', 'Skin Game, The', 'dfoulks2c', 'Vestibulum ac est lacinia nisi venenatis tristique. Fusce congue, diam id ornare imperdiet, sapien urna pretium nisl, ut volutpat sapien arcu sed augue. Aliquam erat volutpat.', 5, '2012-04-25'),
	('Vestibulum ante ipsum primis in faucibus orci luctus et ultrices posuere cubilia Curae; Duis faucibus accumsan odio.', 'Still Breathing', 'saloshkin1y', 'Cras mi pede, malesuada in, imperdiet et, commodo vulputate, justo. In blandit ultrices enim. Lorem ipsum dolor sit amet, consectetuer adipiscing elit.

Proin interdum mauris non ligula pellentesque ultrices. Phasellus id sapien in sapien iaculis congue. Vivamus metus arcu, adipiscing molestie, hendrerit at, vulputate vitae, nisl.', 5, '2013-01-20'),
	('Vestibulum ante ipsum primis in faucibus orci luctus et ultrices posuere cubilia Curae; Mauris viverra diam vitae quam.', 'Louis C.K.: Chewed Up', 'dwhiteway2', 'Proin eu mi. Nulla ac enim. In tempor, turpis nec euismod scelerisque, quam turpis adipiscing lorem, vitae mattis nibh ligula nec sem.

Duis aliquam convallis nunc. Proin at turpis a pede posuere nonummy. Integer non velit.', 3, '2012-06-25'),
	('Vestibulum ante ipsum primis in faucibus orci luctus et ultrices posuere cubilia Curae; Mauris viverra diam vitae quam.', 'Meet the Deedles', 'dcoggings1x', 'In congue. Etiam justo. Etiam pretium iaculis justo.', 1, '2018-12-24'),
	('Vestibulum ante ipsum primis in faucibus orci luctus et ultrices posuere cubilia Curae; Mauris viverra diam vitae quam.', 'Notorious', 'dcoggings1x', 'Curabitur gravida nisi at nibh. In hac habitasse platea dictumst. Aliquam augue quam, sollicitudin vitae, consectetuer eget, rutrum at, lorem.

Integer tincidunt ante vel ipsum. Praesent blandit lacinia erat. Vestibulum sed magna at nunc commodo placerat.', 1, '2013-02-01'),
	('Vestibulum ante ipsum primis in faucibus orci luctus et ultrices posuere cubilia Curae; Mauris viverra diam vitae quam.', 'Paraíso Travel', 'mgowdiem', 'Duis bibendum. Morbi non quam nec dui luctus rutrum. Nulla tellus.

In sagittis dui vel nisl. Duis ac nibh. Fusce lacus purus, aliquet at, feugiat non, pretium quis, lectus.', 5, '2013-10-20'),
	('Vestibulum ante ipsum primis in faucibus orci luctus et ultrices posuere cubilia Curae; Mauris viverra diam vitae quam.', 'The Hunters', 'jmossop21', 'Nullam sit amet turpis elementum ligula vehicula consequat. Morbi a ipsum. Integer a nibh.', 4, '2019-06-20'),
	('Vestibulum ante ipsum primis in faucibus orci luctus et ultrices posuere cubilia Curae; Nulla dapibus dolor vel est.', 'Crips and Bloods: Made in America', 'nklageman15', 'Mauris enim leo, rhoncus sed, vestibulum sit amet, cursus id, turpis. Integer aliquet, massa id lobortis convallis, tortor risus dapibus augue, vel accumsan tellus nisi eu orci. Mauris lacinia sapien quis libero.', 2, '2014-03-20'),
	('Vestibulum ante ipsum primis in faucibus orci luctus et ultrices posuere cubilia Curae; Nulla dapibus dolor vel est.', 'Each Dawn I Die', 'lcarss1t', 'Fusce consequat. Nulla nisl. Nunc nisl.

Duis bibendum, felis sed interdum venenatis, turpis enim blandit mi, in porttitor pede justo eu massa. Donec dapibus. Duis at velit eu est congue elementum.', 2, '2012-02-11'),
	('Vestibulum ante ipsum primis in faucibus orci luctus et ultrices posuere cubilia Curae; Nulla dapibus dolor vel est.', 'Five Graves to Cairo', 'wpuckett1a', 'Curabitur at ipsum ac tellus semper interdum. Mauris ullamcorper purus sit amet nulla. Quisque arcu libero, rutrum ac, lobortis vel, dapibus at, diam.', 2, '2014-11-26'),
	('Vestibulum ante ipsum primis in faucibus orci luctus et ultrices posuere cubilia Curae; Nulla dapibus dolor vel est.', 'Fullmetal Alchemist: The Sacred Star of Milos', 'ajillardh', 'Fusce consequat. Nulla nisl. Nunc nisl.

Duis bibendum, felis sed interdum venenatis, turpis enim blandit mi, in porttitor pede justo eu massa. Donec dapibus. Duis at velit eu est congue elementum.', 3, '2018-04-24'),
	('Vestibulum ante ipsum primis in faucibus orci luctus et ultrices posuere cubilia Curae; Nulla dapibus dolor vel est.', 'New Year''s Eve', 'mprickettk', 'Nullam sit amet turpis elementum ligula vehicula consequat. Morbi a ipsum. Integer a nibh.', 4, '2015-07-19'),
	('Vestibulum ante ipsum primis in faucibus orci luctus et ultrices posuere cubilia Curae; Nulla dapibus dolor vel est.', 'Once a Thief (Zong heng si hai)', 'wpuckett1a', 'Curabitur at ipsum ac tellus semper interdum. Mauris ullamcorper purus sit amet nulla. Quisque arcu libero, rutrum ac, lobortis vel, dapibus at, diam.', 1, '2011-01-02'),
	('Vestibulum quam sapien, varius ut, blandit non, interdum in, ante.', '12', 'mloveitt2f', 'Duis consequat dui nec nisi volutpat eleifend. Donec ut dolor. Morbi vel lectus in quam fringilla rhoncus.

Mauris enim leo, rhoncus sed, vestibulum sit amet, cursus id, turpis. Integer aliquet, massa id lobortis convallis, tortor risus dapibus augue, vel accumsan tellus nisi eu orci. Mauris lacinia sapien quis libero.', 5, '2015-07-15'),
	('Vestibulum quam sapien, varius ut, blandit non, interdum in, ante.', 'Braddock: Missing in Action III', 'yrubinshtein2i', 'Maecenas tristique, est et tempus semper, est quam pharetra magna, ac consequat metus sapien ut nunc. Vestibulum ante ipsum primis in faucibus orci luctus et ultrices posuere cubilia Curae; Mauris viverra diam vitae quam. Suspendisse potenti.

Nullam porttitor lacus at turpis. Donec posuere metus vitae ipsum. Aliquam non mauris.', 5, '2013-03-21'),
	('Vestibulum quam sapien, varius ut, blandit non, interdum in, ante.', 'Chaos', 'mverlanderc', 'Maecenas ut massa quis augue luctus tincidunt. Nulla mollis molestie lorem. Quisque ut erat.

Curabitur gravida nisi at nibh. In hac habitasse platea dictumst. Aliquam augue quam, sollicitudin vitae, consectetuer eget, rutrum at, lorem.', 2, '2011-06-02'),
	('Vestibulum quam sapien, varius ut, blandit non, interdum in, ante.', 'Cheerleaders, The', 'abartomeux', 'Aenean fermentum. Donec ut mauris eget massa tempor convallis. Nulla neque libero, convallis eget, eleifend luctus, ultricies eu, nibh.

Quisque id justo sit amet sapien dignissim vestibulum. Vestibulum ante ipsum primis in faucibus orci luctus et ultrices posuere cubilia Curae; Nulla dapibus dolor vel est. Donec odio justo, sollicitudin ut, suscipit a, feugiat et, eros.', 4, '2013-07-09'),
	('Vestibulum quam sapien, varius ut, blandit non, interdum in, ante.', 'Fullmetal Alchemist: The Sacred Star of Milos', 'jmossop21', 'Nulla ut erat id mauris vulputate elementum. Nullam varius. Nulla facilisi.

Cras non velit nec nisi vulputate nonummy. Maecenas tincidunt lacus at velit. Vivamus vel nulla eget eros elementum pellentesque.', 3, '2012-04-04'),
	('Vestibulum quam sapien, varius ut, blandit non, interdum in, ante.', 'Funeral Parade of Roses (Bara no sôretsu)', 'mboulden4', 'Maecenas ut massa quis augue luctus tincidunt. Nulla mollis molestie lorem. Quisque ut erat.

Curabitur gravida nisi at nibh. In hac habitasse platea dictumst. Aliquam augue quam, sollicitudin vitae, consectetuer eget, rutrum at, lorem.', 4, '2013-06-17'),
	('Vestibulum quam sapien, varius ut, blandit non, interdum in, ante.', 'I''m the One That I Want', 'aagglione1', 'Cras non velit nec nisi vulputate nonummy. Maecenas tincidunt lacus at velit. Vivamus vel nulla eget eros elementum pellentesque.', 1, '2019-03-26'),
	('Vestibulum quam sapien, varius ut, blandit non, interdum in, ante.', 'Notorious', 'budell19', 'Morbi porttitor lorem id ligula. Suspendisse ornare consequat lectus. In est risus, auctor sed, tristique in, tempus sit amet, sem.', 2, '2019-08-09'),
	('Vestibulum quam sapien, varius ut, blandit non, interdum in, ante.', 'Riders of the Purple Sage', 'smariyushkin2d', 'Suspendisse potenti. In eleifend quam a odio. In hac habitasse platea dictumst.', 4, '2014-09-15'),
	('Vestibulum quam sapien, varius ut, blandit non, interdum in, ante.', 'Shadow Dancer, The (Shadows in the Sun)', 'jmawd9', 'Proin leo odio, porttitor id, consequat in, consequat ut, nulla. Sed accumsan felis. Ut at dolor quis odio consequat varius.', 2, '2011-02-18'),
	('Vestibulum rutrum rutrum neque.', 'Altered Carbon', 'mloveitt2f', 'Vestibulum quam sapien, varius ut, blandit non, interdum in, ante. Vestibulum ante ipsum primis in faucibus orci luctus et ultrices posuere cubilia Curae; Duis faucibus accumsan odio. Curabitur convallis.

Duis consequat dui nec nisi volutpat eleifend. Donec ut dolor. Morbi vel lectus in quam fringilla rhoncus.', 1, '2018-02-14'),
	('Vestibulum rutrum rutrum neque.', 'Assault, The (Aanslag, De)', 'vtollow12', 'Duis aliquam convallis nunc. Proin at turpis a pede posuere nonummy. Integer non velit.

Donec diam neque, vestibulum eget, vulputate ut, ultrices vel, augue. Vestibulum ante ipsum primis in faucibus orci luctus et ultrices posuere cubilia Curae; Donec pharetra, magna vestibulum aliquet ultrices, erat tortor sollicitudin mi, sit amet lobortis sapien sapien non mi. Integer ac neque.', 3, '2017-05-28'),
	('Vestibulum rutrum rutrum neque.', 'Enemy Below, The', 'dsambedgej', 'In congue. Etiam justo. Etiam pretium iaculis justo.', 1, '2018-09-09'),
	('Vestibulum rutrum rutrum neque.', 'Fullmetal Alchemist: The Sacred Star of Milos', 'vtollow12', 'Aenean fermentum. Donec ut mauris eget massa tempor convallis. Nulla neque libero, convallis eget, eleifend luctus, ultricies eu, nibh.', 1, '2015-06-20'),
	('Vestibulum rutrum rutrum neque.', 'Human Lanterns (Ren pi deng long)', 'dsambedgej', 'Vestibulum ac est lacinia nisi venenatis tristique. Fusce congue, diam id ornare imperdiet, sapien urna pretium nisl, ut volutpat sapien arcu sed augue. Aliquam erat volutpat.', 3, '2014-12-22'),
	('Vestibulum rutrum rutrum neque.', 'Lady Oscar', 'jaspinall1p', 'Proin leo odio, porttitor id, consequat in, consequat ut, nulla. Sed accumsan felis. Ut at dolor quis odio consequat varius.

Integer ac leo. Pellentesque ultrices mattis odio. Donec vitae nisi.', 3, '2017-12-30'),
	('Vestibulum rutrum rutrum neque.', 'New Year''s Eve', 'fkarby1k', 'Sed ante. Vivamus tortor. Duis mattis egestas metus.

Aenean fermentum. Donec ut mauris eget massa tempor convallis. Nulla neque libero, convallis eget, eleifend luctus, ultricies eu, nibh.', 2, '2015-09-07'),
	('Vestibulum rutrum rutrum neque.', 'Self-Made Hero, A (Un héros très discret)', 'rhudd1u', 'Duis aliquam convallis nunc. Proin at turpis a pede posuere nonummy. Integer non velit.', 1, '2012-01-29'),
	('Vestibulum rutrum rutrum neque.', 'Sinbad: Legend of the Seven Seas', 'mshearmur1v', 'Curabitur in libero ut massa volutpat convallis. Morbi odio odio, elementum eu, interdum eu, tincidunt in, leo. Maecenas pulvinar lobortis est.

Phasellus sit amet erat. Nulla tempus. Vivamus in felis eu sapien cursus vestibulum.', 2, '2017-10-18'),
	('Vestibulum rutrum rutrum neque.', 'The Uninvited Guest', 'mloveitt2f', 'Mauris enim leo, rhoncus sed, vestibulum sit amet, cursus id, turpis. Integer aliquet, massa id lobortis convallis, tortor risus dapibus augue, vel accumsan tellus nisi eu orci. Mauris lacinia sapien quis libero.

Nullam sit amet turpis elementum ligula vehicula consequat. Morbi a ipsum. Integer a nibh.', 4, '2016-07-29'),
	('Vestibulum sed magna at nunc commodo placerat.', 'Braddock: Missing in Action III', 'ceidlerw', 'Vestibulum quam sapien, varius ut, blandit non, interdum in, ante. Vestibulum ante ipsum primis in faucibus orci luctus et ultrices posuere cubilia Curae; Duis faucibus accumsan odio. Curabitur convallis.', 5, '2015-01-14'),
	('Vestibulum sed magna at nunc commodo placerat.', 'Floods of Fear', 'mprickettk', 'Proin interdum mauris non ligula pellentesque ultrices. Phasellus id sapien in sapien iaculis congue. Vivamus metus arcu, adipiscing molestie, hendrerit at, vulputate vitae, nisl.', 4, '2011-05-22'),
	('Vestibulum sed magna at nunc commodo placerat.', 'Jive Turkey', 'yrubinshtein2i', 'Aenean lectus. Pellentesque eget nunc. Donec quis orci eget orci vehicula condimentum.', 2, '2012-10-21'),
	('Vestibulum sed magna at nunc commodo placerat.', 'Madhouse', 'adominy1e', 'Duis aliquam convallis nunc. Proin at turpis a pede posuere nonummy. Integer non velit.

Donec diam neque, vestibulum eget, vulputate ut, ultrices vel, augue. Vestibulum ante ipsum primis in faucibus orci luctus et ultrices posuere cubilia Curae; Donec pharetra, magna vestibulum aliquet ultrices, erat tortor sollicitudin mi, sit amet lobortis sapien sapien non mi. Integer ac neque.', 4, '2017-11-06'),
	('Vestibulum sed magna at nunc commodo placerat.', 'Planet of the Vampires (Terrore nello spazio)', 'rlinnit2g', 'Curabitur gravida nisi at nibh. In hac habitasse platea dictumst. Aliquam augue quam, sollicitudin vitae, consectetuer eget, rutrum at, lorem.', 2, '2014-11-01'),
	('Vestibulum sed magna at nunc commodo placerat.', 'The Trap', 'pleivesley2h', 'Vestibulum ac est lacinia nisi venenatis tristique. Fusce congue, diam id ornare imperdiet, sapien urna pretium nisl, ut volutpat sapien arcu sed augue. Aliquam erat volutpat.

In congue. Etiam justo. Etiam pretium iaculis justo.', 3, '2017-06-28'),
	('Vestibulum sed magna at nunc commodo placerat.', 'Thunderbirds Are GO', 'jfakeleyu', 'In quis justo. Maecenas rhoncus aliquam lacus. Morbi quis tortor id nulla ultrices aliquet.', 2, '2018-04-03'),
	('Vestibulum sed magna at nunc commodo placerat.', 'To the Sea (Alamar)', 'dkunes23', 'Cum sociis natoque penatibus et magnis dis parturient montes, nascetur ridiculus mus. Vivamus vestibulum sagittis sapien. Cum sociis natoque penatibus et magnis dis parturient montes, nascetur ridiculus mus.

Etiam vel augue. Vestibulum rutrum rutrum neque. Aenean auctor gravida sem.', 1, '2019-05-21'),
	('Vivamus in felis eu sapien cursus vestibulum.', 'Baby Take a Bow', 'opetterso', 'Proin eu mi. Nulla ac enim. In tempor, turpis nec euismod scelerisque, quam turpis adipiscing lorem, vitae mattis nibh ligula nec sem.', 4, '2019-02-03'),
	('Vivamus in felis eu sapien cursus vestibulum.', 'Champion, The', 'bscarman2r', 'In hac habitasse platea dictumst. Etiam faucibus cursus urna. Ut tellus.', 2, '2014-01-19'),
	('Vivamus in felis eu sapien cursus vestibulum.', 'Chernobyl', 'dkunes23', 'Vestibulum quam sapien, varius ut, blandit non, interdum in, ante. Vestibulum ante ipsum primis in faucibus orci luctus et ultrices posuere cubilia Curae; Duis faucibus accumsan odio. Curabitur convallis.', 3, '2019-05-26'),
	('Vivamus in felis eu sapien cursus vestibulum.', 'No Direction Home: Bob Dylan', 'sbeddinghamd', 'Curabitur gravida nisi at nibh. In hac habitasse platea dictumst. Aliquam augue quam, sollicitudin vitae, consectetuer eget, rutrum at, lorem.', 2, '2016-03-23'),
	('Vivamus in felis eu sapien cursus vestibulum.', 'Planet of the Vampires (Terrore nello spazio)', 'hcranston1d', 'Cras non velit nec nisi vulputate nonummy. Maecenas tincidunt lacus at velit. Vivamus vel nulla eget eros elementum pellentesque.

Quisque porta volutpat erat. Quisque erat eros, viverra eget, congue eget, semper rutrum, nulla. Nunc purus.', 4, '2017-11-15'),
	('Vivamus in felis eu sapien cursus vestibulum.', 'Seed', 'nmouths', 'Aliquam quis turpis eget elit sodales scelerisque. Mauris sit amet eros. Suspendisse accumsan tortor quis turpis.

Sed ante. Vivamus tortor. Duis mattis egestas metus.', 2, '2015-10-18'),
	('Vivamus in felis eu sapien cursus vestibulum.', 'The Devil Thumbs a Ride', 'mloveitt2f', 'Praesent id massa id nisl venenatis lacinia. Aenean sit amet justo. Morbi ut odio.

Cras mi pede, malesuada in, imperdiet et, commodo vulputate, justo. In blandit ultrices enim. Lorem ipsum dolor sit amet, consectetuer adipiscing elit.', 5, '2012-03-18'),
	('Vivamus metus arcu, adipiscing molestie, hendrerit at, vulputate vitae, nisl.', 'Brother 2 (Brat 2)', 'tcoultish2q', 'In hac habitasse platea dictumst. Morbi vestibulum, velit id pretium iaculis, diam erat fermentum justo, nec condimentum neque sapien placerat ante. Nulla justo.

Aliquam quis turpis eget elit sodales scelerisque. Mauris sit amet eros. Suspendisse accumsan tortor quis turpis.', 4, '2015-12-09'),
	('Vivamus metus arcu, adipiscing molestie, hendrerit at, vulputate vitae, nisl.', 'Fullmetal Alchemist: The Sacred Star of Milos', 'dcoggings1x', 'Curabitur gravida nisi at nibh. In hac habitasse platea dictumst. Aliquam augue quam, sollicitudin vitae, consectetuer eget, rutrum at, lorem.

Integer tincidunt ante vel ipsum. Praesent blandit lacinia erat. Vestibulum sed magna at nunc commodo placerat.', 1, '2017-01-22'),
	('Vivamus metus arcu, adipiscing molestie, hendrerit at, vulputate vitae, nisl.', 'Laffghanistan: Comedy Down Range', 'mloveitt2f', 'Proin interdum mauris non ligula pellentesque ultrices. Phasellus id sapien in sapien iaculis congue. Vivamus metus arcu, adipiscing molestie, hendrerit at, vulputate vitae, nisl.

Aenean lectus. Pellentesque eget nunc. Donec quis orci eget orci vehicula condimentum.', 5, '2016-07-06'),
	('Vivamus metus arcu, adipiscing molestie, hendrerit at, vulputate vitae, nisl.', 'Red Garters', 'mpollastrinoi', 'Maecenas leo odio, condimentum id, luctus nec, molestie sed, justo. Pellentesque viverra pede ac diam. Cras pellentesque volutpat dui.

Maecenas tristique, est et tempus semper, est quam pharetra magna, ac consequat metus sapien ut nunc. Vestibulum ante ipsum primis in faucibus orci luctus et ultrices posuere cubilia Curae; Mauris viverra diam vitae quam. Suspendisse potenti.', 2, '2017-09-05'),
	('Vivamus metus arcu, adipiscing molestie, hendrerit at, vulputate vitae, nisl.', 'Still Breathing', 'mrainey2k', 'Duis consequat dui nec nisi volutpat eleifend. Donec ut dolor. Morbi vel lectus in quam fringilla rhoncus.

Mauris enim leo, rhoncus sed, vestibulum sit amet, cursus id, turpis. Integer aliquet, massa id lobortis convallis, tortor risus dapibus augue, vel accumsan tellus nisi eu orci. Mauris lacinia sapien quis libero.', 5, '2015-09-13'),
	('Vivamus tortor.', 'Big Deal on Madonna Street (I Soliti Ignoti)', 'mwinsor10', 'Cum sociis natoque penatibus et magnis dis parturient montes, nascetur ridiculus mus. Vivamus vestibulum sagittis sapien. Cum sociis natoque penatibus et magnis dis parturient montes, nascetur ridiculus mus.

Etiam vel augue. Vestibulum rutrum rutrum neque. Aenean auctor gravida sem.', 5, '2018-05-31'),
	('Vivamus tortor.', 'Enemy Below, The', 'dfoulks2c', 'Nullam sit amet turpis elementum ligula vehicula consequat. Morbi a ipsum. Integer a nibh.

In quis justo. Maecenas rhoncus aliquam lacus. Morbi quis tortor id nulla ultrices aliquet.', 2, '2017-03-28'),
	('Vivamus tortor.', 'Farmer''s Wife, The', 'elebbern1l', 'Aliquam quis turpis eget elit sodales scelerisque. Mauris sit amet eros. Suspendisse accumsan tortor quis turpis.', 4, '2012-08-05'),
	('Vivamus vel nulla eget eros elementum pellentesque.', '28 Days Later', 'adominy1e', 'Nulla ut erat id mauris vulputate elementum. Nullam varius. Nulla facilisi.

Cras non velit nec nisi vulputate nonummy. Maecenas tincidunt lacus at velit. Vivamus vel nulla eget eros elementum pellentesque.', 3, '2016-01-31'),
	('Vivamus vel nulla eget eros elementum pellentesque.', 'Black Mirror', 'ayoungea', 'In hac habitasse platea dictumst. Morbi vestibulum, velit id pretium iaculis, diam erat fermentum justo, nec condimentum neque sapien placerat ante. Nulla justo.', 3, '2016-02-29'),
	('Vivamus vel nulla eget eros elementum pellentesque.', 'Chaos', 'jmawd9', 'Quisque id justo sit amet sapien dignissim vestibulum. Vestibulum ante ipsum primis in faucibus orci luctus et ultrices posuere cubilia Curae; Nulla dapibus dolor vel est. Donec odio justo, sollicitudin ut, suscipit a, feugiat et, eros.

Vestibulum ac est lacinia nisi venenatis tristique. Fusce congue, diam id ornare imperdiet, sapien urna pretium nisl, ut volutpat sapien arcu sed augue. Aliquam erat volutpat.', 2, '2013-10-06'),
	('Vivamus vel nulla eget eros elementum pellentesque.', 'History of Hell (Rosas Höllenfahrt)', 'mboulden4', 'Nulla ut erat id mauris vulputate elementum. Nullam varius. Nulla facilisi.', 3, '2014-07-27'),
	('Vivamus vel nulla eget eros elementum pellentesque.', 'Mental', 'wayliffe24', 'Vestibulum ac est lacinia nisi venenatis tristique. Fusce congue, diam id ornare imperdiet, sapien urna pretium nisl, ut volutpat sapien arcu sed augue. Aliquam erat volutpat.

In congue. Etiam justo. Etiam pretium iaculis justo.', 2, '2010-12-03'),
	('Vivamus vel nulla eget eros elementum pellentesque.', 'Seaside (Bord de Mer)', 'nmacknight2o', 'In quis justo. Maecenas rhoncus aliquam lacus. Morbi quis tortor id nulla ultrices aliquet.

Maecenas leo odio, condimentum id, luctus nec, molestie sed, justo. Pellentesque viverra pede ac diam. Cras pellentesque volutpat dui.', 1, '2014-10-22'),
	('Vivamus vel nulla eget eros elementum pellentesque.', 'Skin Game, The', 'hchastanet1i', 'Quisque porta volutpat erat. Quisque erat eros, viverra eget, congue eget, semper rutrum, nulla. Nunc purus.', 1, '2017-05-29'),
	('Vivamus vel nulla eget eros elementum pellentesque.', 'The Expanse', 'dsambedgej', 'Maecenas tristique, est et tempus semper, est quam pharetra magna, ac consequat metus sapien ut nunc. Vestibulum ante ipsum primis in faucibus orci luctus et ultrices posuere cubilia Curae; Mauris viverra diam vitae quam. Suspendisse potenti.', 4, '2011-11-07'),
	('Vivamus vestibulum sagittis sapien.', 'Castle in the Desert (Charlie Chan in Castle in the Desert)', 'saloshkin1y', 'Mauris enim leo, rhoncus sed, vestibulum sit amet, cursus id, turpis. Integer aliquet, massa id lobortis convallis, tortor risus dapibus augue, vel accumsan tellus nisi eu orci. Mauris lacinia sapien quis libero.

Nullam sit amet turpis elementum ligula vehicula consequat. Morbi a ipsum. Integer a nibh.', 5, '2015-07-09'),
	('Vivamus vestibulum sagittis sapien.', 'Mystery (Fu cheng mi shi)', 'rhudd1u', 'Nam ultrices, libero non mattis pulvinar, nulla pede ullamcorper augue, a suscipit nulla elit ac nulla. Sed vel enim sit amet nunc viverra dapibus. Nulla suscipit ligula in lacus.', 3, '2011-07-02'),
	('Vivamus vestibulum sagittis sapien.', 'Sinbad: Legend of the Seven Seas', 'tcleverly1g', 'Mauris enim leo, rhoncus sed, vestibulum sit amet, cursus id, turpis. Integer aliquet, massa id lobortis convallis, tortor risus dapibus augue, vel accumsan tellus nisi eu orci. Mauris lacinia sapien quis libero.

Nullam sit amet turpis elementum ligula vehicula consequat. Morbi a ipsum. Integer a nibh.', 1, '2013-11-01'),
	('Vivamus vestibulum sagittis sapien.', 'Still Breathing', 'vjaumety', 'Duis bibendum. Morbi non quam nec dui luctus rutrum. Nulla tellus.', 5, '2018-03-19');
